2026-04-13T09:22:05.488Z - --- Matching for 22.798434242721534, 75.92257872586505 (Found 2 active riders) ---
2026-04-13T09:22:05.490Z - Rider: Marcus V., Pos: 22.5479,75.7564, Dist: 32.662km
2026-04-13T09:22:05.490Z - Rider: Marcus V., Pos: 22.798434242721534,75.92257872586505, Dist: 0.000km
2026-04-13T09:22:05.491Z - New Order: 58, Balaji Enclave, Manglaya Sadak, Indore, Madhya Pradesh 453771, India, Lat: 22.798434242721534, Lng: 75.92257872586505
2026-04-13T09:22:05.491Z - Nearby Found: 1
2026-04-13T09:46:00.967Z - --- Matching for 22.798434242721534, 75.92257872586505 (Found 2 active riders) ---
2026-04-13T09:46:00.980Z - Rider: Marcus V., Pos: 22.5479,75.7564, Dist: 32.662km
2026-04-13T09:46:00.981Z - Rider: Marcus V., Pos: 22.798434242721534,75.92257872586505, Dist: 0.000km
2026-04-13T09:46:00.982Z - New Order: 58, Balaji Enclave, Manglaya Sadak, Indore, Madhya Pradesh 453771, India, Lat: 22.798434242721534, Lng: 75.92257872586505
2026-04-13T09:46:00.983Z - Nearby Found: 1
2026-04-13T09:50:53.961Z - --- Matching for 22.798434242721534, 75.92257872586505 (Found 2 active riders) ---
2026-04-13T09:50:53.963Z - Rider: Marcus V., Pos: 22.5479,75.7564, Dist: 32.662km
2026-04-13T09:50:53.964Z - Rider: Marcus V., Pos: 22.798434242721534,75.92257872586505, Dist: 0.000km
2026-04-13T09:50:53.965Z - New Order: 58, Balaji Enclave, Manglaya Sadak, Indore, Madhya Pradesh 453771, India, Lat: 22.798434242721534, Lng: 75.92257872586505
2026-04-13T09:50:53.965Z - Nearby Found: 1
2026-04-13T10:03:03.574Z - --- Matching for 22.798434242721534, 75.92257872586505 (Found 2 active riders) ---
2026-04-13T10:03:03.576Z - Rider: Marcus V., Pos: 22.5479,75.7564, Dist: 32.662km
2026-04-13T10:03:03.577Z - Rider: Marcus V., Pos: 22.798434242721534,75.92257872586505, Dist: 0.000km
2026-04-13T10:03:03.578Z - New Order: 58, Balaji Enclave, Manglaya Sadak, Indore, Madhya Pradesh 453771, India, Lat: 22.798434242721534, Lng: 75.92257872586505
2026-04-13T10:03:03.579Z - Nearby Found: 1
2026-04-13T10:18:58.096Z - --- Matching for 22.798434242721534, 75.92257872586505 (Found 2 active riders) ---
2026-04-13T10:18:58.098Z - Rider: Marcus V., Pos: 22.5479,75.7564, Dist: 32.662km
2026-04-13T10:18:58.099Z - Rider: Marcus V., Pos: 22.798434242721534,75.92257872586505, Dist: 0.000km
2026-04-13T10:18:58.100Z - New Order: 58, Balaji Enclave, Manglaya Sadak, Indore, Madhya Pradesh 453771, India, Lat: 22.798434242721534, Lng: 75.92257872586505
2026-04-13T10:18:58.101Z - Nearby Found: 1
2026-04-13T10:18:59.246Z - --- Matching for 22.798434242721534, 75.92257872586505 (Found 2 active riders) ---
2026-04-13T10:18:59.247Z - Rider: Marcus V., Pos: 22.5479,75.7564, Dist: 32.662km
2026-04-13T10:18:59.248Z - Rider: Marcus V., Pos: 22.798434242721534,75.92257872586505, Dist: 0.000km
2026-04-13T10:18:59.248Z - New Order: 58, Balaji Enclave, Manglaya Sadak, Indore, Madhya Pradesh 453771, India, Lat: 22.798434242721534, Lng: 75.92257872586505
2026-04-13T10:18:59.248Z - Nearby Found: 1
2026-04-13T11:16:32.639Z - --- Matching for 22.798434242721534, 75.92257872586505 (Found 2 active riders) ---
2026-04-13T11:16:32.652Z - Rider: Marcus V., Pos: 22.5479,75.7564, Dist: 32.662km
2026-04-13T11:16:32.653Z - Rider: Marcus V., Pos: 22.798434242721534,75.92257872586505, Dist: 0.000km
2026-04-13T11:37:27.741Z - --- Matching for 22.798434242721534, 75.92257872586505 (Found 2 active riders) ---
2026-04-13T11:37:27.742Z - Rider: Marcus V., Pos: 22.5479,75.7564, Dist: 32.662km
2026-04-13T11:37:27.743Z - Rider: Marcus V., Pos: 22.798434242721534,75.92257872586505, Dist: 0.000km
2026-04-13T11:58:57.141Z - --- Matching for 22.798434242721534, 75.92257872586505 (Found 2 active riders) ---
2026-04-13T11:58:57.142Z - Rider: Marcus V., Pos: 22.5479,75.7564, Dist: 32.662km
2026-04-13T11:58:57.143Z - Rider: Marcus V., Pos: 22.798434242721534,75.92257872586505, Dist: 0.000km
2026-04-13T12:10:21.414Z - --- Matching for 22.798434242721534, 75.92257872586505 (Found 2 active riders) ---
2026-04-13T12:10:21.416Z - Rider: Marcus V., Pos: 22.5479,75.7564, Dist: 32.662km
2026-04-13T12:10:21.417Z - Rider: Marcus V., Pos: 22.798434242721534,75.92257872586505, Dist: 0.000km
2026-04-13T12:12:13.772Z - --- Matching for 22.798434242721534, 75.92257872586505 (Found 2 active riders) ---
2026-04-13T12:12:13.774Z - Rider: Marcus V., Pos: 22.5479,75.7564, Dist: 32.662km
2026-04-13T12:12:13.776Z - Rider: Marcus V., Pos: 22.798434242721534,75.92257872586505, Dist: 0.000km
2026-04-13T12:14:38.080Z - --- Matching for 22.798434242721534, 75.92257872586505 (Found 2 active riders) ---
2026-04-13T12:14:38.082Z - Rider: Marcus V., Pos: 22.5479,75.7564, Dist: 32.662km
2026-04-13T12:14:38.083Z - Rider: Marcus V., Pos: 22.798434242721534,75.92257872586505, Dist: 0.000km
2026-04-13T12:15:28.626Z - --- Matching for 22.798434242721534, 75.92257872586505 (Found 2 active riders) ---
2026-04-13T12:15:28.628Z - Rider: Marcus V., Pos: 22.5479,75.7564, Dist: 32.662km
2026-04-13T12:15:28.630Z - Rider: Marcus V., Pos: 22.798434242721534,75.92257872586505, Dist: 0.000km
2026-04-14T05:21:05.079Z - Order #EZ-4654 created. Finding nearby vendors... Found: 1
2026-04-14T05:21:05.085Z - Broadcasting to vendor room: user_69dc903c3386c4d76f1d0580
2026-04-14T05:26:26.470Z - Order #EZ-6689 created. Finding nearby vendors... Found: 1
2026-04-14T05:26:26.473Z - Broadcasting to vendor room: user_69dc903c3386c4d76f1d0580
2026-04-14T05:30:49.066Z - Order #EZ-5561 created. Finding nearby vendors... Found: 1
2026-04-14T05:30:49.071Z - Broadcasting to vendor room: user_69dc903c3386c4d76f1d0580
2026-04-14T05:55:09.430Z - SOCKET_JOIN - Client WzdmlUCH45NrIlKFAAAB -> user_69dc903c3386c4d76f1d0580
2026-04-14T05:55:09.601Z - SOCKET_JOIN - Client WzdmlUCH45NrIlKFAAAB -> user_69dc903c3386c4d76f1d0580
2026-04-14T05:55:09.603Z - SOCKET_JOIN - Client WzdmlUCH45NrIlKFAAAB -> vendors_pool
2026-04-14T05:55:09.604Z - SOCKET_JOIN - Client WzdmlUCH45NrIlKFAAAB -> user_69dc903c3386c4d76f1d0580
2026-04-14T05:55:09.605Z - SOCKET_JOIN - Client WzdmlUCH45NrIlKFAAAB -> user_69dc903c3386c4d76f1d0580
2026-04-14T05:55:09.610Z - SOCKET_JOIN - Client WzdmlUCH45NrIlKFAAAB -> vendors_pool
2026-04-14T05:55:09.613Z - SOCKET_JOIN - Client WzdmlUCH45NrIlKFAAAB -> user_69dc903c3386c4d76f1d0580
2026-04-14T05:55:09.616Z - SOCKET_JOIN - Client WzdmlUCH45NrIlKFAAAB -> user_69dc903c3386c4d76f1d0580
2026-04-14T05:55:09.618Z - SOCKET_JOIN - Client WzdmlUCH45NrIlKFAAAB -> user_69dc903c3386c4d76f1d0580
2026-04-14T05:55:09.619Z - SOCKET_JOIN - Client WzdmlUCH45NrIlKFAAAB -> user_69dc903c3386c4d76f1d0580
2026-04-14T05:55:29.527Z - SOCKET_JOIN - Client u6gPeJjT4ZiMkTjgAAAD -> user_69dc903c3386c4d76f1d0580
2026-04-14T05:55:29.645Z - SOCKET_JOIN - Client u6gPeJjT4ZiMkTjgAAAD -> user_69dc903c3386c4d76f1d0580
2026-04-14T05:55:29.648Z - SOCKET_JOIN - Client u6gPeJjT4ZiMkTjgAAAD -> vendors_pool
2026-04-14T05:55:29.651Z - SOCKET_JOIN - Client u6gPeJjT4ZiMkTjgAAAD -> user_69dc903c3386c4d76f1d0580
2026-04-14T05:55:29.654Z - SOCKET_JOIN - Client u6gPeJjT4ZiMkTjgAAAD -> user_69dc903c3386c4d76f1d0580
2026-04-14T05:55:29.656Z - SOCKET_JOIN - Client u6gPeJjT4ZiMkTjgAAAD -> vendors_pool
2026-04-14T05:55:29.658Z - SOCKET_JOIN - Client u6gPeJjT4ZiMkTjgAAAD -> user_69dc903c3386c4d76f1d0580
2026-04-14T05:55:29.661Z - SOCKET_JOIN - Client u6gPeJjT4ZiMkTjgAAAD -> user_69dc903c3386c4d76f1d0580
2026-04-14T05:55:29.664Z - SOCKET_JOIN - Client u6gPeJjT4ZiMkTjgAAAD -> user_69dc903c3386c4d76f1d0580
2026-04-14T05:55:29.666Z - SOCKET_JOIN - Client u6gPeJjT4ZiMkTjgAAAD -> user_69dc903c3386c4d76f1d0580
2026-04-14T06:07:30.403Z - SOCKET_JOIN - Client 0vNjmUooTVVUJn67AAAB -> user_69dc903c3386c4d76f1d0580
2026-04-14T06:07:30.519Z - SOCKET_JOIN - Client 0vNjmUooTVVUJn67AAAB -> user_69dc903c3386c4d76f1d0580
2026-04-14T06:07:30.520Z - SOCKET_JOIN - Client 0vNjmUooTVVUJn67AAAB -> user_69dc903c3386c4d76f1d0580
2026-04-14T06:07:30.521Z - SOCKET_JOIN - Client 0vNjmUooTVVUJn67AAAB -> user_69dc903c3386c4d76f1d0580
2026-04-14T06:07:38.640Z - SOCKET_JOIN - Client I2iRr1p9sIemMKIQAAAD -> user_69dc903c3386c4d76f1d0580
2026-04-14T06:07:38.768Z - SOCKET_JOIN - Client I2iRr1p9sIemMKIQAAAD -> user_69dc903c3386c4d76f1d0580
2026-04-14T06:07:38.772Z - SOCKET_JOIN - Client I2iRr1p9sIemMKIQAAAD -> vendors_pool
2026-04-14T06:07:38.777Z - SOCKET_JOIN - Client I2iRr1p9sIemMKIQAAAD -> user_69dc903c3386c4d76f1d0580
2026-04-14T06:07:38.779Z - SOCKET_JOIN - Client I2iRr1p9sIemMKIQAAAD -> user_69dc903c3386c4d76f1d0580
2026-04-14T06:07:38.780Z - SOCKET_JOIN - Client I2iRr1p9sIemMKIQAAAD -> vendors_pool
2026-04-14T06:07:38.782Z - SOCKET_JOIN - Client I2iRr1p9sIemMKIQAAAD -> user_69dc903c3386c4d76f1d0580
2026-04-14T06:07:38.783Z - SOCKET_JOIN - Client I2iRr1p9sIemMKIQAAAD -> user_69dc903c3386c4d76f1d0580
2026-04-14T06:07:38.784Z - SOCKET_JOIN - Client I2iRr1p9sIemMKIQAAAD -> user_69dc903c3386c4d76f1d0580
2026-04-14T06:07:38.785Z - SOCKET_JOIN - Client I2iRr1p9sIemMKIQAAAD -> user_69dc903c3386c4d76f1d0580
2026-04-14T06:09:08.496Z - SOCKET_JOIN - Client De-gap5k5kL-j69DAAAB -> user_69dc903c3386c4d76f1d0580
2026-04-14T06:09:08.607Z - SOCKET_JOIN - Client De-gap5k5kL-j69DAAAB -> user_69dc903c3386c4d76f1d0580
2026-04-14T06:09:08.608Z - SOCKET_JOIN - Client De-gap5k5kL-j69DAAAB -> vendors_pool
2026-04-14T06:09:08.609Z - SOCKET_JOIN - Client De-gap5k5kL-j69DAAAB -> user_69dc903c3386c4d76f1d0580
2026-04-14T06:09:08.610Z - SOCKET_JOIN - Client De-gap5k5kL-j69DAAAB -> user_69dc903c3386c4d76f1d0580
2026-04-14T06:09:08.611Z - SOCKET_JOIN - Client De-gap5k5kL-j69DAAAB -> vendors_pool
2026-04-14T06:09:08.614Z - SOCKET_JOIN - Client De-gap5k5kL-j69DAAAB -> user_69dc903c3386c4d76f1d0580
2026-04-14T06:09:08.616Z - SOCKET_JOIN - Client De-gap5k5kL-j69DAAAB -> user_69dc903c3386c4d76f1d0580
2026-04-14T06:09:08.618Z - SOCKET_JOIN - Client De-gap5k5kL-j69DAAAB -> user_69dc903c3386c4d76f1d0580
2026-04-14T06:09:08.619Z - SOCKET_JOIN - Client De-gap5k5kL-j69DAAAB -> user_69dc903c3386c4d76f1d0580
2026-04-14T06:09:12.766Z - SOCKET_JOIN - Client Ac5P5a1glnnYcq8YAAAD -> user_69dc903c3386c4d76f1d0580
2026-04-14T06:09:12.883Z - SOCKET_JOIN - Client Ac5P5a1glnnYcq8YAAAD -> user_69dc903c3386c4d76f1d0580
2026-04-14T06:09:12.884Z - SOCKET_JOIN - Client Ac5P5a1glnnYcq8YAAAD -> vendors_pool
2026-04-14T06:09:12.885Z - SOCKET_JOIN - Client Ac5P5a1glnnYcq8YAAAD -> user_69dc903c3386c4d76f1d0580
2026-04-14T06:09:12.886Z - SOCKET_JOIN - Client Ac5P5a1glnnYcq8YAAAD -> user_69dc903c3386c4d76f1d0580
2026-04-14T06:09:12.887Z - SOCKET_JOIN - Client Ac5P5a1glnnYcq8YAAAD -> vendors_pool
2026-04-14T06:09:12.889Z - SOCKET_JOIN - Client Ac5P5a1glnnYcq8YAAAD -> user_69dc903c3386c4d76f1d0580
2026-04-14T06:09:12.892Z - SOCKET_JOIN - Client Ac5P5a1glnnYcq8YAAAD -> user_69dc903c3386c4d76f1d0580
2026-04-14T06:09:12.896Z - SOCKET_JOIN - Client Ac5P5a1glnnYcq8YAAAD -> user_69dc903c3386c4d76f1d0580
2026-04-14T06:09:12.897Z - SOCKET_JOIN - Client Ac5P5a1glnnYcq8YAAAD -> user_69dc903c3386c4d76f1d0580
2026-04-14T06:19:15.610Z - SOCKET_JOIN - Client eOUEIowGqTdHkw9xAAAB -> user_69dc903c3386c4d76f1d0580
2026-04-14T06:19:15.713Z - SOCKET_JOIN - Client eOUEIowGqTdHkw9xAAAB -> user_69dc903c3386c4d76f1d0580
2026-04-14T06:19:15.715Z - SOCKET_JOIN - Client eOUEIowGqTdHkw9xAAAB -> vendors_pool
2026-04-14T06:19:15.716Z - SOCKET_JOIN - Client eOUEIowGqTdHkw9xAAAB -> user_69dc903c3386c4d76f1d0580
2026-04-14T06:19:15.718Z - SOCKET_JOIN - Client eOUEIowGqTdHkw9xAAAB -> user_69dc903c3386c4d76f1d0580
2026-04-14T06:19:15.719Z - SOCKET_JOIN - Client eOUEIowGqTdHkw9xAAAB -> vendors_pool
2026-04-14T06:19:15.721Z - SOCKET_JOIN - Client eOUEIowGqTdHkw9xAAAB -> user_69dc903c3386c4d76f1d0580
2026-04-14T06:19:15.723Z - SOCKET_JOIN - Client eOUEIowGqTdHkw9xAAAB -> user_69dc903c3386c4d76f1d0580
2026-04-14T06:19:15.725Z - SOCKET_JOIN - Client eOUEIowGqTdHkw9xAAAB -> user_69dc903c3386c4d76f1d0580
2026-04-14T06:19:15.727Z - SOCKET_JOIN - Client eOUEIowGqTdHkw9xAAAB -> user_69dc903c3386c4d76f1d0580
2026-04-14T06:19:23.018Z - Global broadcast sent for Order #EZ-9506
2026-04-14T06:19:23.102Z - Broadcasting to vendor room: user_69dc903c3386c4d76f1d0580
2026-04-14T06:22:52.460Z - Global broadcast sent for Order #EZ-3551
2026-04-14T06:22:52.534Z - Broadcasting to vendor room: user_69dc903c3386c4d76f1d0580
2026-04-14T06:25:24.604Z - SOCKET_JOIN - Client PrY8OrXi-L8lcPBfAAAD -> user_69dc903c3386c4d76f1d0580
2026-04-14T06:25:24.728Z - SOCKET_JOIN - Client PrY8OrXi-L8lcPBfAAAD -> user_69dc903c3386c4d76f1d0580
2026-04-14T06:25:24.735Z - SOCKET_JOIN - Client PrY8OrXi-L8lcPBfAAAD -> user_69dc903c3386c4d76f1d0580
2026-04-14T06:25:24.739Z - SOCKET_JOIN - Client PrY8OrXi-L8lcPBfAAAD -> user_69dc903c3386c4d76f1d0580
2026-04-14T06:25:24.742Z - SOCKET_JOIN - Client PrY8OrXi-L8lcPBfAAAD -> user_69dc903c3386c4d76f1d0580
2026-04-14T06:25:24.746Z - SOCKET_JOIN - Client PrY8OrXi-L8lcPBfAAAD -> user_69dc903c3386c4d76f1d0580
2026-04-14T06:25:24.751Z - SOCKET_JOIN - Client PrY8OrXi-L8lcPBfAAAD -> user_69dc903c3386c4d76f1d0580
2026-04-14T06:25:24.754Z - SOCKET_JOIN - Client PrY8OrXi-L8lcPBfAAAD -> user_69dc903c3386c4d76f1d0580
2026-04-14T06:25:58.245Z - Global broadcast sent for Order #EZ-4845
2026-04-14T06:25:58.325Z - Broadcasting to vendor room: user_69dc903c3386c4d76f1d0580
2026-04-14T06:26:31.529Z - SOCKET_JOIN - Client vFl69S-A_ecYe4t6AAAF -> user_69dc903c3386c4d76f1d0580
2026-04-14T06:26:31.667Z - SOCKET_JOIN - Client vFl69S-A_ecYe4t6AAAF -> user_69dc903c3386c4d76f1d0580
2026-04-14T06:26:31.668Z - SOCKET_JOIN - Client vFl69S-A_ecYe4t6AAAF -> vendors_pool
2026-04-14T06:26:31.672Z - SOCKET_JOIN - Client vFl69S-A_ecYe4t6AAAF -> user_69dc903c3386c4d76f1d0580
2026-04-14T06:26:31.677Z - SOCKET_JOIN - Client vFl69S-A_ecYe4t6AAAF -> user_69dc903c3386c4d76f1d0580
2026-04-14T06:26:31.680Z - SOCKET_JOIN - Client vFl69S-A_ecYe4t6AAAF -> vendors_pool
2026-04-14T06:26:31.684Z - SOCKET_JOIN - Client vFl69S-A_ecYe4t6AAAF -> user_69dc903c3386c4d76f1d0580
2026-04-14T06:26:31.688Z - SOCKET_JOIN - Client vFl69S-A_ecYe4t6AAAF -> user_69dc903c3386c4d76f1d0580
2026-04-14T06:26:31.691Z - SOCKET_JOIN - Client vFl69S-A_ecYe4t6AAAF -> user_69dc903c3386c4d76f1d0580
2026-04-14T06:26:31.694Z - SOCKET_JOIN - Client vFl69S-A_ecYe4t6AAAF -> user_69dc903c3386c4d76f1d0580
2026-04-14T06:26:38.554Z - SOCKET_JOIN - Client vtolPW1hKdpsT7mVAAAH -> user_69dc903c3386c4d76f1d0580
2026-04-14T06:26:38.681Z - SOCKET_JOIN - Client vtolPW1hKdpsT7mVAAAH -> user_69dc903c3386c4d76f1d0580
2026-04-14T06:26:38.687Z - SOCKET_JOIN - Client vtolPW1hKdpsT7mVAAAH -> vendors_pool
2026-04-14T06:26:38.693Z - SOCKET_JOIN - Client vtolPW1hKdpsT7mVAAAH -> user_69dc903c3386c4d76f1d0580
2026-04-14T06:26:38.707Z - SOCKET_JOIN - Client vtolPW1hKdpsT7mVAAAH -> user_69dc903c3386c4d76f1d0580
2026-04-14T06:26:38.710Z - SOCKET_JOIN - Client vtolPW1hKdpsT7mVAAAH -> vendors_pool
2026-04-14T06:26:38.725Z - SOCKET_JOIN - Client vtolPW1hKdpsT7mVAAAH -> user_69dc903c3386c4d76f1d0580
2026-04-14T06:26:38.730Z - SOCKET_JOIN - Client vtolPW1hKdpsT7mVAAAH -> user_69dc903c3386c4d76f1d0580
2026-04-14T06:26:38.733Z - SOCKET_JOIN - Client vtolPW1hKdpsT7mVAAAH -> user_69dc903c3386c4d76f1d0580
2026-04-14T06:26:38.738Z - SOCKET_JOIN - Client vtolPW1hKdpsT7mVAAAH -> user_69dc903c3386c4d76f1d0580
2026-04-14T06:43:28.575Z - SOCKET_JOIN - Client JhthjZvsRrBXtL1RAAAD -> user_69dc903c3386c4d76f1d0580
2026-04-14T06:43:28.653Z - SOCKET_JOIN - Client JhthjZvsRrBXtL1RAAAD -> user_69dc903c3386c4d76f1d0580
2026-04-14T06:43:28.654Z - SOCKET_JOIN - Client JhthjZvsRrBXtL1RAAAD -> user_69dc903c3386c4d76f1d0580
2026-04-14T06:43:28.656Z - SOCKET_JOIN - Client JhthjZvsRrBXtL1RAAAD -> user_69dc903c3386c4d76f1d0580
2026-04-14T06:43:29.489Z - SOCKET_JOIN - Client 60JMfWnr_1uxwzt-AAAF -> user_69dc903c3386c4d76f1d0580
2026-04-14T06:43:29.597Z - SOCKET_JOIN - Client 60JMfWnr_1uxwzt-AAAF -> user_69dc903c3386c4d76f1d0580
2026-04-14T06:43:29.599Z - SOCKET_JOIN - Client 60JMfWnr_1uxwzt-AAAF -> user_69dc903c3386c4d76f1d0580
2026-04-14T06:43:29.600Z - SOCKET_JOIN - Client 60JMfWnr_1uxwzt-AAAF -> user_69dc903c3386c4d76f1d0580
2026-04-14T06:43:55.046Z - Global broadcast sent for Order #EZ-7900
2026-04-14T06:43:55.122Z - Broadcasting to vendor room: user_69dc903c3386c4d76f1d0580
2026-04-14T06:52:16.907Z - SOCKET_JOIN - Client 5SsGKqe6zDjvy4zoAAAH -> user_69dc903c3386c4d76f1d0580
2026-04-14T06:52:16.917Z - SOCKET_JOIN - Client 5SsGKqe6zDjvy4zoAAAH -> vendors_pool
2026-04-14T06:52:16.918Z - SOCKET_JOIN - Client 5SsGKqe6zDjvy4zoAAAH -> user_69dc903c3386c4d76f1d0580
2026-04-14T06:52:16.919Z - SOCKET_JOIN - Client 5SsGKqe6zDjvy4zoAAAH -> vendors_pool
2026-04-14T06:52:16.919Z - SOCKET_JOIN - Client 5SsGKqe6zDjvy4zoAAAH -> user_69dc903c3386c4d76f1d0580
2026-04-14T06:52:16.920Z - SOCKET_JOIN - Client 5SsGKqe6zDjvy4zoAAAH -> user_69dc903c3386c4d76f1d0580
2026-04-14T07:02:14.536Z - SOCKET_JOIN - Client T3ico2-ZiwVyvQdvAAAJ -> user_69dc903c3386c4d76f1d0580
2026-04-14T07:02:14.643Z - SOCKET_JOIN - Client T3ico2-ZiwVyvQdvAAAJ -> user_69dc903c3386c4d76f1d0580
2026-04-14T07:02:14.643Z - SOCKET_JOIN - Client T3ico2-ZiwVyvQdvAAAJ -> vendors_pool
2026-04-14T07:02:14.644Z - SOCKET_JOIN - Client T3ico2-ZiwVyvQdvAAAJ -> user_69dc903c3386c4d76f1d0580
2026-04-14T07:02:14.645Z - SOCKET_JOIN - Client T3ico2-ZiwVyvQdvAAAJ -> user_69dc903c3386c4d76f1d0580
2026-04-14T07:02:14.645Z - SOCKET_JOIN - Client T3ico2-ZiwVyvQdvAAAJ -> vendors_pool
2026-04-14T07:02:14.646Z - SOCKET_JOIN - Client T3ico2-ZiwVyvQdvAAAJ -> user_69dc903c3386c4d76f1d0580
2026-04-14T07:02:14.647Z - SOCKET_JOIN - Client T3ico2-ZiwVyvQdvAAAJ -> user_69dc903c3386c4d76f1d0580
2026-04-14T07:02:14.647Z - SOCKET_JOIN - Client T3ico2-ZiwVyvQdvAAAJ -> user_69dc903c3386c4d76f1d0580
2026-04-14T07:02:14.648Z - SOCKET_JOIN - Client T3ico2-ZiwVyvQdvAAAJ -> user_69dc903c3386c4d76f1d0580
2026-04-14T07:02:14.648Z - SOCKET_JOIN - Client T3ico2-ZiwVyvQdvAAAJ -> user_69dc903c3386c4d76f1d0580
2026-04-14T07:02:14.649Z - SOCKET_JOIN - Client T3ico2-ZiwVyvQdvAAAJ -> user_69dc903c3386c4d76f1d0580
2026-04-14T07:02:14.649Z - SOCKET_JOIN - Client T3ico2-ZiwVyvQdvAAAJ -> user_69dc903c3386c4d76f1d0580
2026-04-14T07:02:14.650Z - SOCKET_JOIN - Client T3ico2-ZiwVyvQdvAAAJ -> user_69dc903c3386c4d76f1d0580
2026-04-14T07:03:09.192Z - SOCKET_JOIN - Client 5SsGKqe6zDjvy4zoAAAH -> user_69dc903c3386c4d76f1d0580
2026-04-14T07:03:09.229Z - SOCKET_JOIN - Client atnPAv8PzlClpZP5AAAL -> user_69dc903c3386c4d76f1d0580
2026-04-14T07:03:09.339Z - SOCKET_JOIN - Client atnPAv8PzlClpZP5AAAL -> user_69dc903c3386c4d76f1d0580
2026-04-14T07:03:09.339Z - SOCKET_JOIN - Client atnPAv8PzlClpZP5AAAL -> user_69dc903c3386c4d76f1d0580
2026-04-14T07:03:09.340Z - SOCKET_JOIN - Client atnPAv8PzlClpZP5AAAL -> user_69dc903c3386c4d76f1d0580
2026-04-14T07:03:09.340Z - SOCKET_JOIN - Client atnPAv8PzlClpZP5AAAL -> user_69dc903c3386c4d76f1d0580
2026-04-14T07:03:25.471Z - Global broadcast sent for Order #EZ-1444
2026-04-14T07:03:25.571Z - Broadcasting to vendor room: user_69dc903c3386c4d76f1d0580
2026-04-14T07:04:18.607Z - SOCKET_JOIN - Client xpsLUxD8fr4QsrJGAAAC -> user_69dc903c3386c4d76f1d0580
2026-04-14T07:04:18.613Z - SOCKET_JOIN - Client xpsLUxD8fr4QsrJGAAAC -> user_69dc903c3386c4d76f1d0580
2026-04-14T07:04:18.620Z - SOCKET_JOIN - Client xpsLUxD8fr4QsrJGAAAC -> user_69dc903c3386c4d76f1d0580
2026-04-14T07:04:18.627Z - SOCKET_JOIN - Client xpsLUxD8fr4QsrJGAAAC -> user_69dc903c3386c4d76f1d0580
2026-04-14T07:04:18.636Z - SOCKET_JOIN - Client xpsLUxD8fr4QsrJGAAAC -> user_69dc903c3386c4d76f1d0580
2026-04-14T07:04:18.656Z - SOCKET_JOIN - Client xpsLUxD8fr4QsrJGAAAC -> user_69dc903c3386c4d76f1d0580
2026-04-14T07:04:18.658Z - SOCKET_JOIN - Client xpsLUxD8fr4QsrJGAAAC -> user_69dc903c3386c4d76f1d0580
2026-04-14T07:04:18.662Z - SOCKET_JOIN - Client xpsLUxD8fr4QsrJGAAAC -> user_69dc903c3386c4d76f1d0580
2026-04-14T07:06:21.339Z - Global broadcast sent for Order #EZ-6748
2026-04-14T07:06:21.666Z - Broadcasting to vendor room: user_69dc903c3386c4d76f1d0580
2026-04-14T07:06:27.243Z - SOCKET_JOIN - Client RNK3-V5V4hQPMhrLAAAF -> user_69dc903c3386c4d76f1d0580
2026-04-14T07:06:27.349Z - SOCKET_JOIN - Client RNK3-V5V4hQPMhrLAAAF -> user_69dc903c3386c4d76f1d0580
2026-04-14T07:06:27.349Z - SOCKET_JOIN - Client RNK3-V5V4hQPMhrLAAAF -> user_69dc903c3386c4d76f1d0580
2026-04-14T07:06:27.350Z - SOCKET_JOIN - Client RNK3-V5V4hQPMhrLAAAF -> user_69dc903c3386c4d76f1d0580
2026-04-14T07:06:27.351Z - SOCKET_JOIN - Client RNK3-V5V4hQPMhrLAAAF -> user_69dc903c3386c4d76f1d0580
2026-04-14T07:06:27.352Z - SOCKET_JOIN - Client RNK3-V5V4hQPMhrLAAAF -> user_69dc903c3386c4d76f1d0580
2026-04-14T07:06:27.353Z - SOCKET_JOIN - Client RNK3-V5V4hQPMhrLAAAF -> user_69dc903c3386c4d76f1d0580
2026-04-14T07:06:27.353Z - SOCKET_JOIN - Client RNK3-V5V4hQPMhrLAAAF -> user_69dc903c3386c4d76f1d0580
2026-04-14T07:06:32.978Z - SOCKET_JOIN - Client ZtI5_LfePQWVHT5MAAAH -> user_69dc903c3386c4d76f1d0580
2026-04-14T07:06:32.999Z - SOCKET_JOIN - Client ZtI5_LfePQWVHT5MAAAH -> user_69dc903c3386c4d76f1d0580
2026-04-14T07:06:33.001Z - SOCKET_JOIN - Client ZtI5_LfePQWVHT5MAAAH -> vendors_pool
2026-04-14T07:06:33.002Z - SOCKET_JOIN - Client ZtI5_LfePQWVHT5MAAAH -> user_69dc903c3386c4d76f1d0580
2026-04-14T07:06:33.003Z - SOCKET_JOIN - Client ZtI5_LfePQWVHT5MAAAH -> user_69dc903c3386c4d76f1d0580
2026-04-14T07:06:33.004Z - SOCKET_JOIN - Client ZtI5_LfePQWVHT5MAAAH -> vendors_pool
2026-04-14T07:06:33.004Z - SOCKET_JOIN - Client ZtI5_LfePQWVHT5MAAAH -> user_69dc903c3386c4d76f1d0580
2026-04-14T07:06:33.005Z - SOCKET_JOIN - Client ZtI5_LfePQWVHT5MAAAH -> user_69dc903c3386c4d76f1d0580
2026-04-14T07:06:33.010Z - SOCKET_JOIN - Client ZtI5_LfePQWVHT5MAAAH -> user_69dc903c3386c4d76f1d0580
2026-04-14T07:06:33.011Z - SOCKET_JOIN - Client ZtI5_LfePQWVHT5MAAAH -> user_69dc903c3386c4d76f1d0580
2026-04-14T07:06:56.932Z - Global broadcast sent for Order #EZ-3862
2026-04-14T07:06:58.074Z - Broadcasting to vendor room: user_69dc903c3386c4d76f1d0580
2026-04-14T07:06:58.718Z - Global broadcast sent for Order #EZ-7953
2026-04-14T07:06:59.879Z - Broadcasting to vendor room: user_69dc903c3386c4d76f1d0580
2026-04-14T07:19:25.737Z - SOCKET_JOIN - Client 3n2BjVBTgpmJu_GsAAAB -> user_69dc903c3386c4d76f1d0580
2026-04-14T07:19:25.846Z - SOCKET_JOIN - Client 3n2BjVBTgpmJu_GsAAAB -> user_69dc903c3386c4d76f1d0580
2026-04-14T07:19:25.848Z - SOCKET_JOIN - Client 3n2BjVBTgpmJu_GsAAAB -> user_69dc903c3386c4d76f1d0580
2026-04-14T07:19:25.849Z - SOCKET_JOIN - Client 3n2BjVBTgpmJu_GsAAAB -> user_69dc903c3386c4d76f1d0580
2026-04-14T07:19:25.850Z - SOCKET_JOIN - Client 3n2BjVBTgpmJu_GsAAAB -> user_69dc903c3386c4d76f1d0580
2026-04-14T07:19:25.851Z - SOCKET_JOIN - Client 3n2BjVBTgpmJu_GsAAAB -> user_69dc903c3386c4d76f1d0580
2026-04-14T07:19:25.851Z - SOCKET_JOIN - Client 3n2BjVBTgpmJu_GsAAAB -> user_69dc903c3386c4d76f1d0580
2026-04-14T07:19:25.852Z - SOCKET_JOIN - Client 3n2BjVBTgpmJu_GsAAAB -> user_69dc903c3386c4d76f1d0580
2026-04-14T07:25:06.221Z - SOCKET_JOIN - Client 2H5kiiVvI_iIRzGbAAAB -> user_69dc903c3386c4d76f1d0580
2026-04-14T07:25:06.332Z - SOCKET_JOIN - Client 2H5kiiVvI_iIRzGbAAAB -> user_69dc903c3386c4d76f1d0580
2026-04-14T07:25:06.333Z - SOCKET_JOIN - Client 2H5kiiVvI_iIRzGbAAAB -> user_69dc903c3386c4d76f1d0580
2026-04-14T07:25:06.335Z - SOCKET_JOIN - Client 2H5kiiVvI_iIRzGbAAAB -> user_69dc903c3386c4d76f1d0580
2026-04-14T07:25:06.335Z - SOCKET_JOIN - Client 2H5kiiVvI_iIRzGbAAAB -> user_69dc903c3386c4d76f1d0580
2026-04-14T07:25:06.336Z - SOCKET_JOIN - Client 2H5kiiVvI_iIRzGbAAAB -> user_69dc903c3386c4d76f1d0580
2026-04-14T07:25:06.337Z - SOCKET_JOIN - Client 2H5kiiVvI_iIRzGbAAAB -> user_69dc903c3386c4d76f1d0580
2026-04-14T07:25:06.337Z - SOCKET_JOIN - Client 2H5kiiVvI_iIRzGbAAAB -> user_69dc903c3386c4d76f1d0580
2026-04-14T07:26:36.890Z - SOCKET_JOIN - Client xDinUQA_UHzihrkLAAAF -> user_69d38d4ff4593140bd5f27fd
2026-04-14T07:26:36.991Z - SOCKET_JOIN - Client xDinUQA_UHzihrkLAAAF -> user_69d38d4ff4593140bd5f27fd
2026-04-14T07:26:36.991Z - SOCKET_JOIN - Client xDinUQA_UHzihrkLAAAF -> user_69d38d4ff4593140bd5f27fd
2026-04-14T07:26:36.992Z - SOCKET_JOIN - Client xDinUQA_UHzihrkLAAAF -> user_69d38d4ff4593140bd5f27fd
2026-04-14T07:26:56.117Z - SOCKET_JOIN - Client vzQDkIMil2zdUxXNAAAH -> user_69d38d4ff4593140bd5f27fd
2026-04-14T07:26:56.219Z - SOCKET_JOIN - Client vzQDkIMil2zdUxXNAAAH -> user_69d38d4ff4593140bd5f27fd
2026-04-14T07:26:56.220Z - SOCKET_JOIN - Client vzQDkIMil2zdUxXNAAAH -> user_69d38d4ff4593140bd5f27fd
2026-04-14T07:26:56.221Z - SOCKET_JOIN - Client vzQDkIMil2zdUxXNAAAH -> user_69d38d4ff4593140bd5f27fd
2026-04-14T07:26:56.221Z - SOCKET_JOIN - Client vzQDkIMil2zdUxXNAAAH -> user_69d38d4ff4593140bd5f27fd
2026-04-14T07:26:56.222Z - SOCKET_JOIN - Client vzQDkIMil2zdUxXNAAAH -> user_69d38d4ff4593140bd5f27fd
2026-04-14T07:27:05.373Z - SOCKET_JOIN - Client Pjv1OUSNdW_RVOOFAAAJ -> user_69dc903c3386c4d76f1d0580
2026-04-14T07:27:05.394Z - SOCKET_JOIN - Client Pjv1OUSNdW_RVOOFAAAJ -> user_69dc903c3386c4d76f1d0580
2026-04-14T07:27:05.395Z - SOCKET_JOIN - Client Pjv1OUSNdW_RVOOFAAAJ -> user_69dc903c3386c4d76f1d0580
2026-04-14T07:27:05.396Z - SOCKET_JOIN - Client Pjv1OUSNdW_RVOOFAAAJ -> user_69dc903c3386c4d76f1d0580
2026-04-14T07:27:05.397Z - SOCKET_JOIN - Client Pjv1OUSNdW_RVOOFAAAJ -> user_69dc903c3386c4d76f1d0580
2026-04-14T07:27:05.397Z - SOCKET_JOIN - Client Pjv1OUSNdW_RVOOFAAAJ -> user_69dc903c3386c4d76f1d0580
2026-04-14T07:27:05.398Z - SOCKET_JOIN - Client Pjv1OUSNdW_RVOOFAAAJ -> user_69dc903c3386c4d76f1d0580
2026-04-14T07:27:05.399Z - SOCKET_JOIN - Client Pjv1OUSNdW_RVOOFAAAJ -> user_69dc903c3386c4d76f1d0580
2026-04-14T07:27:15.162Z - Global broadcast sent for Order #EZ-8268
2026-04-14T07:27:15.264Z - Broadcasting to vendor room: user_69dc903c3386c4d76f1d0580
2026-04-14T07:29:21.075Z - --- Matching for 23.2696, 77.3882 (Found 2 active riders) ---
2026-04-14T07:29:21.076Z - Rider: Marcus V., Pos: 23.2696,77.3882, Dist: 0.000km
2026-04-14T07:29:21.077Z - Rider: Marcus V., Pos: 22.798434242721534,75.92257872586505, Dist: 158.863km
2026-04-14T07:31:24.525Z - SOCKET_JOIN - Client 3amf_hZHfDtv2Yy4AAAL -> user_69d38d4ff4593140bd5f27fd
2026-04-14T07:31:24.631Z - SOCKET_JOIN - Client 3amf_hZHfDtv2Yy4AAAL -> user_69d38d4ff4593140bd5f27fd
2026-04-14T07:31:24.632Z - SOCKET_JOIN - Client 3amf_hZHfDtv2Yy4AAAL -> user_69d38d4ff4593140bd5f27fd
2026-04-14T07:31:24.633Z - SOCKET_JOIN - Client 3amf_hZHfDtv2Yy4AAAL -> user_69d38d4ff4593140bd5f27fd
2026-04-14T07:31:24.634Z - SOCKET_JOIN - Client 3amf_hZHfDtv2Yy4AAAL -> user_69d38d4ff4593140bd5f27fd
2026-04-14T07:31:24.635Z - SOCKET_JOIN - Client 3amf_hZHfDtv2Yy4AAAL -> user_69d38d4ff4593140bd5f27fd
2026-04-14T07:31:35.559Z - SOCKET_JOIN - Client GVwbOWxnBNzHAo73AAAN -> user_69d38d4ff4593140bd5f27fd
2026-04-14T07:31:35.682Z - SOCKET_JOIN - Client GVwbOWxnBNzHAo73AAAN -> user_69d38d4ff4593140bd5f27fd
2026-04-14T07:31:35.683Z - SOCKET_JOIN - Client GVwbOWxnBNzHAo73AAAN -> user_69d38d4ff4593140bd5f27fd
2026-04-14T07:31:35.683Z - SOCKET_JOIN - Client GVwbOWxnBNzHAo73AAAN -> user_69d38d4ff4593140bd5f27fd
2026-04-14T07:31:35.684Z - SOCKET_JOIN - Client GVwbOWxnBNzHAo73AAAN -> user_69d38d4ff4593140bd5f27fd
2026-04-14T07:31:35.684Z - SOCKET_JOIN - Client GVwbOWxnBNzHAo73AAAN -> user_69d38d4ff4593140bd5f27fd
2026-04-14T07:31:35.684Z - SOCKET_JOIN - Client GVwbOWxnBNzHAo73AAAN -> user_69d38d4ff4593140bd5f27fd
2026-04-14T07:31:52.608Z - SOCKET_JOIN - Client CALToEOXkiZE7wasAAAP -> user_69d38d4ff4593140bd5f27fd
2026-04-14T07:31:52.708Z - SOCKET_JOIN - Client CALToEOXkiZE7wasAAAP -> user_69d38d4ff4593140bd5f27fd
2026-04-14T07:31:52.709Z - SOCKET_JOIN - Client CALToEOXkiZE7wasAAAP -> user_69d38d4ff4593140bd5f27fd
2026-04-14T07:31:52.710Z - SOCKET_JOIN - Client CALToEOXkiZE7wasAAAP -> user_69d38d4ff4593140bd5f27fd
2026-04-14T07:31:52.710Z - SOCKET_JOIN - Client CALToEOXkiZE7wasAAAP -> user_69d38d4ff4593140bd5f27fd
2026-04-14T07:31:52.710Z - SOCKET_JOIN - Client CALToEOXkiZE7wasAAAP -> user_69d38d4ff4593140bd5f27fd
2026-04-14T07:31:52.711Z - SOCKET_JOIN - Client CALToEOXkiZE7wasAAAP -> user_69d38d4ff4593140bd5f27fd
2026-04-14T07:31:52.711Z - SOCKET_JOIN - Client CALToEOXkiZE7wasAAAP -> user_69d38d4ff4593140bd5f27fd
2026-04-14T07:32:13.815Z - Global broadcast sent for Order #EZ-1828
2026-04-14T07:32:14.155Z - Broadcasting to vendor room: user_69dc903c3386c4d76f1d0580
2026-04-14T07:32:20.795Z - SOCKET_JOIN - Client A1phlsD33DsKkBCtAAAR -> user_69dc903c3386c4d76f1d0580
2026-04-14T07:32:20.910Z - SOCKET_JOIN - Client A1phlsD33DsKkBCtAAAR -> user_69dc903c3386c4d76f1d0580
2026-04-14T07:32:20.910Z - SOCKET_JOIN - Client A1phlsD33DsKkBCtAAAR -> user_69dc903c3386c4d76f1d0580
2026-04-14T07:32:20.912Z - SOCKET_JOIN - Client A1phlsD33DsKkBCtAAAR -> user_69dc903c3386c4d76f1d0580
2026-04-14T07:32:20.912Z - SOCKET_JOIN - Client A1phlsD33DsKkBCtAAAR -> user_69dc903c3386c4d76f1d0580
2026-04-14T07:32:20.913Z - SOCKET_JOIN - Client A1phlsD33DsKkBCtAAAR -> user_69dc903c3386c4d76f1d0580
2026-04-14T07:32:20.914Z - SOCKET_JOIN - Client A1phlsD33DsKkBCtAAAR -> user_69dc903c3386c4d76f1d0580
2026-04-14T07:32:20.914Z - SOCKET_JOIN - Client A1phlsD33DsKkBCtAAAR -> user_69dc903c3386c4d76f1d0580
2026-04-14T07:32:20.914Z - SOCKET_JOIN - Client A1phlsD33DsKkBCtAAAR -> user_69dc903c3386c4d76f1d0580
2026-04-14T07:32:20.915Z - SOCKET_JOIN - Client A1phlsD33DsKkBCtAAAR -> user_69dc903c3386c4d76f1d0580
2026-04-14T07:32:38.774Z - Global broadcast sent for Order #EZ-7273
2026-04-14T07:32:38.887Z - Broadcasting to vendor room: user_69dc903c3386c4d76f1d0580
2026-04-14T07:32:44.549Z - --- Matching for 23.2696, 77.3882 (Found 2 active riders) ---
2026-04-14T07:32:44.551Z - Rider: Marcus V., Pos: 23.2696,77.3882, Dist: 0.000km
2026-04-14T07:32:44.552Z - Rider: Marcus V., Pos: 22.798434242721534,75.92257872586505, Dist: 158.863km
2026-04-14T07:35:39.739Z - SOCKET_JOIN - Client uocBE_7X4jEQDTvwAAAC -> user_69dc903c3386c4d76f1d0580
2026-04-14T07:35:39.742Z - SOCKET_JOIN - Client OZ75Ie-7EvvAJ2c5AAAD -> user_69d38d4ff4593140bd5f27fd
2026-04-14T07:35:39.892Z - SOCKET_JOIN - Client uocBE_7X4jEQDTvwAAAC -> user_69dc903c3386c4d76f1d0580
2026-04-14T07:35:39.892Z - SOCKET_JOIN - Client uocBE_7X4jEQDTvwAAAC -> user_69dc903c3386c4d76f1d0580
2026-04-14T07:35:39.894Z - SOCKET_JOIN - Client uocBE_7X4jEQDTvwAAAC -> user_69dc903c3386c4d76f1d0580
2026-04-14T07:35:39.894Z - SOCKET_JOIN - Client uocBE_7X4jEQDTvwAAAC -> user_69dc903c3386c4d76f1d0580
2026-04-14T07:35:39.895Z - SOCKET_JOIN - Client uocBE_7X4jEQDTvwAAAC -> user_69dc903c3386c4d76f1d0580
2026-04-14T07:35:39.895Z - SOCKET_JOIN - Client uocBE_7X4jEQDTvwAAAC -> user_69dc903c3386c4d76f1d0580
2026-04-14T07:35:39.896Z - SOCKET_JOIN - Client uocBE_7X4jEQDTvwAAAC -> user_69dc903c3386c4d76f1d0580
2026-04-14T07:35:39.897Z - SOCKET_JOIN - Client OZ75Ie-7EvvAJ2c5AAAD -> user_69d38d4ff4593140bd5f27fd
2026-04-14T07:35:39.897Z - SOCKET_JOIN - Client OZ75Ie-7EvvAJ2c5AAAD -> user_69d38d4ff4593140bd5f27fd
2026-04-14T07:35:39.898Z - SOCKET_JOIN - Client OZ75Ie-7EvvAJ2c5AAAD -> user_69d38d4ff4593140bd5f27fd
2026-04-14T07:35:39.899Z - SOCKET_JOIN - Client OZ75Ie-7EvvAJ2c5AAAD -> user_69d38d4ff4593140bd5f27fd
2026-04-14T07:35:39.899Z - SOCKET_JOIN - Client OZ75Ie-7EvvAJ2c5AAAD -> user_69d38d4ff4593140bd5f27fd
2026-04-14T07:35:39.899Z - SOCKET_JOIN - Client OZ75Ie-7EvvAJ2c5AAAD -> user_69d38d4ff4593140bd5f27fd
2026-04-14T07:36:09.942Z - SOCKET_JOIN - Client mUWC_GYuhTlqeBzBAAAF -> user_69d38d4ff4593140bd5f27fd
2026-04-14T07:36:09.948Z - SOCKET_JOIN - Client mUWC_GYuhTlqeBzBAAAF -> user_69d38d4ff4593140bd5f27fd
2026-04-14T07:36:09.949Z - SOCKET_JOIN - Client mUWC_GYuhTlqeBzBAAAF -> user_69d38d4ff4593140bd5f27fd
2026-04-14T07:36:09.950Z - SOCKET_JOIN - Client mUWC_GYuhTlqeBzBAAAF -> user_69d38d4ff4593140bd5f27fd
2026-04-14T07:36:09.950Z - SOCKET_JOIN - Client mUWC_GYuhTlqeBzBAAAF -> user_69d38d4ff4593140bd5f27fd
2026-04-14T07:36:09.951Z - SOCKET_JOIN - Client mUWC_GYuhTlqeBzBAAAF -> user_69d38d4ff4593140bd5f27fd
2026-04-14T07:36:09.952Z - SOCKET_JOIN - Client mUWC_GYuhTlqeBzBAAAF -> user_69d38d4ff4593140bd5f27fd
2026-04-14T07:36:09.952Z - SOCKET_JOIN - Client mUWC_GYuhTlqeBzBAAAF -> user_69d38d4ff4593140bd5f27fd
2026-04-14T07:36:09.953Z - SOCKET_JOIN - Client mUWC_GYuhTlqeBzBAAAF -> user_69d38d4ff4593140bd5f27fd
2026-04-14T07:36:09.953Z - SOCKET_JOIN - Client mUWC_GYuhTlqeBzBAAAF -> user_69d38d4ff4593140bd5f27fd
2026-04-14T07:36:09.954Z - SOCKET_JOIN - Client mUWC_GYuhTlqeBzBAAAF -> user_69d38d4ff4593140bd5f27fd
2026-04-14T07:36:17.300Z - SOCKET_JOIN - Client 0oeC10MMSijOcYY8AAAH -> user_69d38d4ff4593140bd5f27fd
2026-04-14T07:36:17.307Z - SOCKET_JOIN - Client 0oeC10MMSijOcYY8AAAH -> user_69d38d4ff4593140bd5f27fd
2026-04-14T07:36:17.308Z - SOCKET_JOIN - Client 0oeC10MMSijOcYY8AAAH -> user_69d38d4ff4593140bd5f27fd
2026-04-14T07:36:17.308Z - SOCKET_JOIN - Client 0oeC10MMSijOcYY8AAAH -> user_69d38d4ff4593140bd5f27fd
2026-04-14T07:36:17.309Z - SOCKET_JOIN - Client 0oeC10MMSijOcYY8AAAH -> user_69d38d4ff4593140bd5f27fd
2026-04-14T07:36:17.310Z - SOCKET_JOIN - Client 0oeC10MMSijOcYY8AAAH -> user_69d38d4ff4593140bd5f27fd
2026-04-14T07:36:17.310Z - SOCKET_JOIN - Client 0oeC10MMSijOcYY8AAAH -> user_69d38d4ff4593140bd5f27fd
2026-04-14T07:36:17.311Z - SOCKET_JOIN - Client 0oeC10MMSijOcYY8AAAH -> user_69d38d4ff4593140bd5f27fd
2026-04-14T07:36:17.311Z - SOCKET_JOIN - Client 0oeC10MMSijOcYY8AAAH -> user_69d38d4ff4593140bd5f27fd
2026-04-14T07:36:17.312Z - SOCKET_JOIN - Client 0oeC10MMSijOcYY8AAAH -> user_69d38d4ff4593140bd5f27fd
2026-04-14T07:36:17.312Z - SOCKET_JOIN - Client 0oeC10MMSijOcYY8AAAH -> user_69d38d4ff4593140bd5f27fd
2026-04-14T07:36:17.313Z - SOCKET_JOIN - Client 0oeC10MMSijOcYY8AAAH -> user_69d38d4ff4593140bd5f27fd
2026-04-14T07:36:17.313Z - SOCKET_JOIN - Client 0oeC10MMSijOcYY8AAAH -> user_69d38d4ff4593140bd5f27fd
2026-04-14T07:36:22.176Z - SOCKET_JOIN - Client iOjVB1jgdQSa1K3yAAAJ -> user_69dc903c3386c4d76f1d0580
2026-04-14T07:36:22.276Z - SOCKET_JOIN - Client iOjVB1jgdQSa1K3yAAAJ -> user_69dc903c3386c4d76f1d0580
2026-04-14T07:36:22.277Z - SOCKET_JOIN - Client iOjVB1jgdQSa1K3yAAAJ -> user_69dc903c3386c4d76f1d0580
2026-04-14T07:36:22.277Z - SOCKET_JOIN - Client iOjVB1jgdQSa1K3yAAAJ -> user_69dc903c3386c4d76f1d0580
2026-04-14T07:36:22.278Z - SOCKET_JOIN - Client iOjVB1jgdQSa1K3yAAAJ -> user_69dc903c3386c4d76f1d0580
2026-04-14T07:36:22.278Z - SOCKET_JOIN - Client iOjVB1jgdQSa1K3yAAAJ -> user_69dc903c3386c4d76f1d0580
2026-04-14T07:36:22.279Z - SOCKET_JOIN - Client iOjVB1jgdQSa1K3yAAAJ -> user_69dc903c3386c4d76f1d0580
2026-04-14T07:36:22.280Z - SOCKET_JOIN - Client iOjVB1jgdQSa1K3yAAAJ -> user_69dc903c3386c4d76f1d0580
2026-04-14T07:36:22.280Z - SOCKET_JOIN - Client iOjVB1jgdQSa1K3yAAAJ -> user_69dc903c3386c4d76f1d0580
2026-04-14T07:36:22.281Z - SOCKET_JOIN - Client iOjVB1jgdQSa1K3yAAAJ -> user_69dc903c3386c4d76f1d0580
2026-04-14T07:36:22.281Z - SOCKET_JOIN - Client iOjVB1jgdQSa1K3yAAAJ -> user_69dc903c3386c4d76f1d0580
2026-04-14T07:36:22.282Z - SOCKET_JOIN - Client iOjVB1jgdQSa1K3yAAAJ -> user_69dc903c3386c4d76f1d0580
2026-04-14T07:36:36.615Z - Global broadcast sent for Order #EZ-8862
2026-04-14T07:36:36.710Z - Broadcasting to vendor room: user_69dc903c3386c4d76f1d0580
2026-04-14T07:36:45.982Z - --- Matching for 23.2696, 77.3882 (Found 2 active riders) ---
2026-04-14T07:36:45.983Z - Rider: Marcus V., Pos: 23.2696,77.3882, Dist: 0.000km
2026-04-14T07:36:45.985Z - Rider: Marcus V., Pos: 22.798434242721534,75.92257872586505, Dist: 158.863km
2026-04-14T07:42:32.473Z - SOCKET_JOIN - Client GDIaen8oUDEsxjkWAAAB -> user_69dc903c3386c4d76f1d0580
2026-04-14T07:42:32.577Z - SOCKET_JOIN - Client GDIaen8oUDEsxjkWAAAB -> user_69dc903c3386c4d76f1d0580
2026-04-14T07:42:32.579Z - SOCKET_JOIN - Client GDIaen8oUDEsxjkWAAAB -> user_69dc903c3386c4d76f1d0580
2026-04-14T07:42:32.580Z - SOCKET_JOIN - Client GDIaen8oUDEsxjkWAAAB -> user_69dc903c3386c4d76f1d0580
2026-04-14T07:42:32.581Z - SOCKET_JOIN - Client GDIaen8oUDEsxjkWAAAB -> user_69dc903c3386c4d76f1d0580
2026-04-14T07:42:32.582Z - SOCKET_JOIN - Client GDIaen8oUDEsxjkWAAAB -> user_69dc903c3386c4d76f1d0580
2026-04-14T07:42:32.583Z - SOCKET_JOIN - Client GDIaen8oUDEsxjkWAAAB -> user_69dc903c3386c4d76f1d0580
2026-04-14T07:42:32.584Z - SOCKET_JOIN - Client GDIaen8oUDEsxjkWAAAB -> user_69dc903c3386c4d76f1d0580
2026-04-14T07:42:42.980Z - SOCKET_JOIN - Client e81tmkl09FR-daSeAAAD -> user_69dc903c3386c4d76f1d0580
2026-04-14T07:42:43.098Z - SOCKET_JOIN - Client e81tmkl09FR-daSeAAAD -> user_69dc903c3386c4d76f1d0580
2026-04-14T07:42:43.099Z - SOCKET_JOIN - Client e81tmkl09FR-daSeAAAD -> user_69dc903c3386c4d76f1d0580
2026-04-14T07:42:43.101Z - SOCKET_JOIN - Client e81tmkl09FR-daSeAAAD -> user_69dc903c3386c4d76f1d0580
2026-04-14T07:42:43.102Z - SOCKET_JOIN - Client e81tmkl09FR-daSeAAAD -> user_69dc903c3386c4d76f1d0580
2026-04-14T07:42:43.103Z - SOCKET_JOIN - Client e81tmkl09FR-daSeAAAD -> user_69dc903c3386c4d76f1d0580
2026-04-14T07:42:43.104Z - SOCKET_JOIN - Client e81tmkl09FR-daSeAAAD -> user_69dc903c3386c4d76f1d0580
2026-04-14T07:42:43.105Z - SOCKET_JOIN - Client e81tmkl09FR-daSeAAAD -> user_69dc903c3386c4d76f1d0580
2026-04-14T07:42:43.106Z - SOCKET_JOIN - Client e81tmkl09FR-daSeAAAD -> user_69dc903c3386c4d76f1d0580
2026-04-14T07:42:43.108Z - SOCKET_JOIN - Client e81tmkl09FR-daSeAAAD -> user_69dc903c3386c4d76f1d0580
2026-04-14T07:42:43.110Z - SOCKET_JOIN - Client e81tmkl09FR-daSeAAAD -> user_69dc903c3386c4d76f1d0580
2026-04-14T07:42:43.112Z - SOCKET_JOIN - Client e81tmkl09FR-daSeAAAD -> user_69dc903c3386c4d76f1d0580
2026-04-14T07:42:43.114Z - SOCKET_JOIN - Client e81tmkl09FR-daSeAAAD -> user_69dc903c3386c4d76f1d0580
2026-04-14T07:42:43.115Z - SOCKET_JOIN - Client e81tmkl09FR-daSeAAAD -> user_69dc903c3386c4d76f1d0580
2026-04-14T07:42:54.177Z - Global broadcast sent for Order #EZ-1704
2026-04-14T07:42:54.378Z - Global broadcast sent for Order #EZ-6094
2026-04-14T07:42:54.560Z - Broadcasting to vendor room: user_69dc903c3386c4d76f1d0580
2026-04-14T07:42:55.005Z - Broadcasting to vendor room: user_69dc903c3386c4d76f1d0580
2026-04-14T07:43:01.525Z - --- Matching for 23.2696, 77.3882 (Found 2 active riders) ---
2026-04-14T07:43:01.526Z - Rider: Marcus V., Pos: 23.2696,77.3882, Dist: 0.000km
2026-04-14T07:43:01.526Z - Rider: Marcus V., Pos: 22.798434242721534,75.92257872586505, Dist: 158.863km
2026-04-14T07:43:37.493Z - SOCKET_JOIN - Client XOqwgM-w8zTqCd8VAAAF -> user_69d38d4ff4593140bd5f27fd
2026-04-14T07:43:37.497Z - SOCKET_JOIN - Client XOqwgM-w8zTqCd8VAAAF -> user_69d38d4ff4593140bd5f27fd
2026-04-14T07:43:37.497Z - SOCKET_JOIN - Client XOqwgM-w8zTqCd8VAAAF -> user_69d38d4ff4593140bd5f27fd
2026-04-14T07:43:37.498Z - SOCKET_JOIN - Client XOqwgM-w8zTqCd8VAAAF -> user_69d38d4ff4593140bd5f27fd
2026-04-14T07:43:37.498Z - SOCKET_JOIN - Client XOqwgM-w8zTqCd8VAAAF -> user_69d38d4ff4593140bd5f27fd
2026-04-14T07:43:37.499Z - SOCKET_JOIN - Client XOqwgM-w8zTqCd8VAAAF -> user_69d38d4ff4593140bd5f27fd
2026-04-14T07:43:37.499Z - SOCKET_JOIN - Client XOqwgM-w8zTqCd8VAAAF -> user_69d38d4ff4593140bd5f27fd
2026-04-14T07:43:37.500Z - SOCKET_JOIN - Client XOqwgM-w8zTqCd8VAAAF -> user_69d38d4ff4593140bd5f27fd
2026-04-14T07:43:37.500Z - SOCKET_JOIN - Client XOqwgM-w8zTqCd8VAAAF -> user_69d38d4ff4593140bd5f27fd
2026-04-14T07:43:37.501Z - SOCKET_JOIN - Client XOqwgM-w8zTqCd8VAAAF -> user_69d38d4ff4593140bd5f27fd
2026-04-14T07:43:37.501Z - SOCKET_JOIN - Client XOqwgM-w8zTqCd8VAAAF -> user_69d38d4ff4593140bd5f27fd
2026-04-14T07:43:37.502Z - SOCKET_JOIN - Client XOqwgM-w8zTqCd8VAAAF -> user_69d38d4ff4593140bd5f27fd
2026-04-14T07:43:37.502Z - SOCKET_JOIN - Client XOqwgM-w8zTqCd8VAAAF -> user_69d38d4ff4593140bd5f27fd
2026-04-14T07:43:37.503Z - SOCKET_JOIN - Client XOqwgM-w8zTqCd8VAAAF -> user_69d38d4ff4593140bd5f27fd
2026-04-14T07:43:37.503Z - SOCKET_JOIN - Client XOqwgM-w8zTqCd8VAAAF -> user_69d38d4ff4593140bd5f27fd
2026-04-14T07:46:04.220Z - SOCKET_JOIN - Client DZSimRvRGK6T5-M5AAAH -> user_69d38d4ff4593140bd5f27fd
2026-04-14T07:46:04.225Z - SOCKET_JOIN - Client DZSimRvRGK6T5-M5AAAH -> user_69d38d4ff4593140bd5f27fd
2026-04-14T07:46:04.227Z - SOCKET_JOIN - Client DZSimRvRGK6T5-M5AAAH -> user_69d38d4ff4593140bd5f27fd
2026-04-14T07:46:04.227Z - SOCKET_JOIN - Client DZSimRvRGK6T5-M5AAAH -> user_69d38d4ff4593140bd5f27fd
2026-04-14T07:46:04.228Z - SOCKET_JOIN - Client DZSimRvRGK6T5-M5AAAH -> user_69d38d4ff4593140bd5f27fd
2026-04-14T07:46:04.228Z - SOCKET_JOIN - Client DZSimRvRGK6T5-M5AAAH -> user_69d38d4ff4593140bd5f27fd
2026-04-14T07:46:04.229Z - SOCKET_JOIN - Client DZSimRvRGK6T5-M5AAAH -> user_69d38d4ff4593140bd5f27fd
2026-04-14T07:46:04.229Z - SOCKET_JOIN - Client DZSimRvRGK6T5-M5AAAH -> user_69d38d4ff4593140bd5f27fd
2026-04-14T07:46:04.229Z - SOCKET_JOIN - Client DZSimRvRGK6T5-M5AAAH -> user_69d38d4ff4593140bd5f27fd
2026-04-14T07:46:04.230Z - SOCKET_JOIN - Client DZSimRvRGK6T5-M5AAAH -> user_69d38d4ff4593140bd5f27fd
2026-04-14T07:46:04.230Z - SOCKET_JOIN - Client DZSimRvRGK6T5-M5AAAH -> user_69d38d4ff4593140bd5f27fd
2026-04-14T07:46:04.231Z - SOCKET_JOIN - Client DZSimRvRGK6T5-M5AAAH -> user_69d38d4ff4593140bd5f27fd
2026-04-14T07:46:04.231Z - SOCKET_JOIN - Client DZSimRvRGK6T5-M5AAAH -> user_69d38d4ff4593140bd5f27fd
2026-04-14T07:46:04.231Z - SOCKET_JOIN - Client DZSimRvRGK6T5-M5AAAH -> user_69d38d4ff4593140bd5f27fd
2026-04-14T07:46:04.232Z - SOCKET_JOIN - Client DZSimRvRGK6T5-M5AAAH -> user_69d38d4ff4593140bd5f27fd
2026-04-14T07:46:04.232Z - SOCKET_JOIN - Client DZSimRvRGK6T5-M5AAAH -> user_69d38d4ff4593140bd5f27fd
2026-04-14T07:46:04.232Z - SOCKET_JOIN - Client DZSimRvRGK6T5-M5AAAH -> user_69d38d4ff4593140bd5f27fd
2026-04-14T07:46:10.731Z - SOCKET_JOIN - Client p9N3YQkpEjSP9ajHAAAJ -> user_69dc903c3386c4d76f1d0580
2026-04-14T07:46:10.840Z - SOCKET_JOIN - Client p9N3YQkpEjSP9ajHAAAJ -> user_69dc903c3386c4d76f1d0580
2026-04-14T07:46:10.841Z - SOCKET_JOIN - Client p9N3YQkpEjSP9ajHAAAJ -> user_69dc903c3386c4d76f1d0580
2026-04-14T07:46:10.842Z - SOCKET_JOIN - Client p9N3YQkpEjSP9ajHAAAJ -> user_69dc903c3386c4d76f1d0580
2026-04-14T07:46:10.842Z - SOCKET_JOIN - Client p9N3YQkpEjSP9ajHAAAJ -> user_69dc903c3386c4d76f1d0580
2026-04-14T07:46:10.842Z - SOCKET_JOIN - Client p9N3YQkpEjSP9ajHAAAJ -> user_69dc903c3386c4d76f1d0580
2026-04-14T07:46:10.843Z - SOCKET_JOIN - Client p9N3YQkpEjSP9ajHAAAJ -> user_69dc903c3386c4d76f1d0580
2026-04-14T07:46:10.843Z - SOCKET_JOIN - Client p9N3YQkpEjSP9ajHAAAJ -> user_69dc903c3386c4d76f1d0580
2026-04-14T07:46:10.844Z - SOCKET_JOIN - Client p9N3YQkpEjSP9ajHAAAJ -> user_69dc903c3386c4d76f1d0580
2026-04-14T07:46:10.844Z - SOCKET_JOIN - Client p9N3YQkpEjSP9ajHAAAJ -> user_69dc903c3386c4d76f1d0580
2026-04-14T07:46:10.845Z - SOCKET_JOIN - Client p9N3YQkpEjSP9ajHAAAJ -> user_69dc903c3386c4d76f1d0580
2026-04-14T07:46:10.846Z - SOCKET_JOIN - Client p9N3YQkpEjSP9ajHAAAJ -> user_69dc903c3386c4d76f1d0580
2026-04-14T07:46:10.846Z - SOCKET_JOIN - Client p9N3YQkpEjSP9ajHAAAJ -> user_69dc903c3386c4d76f1d0580
2026-04-14T07:46:10.847Z - SOCKET_JOIN - Client p9N3YQkpEjSP9ajHAAAJ -> user_69dc903c3386c4d76f1d0580
2026-04-14T07:46:10.848Z - SOCKET_JOIN - Client p9N3YQkpEjSP9ajHAAAJ -> user_69dc903c3386c4d76f1d0580
2026-04-14T07:46:10.849Z - SOCKET_JOIN - Client p9N3YQkpEjSP9ajHAAAJ -> user_69dc903c3386c4d76f1d0580
2026-04-14T07:46:16.198Z - Global broadcast sent for Order #EZ-9155
2026-04-14T07:46:16.302Z - Broadcasting to vendor room: user_69dc903c3386c4d76f1d0580
2026-04-14T07:46:22.013Z - --- Matching for 23.2696, 77.3882 (Found 2 active riders) ---
2026-04-14T07:46:22.014Z - Rider: Marcus V., Pos: 23.2696,77.3882, Dist: 0.000km
2026-04-14T07:46:22.015Z - Rider: Marcus V., Pos: 22.798434242721534,75.92257872586505, Dist: 158.863km
2026-04-14T07:47:09.037Z - SOCKET_JOIN - Client BNPBrHdOzzL-6YUlAAAB -> user_69dc903c3386c4d76f1d0580
2026-04-14T07:47:09.144Z - SOCKET_JOIN - Client BNPBrHdOzzL-6YUlAAAB -> user_69dc903c3386c4d76f1d0580
2026-04-14T07:47:09.145Z - SOCKET_JOIN - Client BNPBrHdOzzL-6YUlAAAB -> user_69dc903c3386c4d76f1d0580
2026-04-14T07:47:09.146Z - SOCKET_JOIN - Client BNPBrHdOzzL-6YUlAAAB -> user_69dc903c3386c4d76f1d0580
2026-04-14T07:47:09.146Z - SOCKET_JOIN - Client BNPBrHdOzzL-6YUlAAAB -> user_69dc903c3386c4d76f1d0580
2026-04-14T07:47:09.147Z - SOCKET_JOIN - Client BNPBrHdOzzL-6YUlAAAB -> user_69dc903c3386c4d76f1d0580
2026-04-14T07:47:09.147Z - SOCKET_JOIN - Client BNPBrHdOzzL-6YUlAAAB -> user_69dc903c3386c4d76f1d0580
2026-04-14T07:47:09.148Z - SOCKET_JOIN - Client BNPBrHdOzzL-6YUlAAAB -> user_69dc903c3386c4d76f1d0580
2026-04-14T07:48:05.551Z - SOCKET_JOIN - Client Anh8yMF3rixPNx6CAAAB -> user_69dc903c3386c4d76f1d0580
2026-04-14T07:48:05.653Z - SOCKET_JOIN - Client Anh8yMF3rixPNx6CAAAB -> user_69dc903c3386c4d76f1d0580
2026-04-14T07:48:05.654Z - SOCKET_JOIN - Client Anh8yMF3rixPNx6CAAAB -> user_69dc903c3386c4d76f1d0580
2026-04-14T07:48:05.655Z - SOCKET_JOIN - Client Anh8yMF3rixPNx6CAAAB -> user_69dc903c3386c4d76f1d0580
2026-04-14T07:48:05.655Z - SOCKET_JOIN - Client Anh8yMF3rixPNx6CAAAB -> user_69dc903c3386c4d76f1d0580
2026-04-14T07:48:05.656Z - SOCKET_JOIN - Client Anh8yMF3rixPNx6CAAAB -> user_69dc903c3386c4d76f1d0580
2026-04-14T07:48:05.656Z - SOCKET_JOIN - Client Anh8yMF3rixPNx6CAAAB -> user_69dc903c3386c4d76f1d0580
2026-04-14T07:48:05.657Z - SOCKET_JOIN - Client Anh8yMF3rixPNx6CAAAB -> user_69dc903c3386c4d76f1d0580
2026-04-14T07:48:21.800Z - Global broadcast sent for Order #EZ-3055
2026-04-14T07:48:21.890Z - Broadcasting to vendor room: user_69dc903c3386c4d76f1d0580
2026-04-14T07:48:24.749Z - SOCKET_JOIN - Client vGCi0zPCrVA_CoEgAAAD -> user_69d38d4ff4593140bd5f27fd
2026-04-14T07:48:24.752Z - SOCKET_JOIN - Client vGCi0zPCrVA_CoEgAAAD -> user_69d38d4ff4593140bd5f27fd
2026-04-14T07:48:24.753Z - SOCKET_JOIN - Client vGCi0zPCrVA_CoEgAAAD -> user_69d38d4ff4593140bd5f27fd
2026-04-14T07:48:24.753Z - SOCKET_JOIN - Client vGCi0zPCrVA_CoEgAAAD -> user_69d38d4ff4593140bd5f27fd
2026-04-14T07:48:26.881Z - SOCKET_JOIN - Client u8VJRbuonNS96ydqAAAF -> user_69dc903c3386c4d76f1d0580
2026-04-14T07:48:26.888Z - SOCKET_JOIN - Client u8VJRbuonNS96ydqAAAF -> vendors_pool
2026-04-14T07:48:26.889Z - SOCKET_JOIN - Client u8VJRbuonNS96ydqAAAF -> user_69dc903c3386c4d76f1d0580
2026-04-14T07:48:26.890Z - SOCKET_JOIN - Client u8VJRbuonNS96ydqAAAF -> vendors_pool
2026-04-14T07:48:26.891Z - SOCKET_JOIN - Client u8VJRbuonNS96ydqAAAF -> user_69dc903c3386c4d76f1d0580
2026-04-14T07:48:26.891Z - SOCKET_JOIN - Client u8VJRbuonNS96ydqAAAF -> user_69dc903c3386c4d76f1d0580
2026-04-14T07:48:28.465Z - SOCKET_JOIN - Client u8VJRbuonNS96ydqAAAF -> user_69dc903c3386c4d76f1d0580
2026-04-14T07:48:28.500Z - SOCKET_JOIN - Client SNDghzKs1x8Id6aAAAAH -> user_69dc903c3386c4d76f1d0580
2026-04-14T07:48:28.598Z - SOCKET_JOIN - Client SNDghzKs1x8Id6aAAAAH -> user_69dc903c3386c4d76f1d0580
2026-04-14T07:48:28.599Z - SOCKET_JOIN - Client SNDghzKs1x8Id6aAAAAH -> user_69dc903c3386c4d76f1d0580
2026-04-14T07:48:28.599Z - SOCKET_JOIN - Client SNDghzKs1x8Id6aAAAAH -> user_69dc903c3386c4d76f1d0580
2026-04-14T07:48:28.600Z - SOCKET_JOIN - Client SNDghzKs1x8Id6aAAAAH -> user_69dc903c3386c4d76f1d0580
2026-04-14T07:48:42.422Z - SOCKET_JOIN - Client XPCxzcWEqOf4bVxTAAAJ -> user_69dc903c3386c4d76f1d0580
2026-04-14T07:48:42.461Z - SOCKET_JOIN - Client XPCxzcWEqOf4bVxTAAAJ -> user_69dc903c3386c4d76f1d0580
2026-04-14T07:48:42.462Z - SOCKET_JOIN - Client XPCxzcWEqOf4bVxTAAAJ -> vendors_pool
2026-04-14T07:48:42.463Z - SOCKET_JOIN - Client XPCxzcWEqOf4bVxTAAAJ -> user_69dc903c3386c4d76f1d0580
2026-04-14T07:48:42.463Z - SOCKET_JOIN - Client XPCxzcWEqOf4bVxTAAAJ -> user_69dc903c3386c4d76f1d0580
2026-04-14T07:48:42.464Z - SOCKET_JOIN - Client XPCxzcWEqOf4bVxTAAAJ -> vendors_pool
2026-04-14T07:48:42.464Z - SOCKET_JOIN - Client XPCxzcWEqOf4bVxTAAAJ -> user_69dc903c3386c4d76f1d0580
2026-04-14T07:48:42.465Z - SOCKET_JOIN - Client XPCxzcWEqOf4bVxTAAAJ -> user_69dc903c3386c4d76f1d0580
2026-04-14T07:48:42.465Z - SOCKET_JOIN - Client XPCxzcWEqOf4bVxTAAAJ -> user_69dc903c3386c4d76f1d0580
2026-04-14T07:48:42.466Z - SOCKET_JOIN - Client XPCxzcWEqOf4bVxTAAAJ -> user_69dc903c3386c4d76f1d0580
2026-04-14T07:48:55.049Z - SOCKET_JOIN - Client JdwLkqd5a6Hqro-bAAAL -> user_69dc903c3386c4d76f1d0580
2026-04-14T07:48:55.070Z - SOCKET_JOIN - Client JdwLkqd5a6Hqro-bAAAL -> user_69dc903c3386c4d76f1d0580
2026-04-14T07:48:55.071Z - SOCKET_JOIN - Client JdwLkqd5a6Hqro-bAAAL -> vendors_pool
2026-04-14T07:48:55.073Z - SOCKET_JOIN - Client JdwLkqd5a6Hqro-bAAAL -> user_69dc903c3386c4d76f1d0580
2026-04-14T07:48:55.073Z - SOCKET_JOIN - Client JdwLkqd5a6Hqro-bAAAL -> user_69dc903c3386c4d76f1d0580
2026-04-14T07:48:55.074Z - SOCKET_JOIN - Client JdwLkqd5a6Hqro-bAAAL -> vendors_pool
2026-04-14T07:48:55.074Z - SOCKET_JOIN - Client JdwLkqd5a6Hqro-bAAAL -> user_69dc903c3386c4d76f1d0580
2026-04-14T07:48:55.075Z - SOCKET_JOIN - Client JdwLkqd5a6Hqro-bAAAL -> user_69dc903c3386c4d76f1d0580
2026-04-14T07:48:55.075Z - SOCKET_JOIN - Client JdwLkqd5a6Hqro-bAAAL -> user_69dc903c3386c4d76f1d0580
2026-04-14T07:48:55.075Z - SOCKET_JOIN - Client JdwLkqd5a6Hqro-bAAAL -> user_69dc903c3386c4d76f1d0580
2026-04-14T07:49:09.441Z - Global broadcast sent for Order #EZ-2390
2026-04-14T07:49:09.529Z - Broadcasting to vendor room: user_69dc903c3386c4d76f1d0580
2026-04-14T07:49:15.010Z - --- Matching for 23.2696, 77.3882 (Found 2 active riders) ---
2026-04-14T07:49:15.011Z - Rider: Marcus V., Pos: 23.2696,77.3882, Dist: 0.000km
2026-04-14T07:49:15.011Z - Rider: Marcus V., Pos: 22.798434242721534,75.92257872586505, Dist: 158.863km
2026-04-14T07:49:45.501Z - SOCKET_JOIN - Client JN3vmnmHaF2EfiZQAAAN -> user_69d38d4ff4593140bd5f27fd
2026-04-14T07:49:45.606Z - SOCKET_JOIN - Client JN3vmnmHaF2EfiZQAAAN -> user_69d38d4ff4593140bd5f27fd
2026-04-14T07:49:45.606Z - SOCKET_JOIN - Client JN3vmnmHaF2EfiZQAAAN -> user_69d38d4ff4593140bd5f27fd
2026-04-14T07:49:45.607Z - SOCKET_JOIN - Client JN3vmnmHaF2EfiZQAAAN -> user_69d38d4ff4593140bd5f27fd
2026-04-14T07:49:45.607Z - SOCKET_JOIN - Client JN3vmnmHaF2EfiZQAAAN -> user_69d38d4ff4593140bd5f27fd
2026-04-14T07:49:45.607Z - SOCKET_JOIN - Client JN3vmnmHaF2EfiZQAAAN -> user_69d38d4ff4593140bd5f27fd
2026-04-14T07:50:12.695Z - SOCKET_JOIN - Client I_iiI78KjFHdjvdgAAAP -> user_69dc903c3386c4d76f1d0580
2026-04-14T07:50:12.809Z - SOCKET_JOIN - Client I_iiI78KjFHdjvdgAAAP -> vendors_pool
2026-04-14T07:50:12.817Z - SOCKET_JOIN - Client I_iiI78KjFHdjvdgAAAP -> user_69dc903c3386c4d76f1d0580
2026-04-14T07:50:12.817Z - SOCKET_JOIN - Client I_iiI78KjFHdjvdgAAAP -> vendors_pool
2026-04-14T07:50:12.818Z - SOCKET_JOIN - Client I_iiI78KjFHdjvdgAAAP -> user_69dc903c3386c4d76f1d0580
2026-04-14T07:50:12.818Z - SOCKET_JOIN - Client I_iiI78KjFHdjvdgAAAP -> user_69dc903c3386c4d76f1d0580
2026-04-14T07:50:20.529Z - SOCKET_JOIN - Client bH8rI91dMYJ3v-ppAAAR -> user_69dc903c3386c4d76f1d0580
2026-04-14T07:50:20.559Z - SOCKET_JOIN - Client bH8rI91dMYJ3v-ppAAAR -> vendors_pool
2026-04-14T07:50:20.560Z - SOCKET_JOIN - Client bH8rI91dMYJ3v-ppAAAR -> user_69dc903c3386c4d76f1d0580
2026-04-14T07:50:20.560Z - SOCKET_JOIN - Client bH8rI91dMYJ3v-ppAAAR -> vendors_pool
2026-04-14T07:50:20.561Z - SOCKET_JOIN - Client bH8rI91dMYJ3v-ppAAAR -> user_69dc903c3386c4d76f1d0580
2026-04-14T07:50:20.561Z - SOCKET_JOIN - Client bH8rI91dMYJ3v-ppAAAR -> user_69dc903c3386c4d76f1d0580
2026-04-14T07:54:46.960Z - SOCKET_JOIN - Client bH8rI91dMYJ3v-ppAAAR -> user_69dc903c3386c4d76f1d0580
2026-04-14T07:54:46.988Z - SOCKET_JOIN - Client lflUC9SLjI_NXLTEAAAT -> user_69dc903c3386c4d76f1d0580
2026-04-14T07:54:46.989Z - SOCKET_JOIN - Client lflUC9SLjI_NXLTEAAAT -> user_69dc903c3386c4d76f1d0580
2026-04-14T07:54:46.989Z - SOCKET_JOIN - Client lflUC9SLjI_NXLTEAAAT -> user_69dc903c3386c4d76f1d0580
2026-04-14T07:54:46.990Z - SOCKET_JOIN - Client lflUC9SLjI_NXLTEAAAT -> user_69dc903c3386c4d76f1d0580
2026-04-14T07:54:46.990Z - SOCKET_JOIN - Client lflUC9SLjI_NXLTEAAAT -> user_69dc903c3386c4d76f1d0580
2026-04-14T07:54:52.175Z - SOCKET_JOIN - Client XZSjccSuwmpd-BaWAAAV -> user_69d38d4ff4593140bd5f27fd
2026-04-14T07:54:52.285Z - SOCKET_JOIN - Client XZSjccSuwmpd-BaWAAAV -> user_69d38d4ff4593140bd5f27fd
2026-04-14T07:54:52.287Z - SOCKET_JOIN - Client XZSjccSuwmpd-BaWAAAV -> user_69d38d4ff4593140bd5f27fd
2026-04-14T07:54:52.287Z - SOCKET_JOIN - Client XZSjccSuwmpd-BaWAAAV -> user_69d38d4ff4593140bd5f27fd
2026-04-14T07:55:48.458Z - Global broadcast sent for Order #EZ-6460
2026-04-14T07:55:48.563Z - Broadcasting to vendor room: user_69dc903c3386c4d76f1d0580
2026-04-14T07:56:03.975Z - --- Matching for 23.2696, 77.3882 (Found 2 active riders) ---
2026-04-14T07:56:03.977Z - Rider: Marcus V., Pos: 23.2696,77.3882, Dist: 0.000km
2026-04-14T07:56:03.978Z - Rider: Marcus V., Pos: 22.798434242721534,75.92257872586505, Dist: 158.863km
2026-04-14T07:56:31.536Z - SOCKET_JOIN - Client gaDKMxTSVnbSly45AAAX -> user_69d38d4ff4593140bd5f27fd
2026-04-14T07:56:31.537Z - SOCKET_JOIN - Client gaDKMxTSVnbSly45AAAX -> user_69d38d4ff4593140bd5f27fd
2026-04-14T07:56:31.538Z - SOCKET_JOIN - Client gaDKMxTSVnbSly45AAAX -> user_69d38d4ff4593140bd5f27fd
2026-04-14T07:56:31.538Z - SOCKET_JOIN - Client gaDKMxTSVnbSly45AAAX -> user_69d38d4ff4593140bd5f27fd
2026-04-14T07:56:31.538Z - SOCKET_JOIN - Client gaDKMxTSVnbSly45AAAX -> user_69d38d4ff4593140bd5f27fd
2026-04-14T07:56:31.539Z - SOCKET_JOIN - Client gaDKMxTSVnbSly45AAAX -> user_69d38d4ff4593140bd5f27fd
2026-04-14T07:56:41.128Z - SOCKET_JOIN - Client ySCHvk_xpS7dWpSMAAAZ -> user_69dc903c3386c4d76f1d0580
2026-04-14T07:56:41.134Z - SOCKET_JOIN - Client ySCHvk_xpS7dWpSMAAAZ -> vendors_pool
2026-04-14T07:56:41.134Z - SOCKET_JOIN - Client ySCHvk_xpS7dWpSMAAAZ -> user_69dc903c3386c4d76f1d0580
2026-04-14T07:56:41.135Z - SOCKET_JOIN - Client ySCHvk_xpS7dWpSMAAAZ -> vendors_pool
2026-04-14T07:56:41.135Z - SOCKET_JOIN - Client ySCHvk_xpS7dWpSMAAAZ -> user_69dc903c3386c4d76f1d0580
2026-04-14T07:56:41.136Z - SOCKET_JOIN - Client ySCHvk_xpS7dWpSMAAAZ -> user_69dc903c3386c4d76f1d0580
2026-04-14T07:56:43.310Z - SOCKET_JOIN - Client 2a098NNCVech6VlmAAAb -> user_69dc903c3386c4d76f1d0580
2026-04-14T07:56:43.343Z - SOCKET_JOIN - Client 2a098NNCVech6VlmAAAb -> vendors_pool
2026-04-14T07:56:43.343Z - SOCKET_JOIN - Client 2a098NNCVech6VlmAAAb -> user_69dc903c3386c4d76f1d0580
2026-04-14T07:56:43.344Z - SOCKET_JOIN - Client 2a098NNCVech6VlmAAAb -> vendors_pool
2026-04-14T07:56:43.344Z - SOCKET_JOIN - Client 2a098NNCVech6VlmAAAb -> user_69dc903c3386c4d76f1d0580
2026-04-14T07:56:43.345Z - SOCKET_JOIN - Client 2a098NNCVech6VlmAAAb -> user_69dc903c3386c4d76f1d0580
2026-04-14T07:56:44.902Z - SOCKET_JOIN - Client 2a098NNCVech6VlmAAAb -> user_69dc903c3386c4d76f1d0580
2026-04-14T07:56:44.927Z - SOCKET_JOIN - Client Vi6-8wGemMhcnFBsAAAd -> user_69dc903c3386c4d76f1d0580
2026-04-14T07:56:45.029Z - SOCKET_JOIN - Client Vi6-8wGemMhcnFBsAAAd -> user_69dc903c3386c4d76f1d0580
2026-04-14T07:56:45.030Z - SOCKET_JOIN - Client Vi6-8wGemMhcnFBsAAAd -> user_69dc903c3386c4d76f1d0580
2026-04-14T07:56:45.030Z - SOCKET_JOIN - Client Vi6-8wGemMhcnFBsAAAd -> user_69dc903c3386c4d76f1d0580
2026-04-14T07:56:45.031Z - SOCKET_JOIN - Client Vi6-8wGemMhcnFBsAAAd -> user_69dc903c3386c4d76f1d0580
2026-04-14T07:56:50.805Z - SOCKET_JOIN - Client Oj5HyIDlARcynw30AAAf -> user_69d38d4ff4593140bd5f27fd
2026-04-14T07:56:50.924Z - SOCKET_JOIN - Client Oj5HyIDlARcynw30AAAf -> user_69d38d4ff4593140bd5f27fd
2026-04-14T07:56:50.925Z - SOCKET_JOIN - Client Oj5HyIDlARcynw30AAAf -> user_69d38d4ff4593140bd5f27fd
2026-04-14T07:56:50.925Z - SOCKET_JOIN - Client Oj5HyIDlARcynw30AAAf -> user_69d38d4ff4593140bd5f27fd
2026-04-14T07:58:19.423Z - Global broadcast sent for Order #EZ-6920
2026-04-14T07:58:19.510Z - Broadcasting to vendor room: user_69dc903c3386c4d76f1d0580
2026-04-14T07:58:28.186Z - --- Matching for 23.2696, 77.3882 (Found 2 active riders) ---
2026-04-14T07:58:28.188Z - Rider: Marcus V., Pos: 23.2696,77.3882, Dist: 0.000km
2026-04-14T07:58:28.189Z - Rider: Marcus V., Pos: 22.798434242721534,75.92257872586505, Dist: 158.863km
2026-04-14T07:58:48.075Z - SOCKET_JOIN - Client VT2gkvRDgwMhkm3-AAAh -> user_69d38d4ff4593140bd5f27fd
2026-04-14T07:58:48.081Z - SOCKET_JOIN - Client VT2gkvRDgwMhkm3-AAAh -> user_69d38d4ff4593140bd5f27fd
2026-04-14T07:58:48.082Z - SOCKET_JOIN - Client VT2gkvRDgwMhkm3-AAAh -> user_69d38d4ff4593140bd5f27fd
2026-04-14T07:58:48.083Z - SOCKET_JOIN - Client VT2gkvRDgwMhkm3-AAAh -> user_69d38d4ff4593140bd5f27fd
2026-04-14T07:58:48.083Z - SOCKET_JOIN - Client VT2gkvRDgwMhkm3-AAAh -> user_69d38d4ff4593140bd5f27fd
2026-04-14T07:58:48.084Z - SOCKET_JOIN - Client VT2gkvRDgwMhkm3-AAAh -> user_69d38d4ff4593140bd5f27fd
2026-04-14T07:58:52.371Z - SOCKET_JOIN - Client jN7aB2qdKuNxODRHAAAj -> user_69dc903c3386c4d76f1d0580
2026-04-14T07:58:52.483Z - SOCKET_JOIN - Client jN7aB2qdKuNxODRHAAAj -> vendors_pool
2026-04-14T07:58:52.484Z - SOCKET_JOIN - Client jN7aB2qdKuNxODRHAAAj -> user_69dc903c3386c4d76f1d0580
2026-04-14T07:58:52.484Z - SOCKET_JOIN - Client jN7aB2qdKuNxODRHAAAj -> vendors_pool
2026-04-14T07:58:52.485Z - SOCKET_JOIN - Client jN7aB2qdKuNxODRHAAAj -> user_69dc903c3386c4d76f1d0580
2026-04-14T07:58:52.486Z - SOCKET_JOIN - Client jN7aB2qdKuNxODRHAAAj -> user_69dc903c3386c4d76f1d0580
2026-04-14T07:58:54.662Z - SOCKET_JOIN - Client _VOJL3YpdbP5QGnQAAAl -> user_69dc903c3386c4d76f1d0580
2026-04-14T07:58:54.694Z - SOCKET_JOIN - Client _VOJL3YpdbP5QGnQAAAl -> vendors_pool
2026-04-14T07:58:54.694Z - SOCKET_JOIN - Client _VOJL3YpdbP5QGnQAAAl -> user_69dc903c3386c4d76f1d0580
2026-04-14T07:58:54.695Z - SOCKET_JOIN - Client _VOJL3YpdbP5QGnQAAAl -> vendors_pool
2026-04-14T07:58:54.696Z - SOCKET_JOIN - Client _VOJL3YpdbP5QGnQAAAl -> user_69dc903c3386c4d76f1d0580
2026-04-14T07:58:54.696Z - SOCKET_JOIN - Client _VOJL3YpdbP5QGnQAAAl -> user_69dc903c3386c4d76f1d0580
2026-04-14T07:58:56.477Z - SOCKET_JOIN - Client _VOJL3YpdbP5QGnQAAAl -> user_69dc903c3386c4d76f1d0580
2026-04-14T07:58:56.505Z - SOCKET_JOIN - Client aU-4aoAIGCRdGoDpAAAn -> user_69dc903c3386c4d76f1d0580
2026-04-14T07:58:56.620Z - SOCKET_JOIN - Client aU-4aoAIGCRdGoDpAAAn -> user_69dc903c3386c4d76f1d0580
2026-04-14T07:58:56.621Z - SOCKET_JOIN - Client aU-4aoAIGCRdGoDpAAAn -> user_69dc903c3386c4d76f1d0580
2026-04-14T07:58:56.621Z - SOCKET_JOIN - Client aU-4aoAIGCRdGoDpAAAn -> user_69dc903c3386c4d76f1d0580
2026-04-14T07:58:56.622Z - SOCKET_JOIN - Client aU-4aoAIGCRdGoDpAAAn -> user_69dc903c3386c4d76f1d0580
2026-04-14T07:59:01.913Z - SOCKET_JOIN - Client hdu2NOhU4s84rONkAAAp -> user_69d38d4ff4593140bd5f27fd
2026-04-14T07:59:01.916Z - SOCKET_JOIN - Client hdu2NOhU4s84rONkAAAp -> user_69d38d4ff4593140bd5f27fd
2026-04-14T07:59:01.916Z - SOCKET_JOIN - Client hdu2NOhU4s84rONkAAAp -> user_69d38d4ff4593140bd5f27fd
2026-04-14T07:59:01.917Z - SOCKET_JOIN - Client hdu2NOhU4s84rONkAAAp -> user_69d38d4ff4593140bd5f27fd
2026-04-14T07:59:30.461Z - SOCKET_JOIN - Client LG-hnj26_8B65O5IAAAr -> user_69d38d4ff4593140bd5f27fd
2026-04-14T07:59:30.473Z - SOCKET_JOIN - Client LG-hnj26_8B65O5IAAAr -> user_69d38d4ff4593140bd5f27fd
2026-04-14T07:59:30.474Z - SOCKET_JOIN - Client LG-hnj26_8B65O5IAAAr -> user_69d38d4ff4593140bd5f27fd
2026-04-14T07:59:30.475Z - SOCKET_JOIN - Client LG-hnj26_8B65O5IAAAr -> user_69d38d4ff4593140bd5f27fd
2026-04-14T07:59:30.475Z - SOCKET_JOIN - Client LG-hnj26_8B65O5IAAAr -> user_69d38d4ff4593140bd5f27fd
2026-04-14T07:59:30.476Z - SOCKET_JOIN - Client LG-hnj26_8B65O5IAAAr -> user_69d38d4ff4593140bd5f27fd
2026-04-14T08:01:37.721Z - SOCKET_JOIN - Client QD0OcxNEyrPRPm35AAAt -> user_69d38d4ff4593140bd5f27fd
2026-04-14T08:01:37.894Z - SOCKET_JOIN - Client QD0OcxNEyrPRPm35AAAt -> user_69d38d4ff4593140bd5f27fd
2026-04-14T08:01:37.895Z - SOCKET_JOIN - Client QD0OcxNEyrPRPm35AAAt -> user_69d38d4ff4593140bd5f27fd
2026-04-14T08:01:37.895Z - SOCKET_JOIN - Client QD0OcxNEyrPRPm35AAAt -> user_69d38d4ff4593140bd5f27fd
2026-04-14T08:01:37.896Z - SOCKET_JOIN - Client QD0OcxNEyrPRPm35AAAt -> user_69d38d4ff4593140bd5f27fd
2026-04-14T08:01:37.897Z - SOCKET_JOIN - Client QD0OcxNEyrPRPm35AAAt -> user_69d38d4ff4593140bd5f27fd
2026-04-14T08:02:35.009Z - Global broadcast sent for Order #EZ-7693
2026-04-14T08:02:35.110Z - Broadcasting to vendor room: user_69dc903c3386c4d76f1d0580
2026-04-14T08:02:44.121Z - --- Matching for 23.2696, 77.3882 (Found 2 active riders) ---
2026-04-14T08:02:44.122Z - Rider: Marcus V., Pos: 23.2696,77.3882, Dist: 0.000km
2026-04-14T08:02:44.123Z - Rider: Marcus V., Pos: 22.798434242721534,75.92257872586505, Dist: 158.863km
2026-04-14T08:03:10.540Z - SOCKET_JOIN - Client lFSYAowD_zo6AfwIAAAv -> user_69d38d4ff4593140bd5f27fd
2026-04-14T08:03:10.541Z - SOCKET_JOIN - Client lFSYAowD_zo6AfwIAAAv -> user_69d38d4ff4593140bd5f27fd
2026-04-14T08:03:10.541Z - SOCKET_JOIN - Client lFSYAowD_zo6AfwIAAAv -> user_69d38d4ff4593140bd5f27fd
2026-04-14T08:03:10.542Z - SOCKET_JOIN - Client lFSYAowD_zo6AfwIAAAv -> user_69d38d4ff4593140bd5f27fd
2026-04-14T08:03:10.542Z - SOCKET_JOIN - Client lFSYAowD_zo6AfwIAAAv -> user_69d38d4ff4593140bd5f27fd
2026-04-14T08:03:10.543Z - SOCKET_JOIN - Client lFSYAowD_zo6AfwIAAAv -> user_69d38d4ff4593140bd5f27fd
2026-04-14T08:03:10.544Z - SOCKET_JOIN - Client lFSYAowD_zo6AfwIAAAv -> user_69d38d4ff4593140bd5f27fd
2026-04-14T08:03:10.545Z - SOCKET_JOIN - Client lFSYAowD_zo6AfwIAAAv -> user_69d38d4ff4593140bd5f27fd
2026-04-14T08:03:10.545Z - SOCKET_JOIN - Client lFSYAowD_zo6AfwIAAAv -> user_69d38d4ff4593140bd5f27fd
2026-04-14T08:03:14.761Z - SOCKET_JOIN - Client LtrUII-Eh1VjsgfKAAAx -> user_69dc903c3386c4d76f1d0580
2026-04-14T08:03:14.768Z - SOCKET_JOIN - Client LtrUII-Eh1VjsgfKAAAx -> vendors_pool
2026-04-14T08:03:14.770Z - SOCKET_JOIN - Client LtrUII-Eh1VjsgfKAAAx -> user_69dc903c3386c4d76f1d0580
2026-04-14T08:03:14.771Z - SOCKET_JOIN - Client LtrUII-Eh1VjsgfKAAAx -> vendors_pool
2026-04-14T08:03:14.772Z - SOCKET_JOIN - Client LtrUII-Eh1VjsgfKAAAx -> user_69dc903c3386c4d76f1d0580
2026-04-14T08:03:14.773Z - SOCKET_JOIN - Client LtrUII-Eh1VjsgfKAAAx -> user_69dc903c3386c4d76f1d0580
2026-04-14T08:03:17.164Z - SOCKET_JOIN - Client DEKvYB7Gl7yhicVXAAAz -> user_69dc903c3386c4d76f1d0580
2026-04-14T08:03:17.177Z - SOCKET_JOIN - Client DEKvYB7Gl7yhicVXAAAz -> vendors_pool
2026-04-14T08:03:17.178Z - SOCKET_JOIN - Client DEKvYB7Gl7yhicVXAAAz -> user_69dc903c3386c4d76f1d0580
2026-04-14T08:03:17.178Z - SOCKET_JOIN - Client DEKvYB7Gl7yhicVXAAAz -> vendors_pool
2026-04-14T08:03:17.179Z - SOCKET_JOIN - Client DEKvYB7Gl7yhicVXAAAz -> user_69dc903c3386c4d76f1d0580
2026-04-14T08:03:17.179Z - SOCKET_JOIN - Client DEKvYB7Gl7yhicVXAAAz -> user_69dc903c3386c4d76f1d0580
2026-04-14T08:03:27.734Z - SOCKET_JOIN - Client DEKvYB7Gl7yhicVXAAAz -> user_69dc903c3386c4d76f1d0580
2026-04-14T08:03:27.762Z - SOCKET_JOIN - Client EUBleJLuS6K6c9ChAAA1 -> user_69dc903c3386c4d76f1d0580
2026-04-14T08:03:27.781Z - SOCKET_JOIN - Client EUBleJLuS6K6c9ChAAA1 -> user_69dc903c3386c4d76f1d0580
2026-04-14T08:03:27.782Z - SOCKET_JOIN - Client EUBleJLuS6K6c9ChAAA1 -> user_69dc903c3386c4d76f1d0580
2026-04-14T08:03:27.782Z - SOCKET_JOIN - Client EUBleJLuS6K6c9ChAAA1 -> user_69dc903c3386c4d76f1d0580
2026-04-14T08:03:27.783Z - SOCKET_JOIN - Client EUBleJLuS6K6c9ChAAA1 -> user_69dc903c3386c4d76f1d0580
2026-04-14T08:03:34.988Z - SOCKET_JOIN - Client csuqeJNg1QUTA79dAAA3 -> user_69d38d4ff4593140bd5f27fd
2026-04-14T08:03:34.993Z - SOCKET_JOIN - Client csuqeJNg1QUTA79dAAA3 -> user_69d38d4ff4593140bd5f27fd
2026-04-14T08:03:34.994Z - SOCKET_JOIN - Client csuqeJNg1QUTA79dAAA3 -> user_69d38d4ff4593140bd5f27fd
2026-04-14T08:03:34.995Z - SOCKET_JOIN - Client csuqeJNg1QUTA79dAAA3 -> user_69d38d4ff4593140bd5f27fd
2026-04-14T08:03:55.558Z - SOCKET_JOIN - Client RaTMISjvmOqM5wRZAAA5 -> user_69d38d4ff4593140bd5f27fd
2026-04-14T08:03:55.563Z - SOCKET_JOIN - Client RaTMISjvmOqM5wRZAAA5 -> user_69d38d4ff4593140bd5f27fd
2026-04-14T08:03:55.564Z - SOCKET_JOIN - Client RaTMISjvmOqM5wRZAAA5 -> user_69d38d4ff4593140bd5f27fd
2026-04-14T08:03:55.564Z - SOCKET_JOIN - Client RaTMISjvmOqM5wRZAAA5 -> user_69d38d4ff4593140bd5f27fd
2026-04-14T08:04:26.906Z - SOCKET_JOIN - Client o0pw-oJ-CmxRavd9AAA7 -> user_69dc903c3386c4d76f1d0580
2026-04-14T08:04:26.927Z - SOCKET_JOIN - Client o0pw-oJ-CmxRavd9AAA7 -> user_69dc903c3386c4d76f1d0580
2026-04-14T08:04:26.927Z - SOCKET_JOIN - Client o0pw-oJ-CmxRavd9AAA7 -> user_69dc903c3386c4d76f1d0580
2026-04-14T08:04:26.928Z - SOCKET_JOIN - Client o0pw-oJ-CmxRavd9AAA7 -> user_69dc903c3386c4d76f1d0580
2026-04-14T08:04:26.929Z - SOCKET_JOIN - Client o0pw-oJ-CmxRavd9AAA7 -> user_69dc903c3386c4d76f1d0580
2026-04-14T08:04:26.929Z - SOCKET_JOIN - Client o0pw-oJ-CmxRavd9AAA7 -> user_69dc903c3386c4d76f1d0580
2026-04-14T08:04:26.929Z - SOCKET_JOIN - Client o0pw-oJ-CmxRavd9AAA7 -> user_69dc903c3386c4d76f1d0580
2026-04-14T08:04:26.930Z - SOCKET_JOIN - Client o0pw-oJ-CmxRavd9AAA7 -> user_69dc903c3386c4d76f1d0580
2026-04-14T08:05:46.778Z - SOCKET_JOIN - Client 3iJv6FpU4YeSZ9zyAAA9 -> user_69dc903c3386c4d76f1d0580
2026-04-14T08:05:46.779Z - SOCKET_JOIN - Client 3iJv6FpU4YeSZ9zyAAA9 -> user_69dc903c3386c4d76f1d0580
2026-04-14T08:05:46.780Z - SOCKET_JOIN - Client 3iJv6FpU4YeSZ9zyAAA9 -> user_69dc903c3386c4d76f1d0580
2026-04-14T08:05:46.780Z - SOCKET_JOIN - Client 3iJv6FpU4YeSZ9zyAAA9 -> user_69dc903c3386c4d76f1d0580
2026-04-14T08:05:46.781Z - SOCKET_JOIN - Client 3iJv6FpU4YeSZ9zyAAA9 -> user_69dc903c3386c4d76f1d0580
2026-04-14T08:05:46.782Z - SOCKET_JOIN - Client 3iJv6FpU4YeSZ9zyAAA9 -> user_69dc903c3386c4d76f1d0580
2026-04-14T08:05:46.783Z - SOCKET_JOIN - Client 3iJv6FpU4YeSZ9zyAAA9 -> user_69dc903c3386c4d76f1d0580
2026-04-14T08:05:46.784Z - SOCKET_JOIN - Client 3iJv6FpU4YeSZ9zyAAA9 -> user_69dc903c3386c4d76f1d0580
2026-04-14T08:05:46.785Z - SOCKET_JOIN - Client 3iJv6FpU4YeSZ9zyAAA9 -> user_69dc903c3386c4d76f1d0580
2026-04-14T08:05:46.786Z - SOCKET_JOIN - Client 3iJv6FpU4YeSZ9zyAAA9 -> user_69dc903c3386c4d76f1d0580
2026-04-14T08:06:33.652Z - SOCKET_JOIN - Client xmz7J1kGYXb9bPomAAA_ -> user_69d38d4ff4593140bd5f27fd
2026-04-14T08:06:33.818Z - SOCKET_JOIN - Client xmz7J1kGYXb9bPomAAA_ -> user_69d38d4ff4593140bd5f27fd
2026-04-14T08:06:33.818Z - SOCKET_JOIN - Client xmz7J1kGYXb9bPomAAA_ -> user_69d38d4ff4593140bd5f27fd
2026-04-14T08:06:33.819Z - SOCKET_JOIN - Client xmz7J1kGYXb9bPomAAA_ -> user_69d38d4ff4593140bd5f27fd
2026-04-14T08:17:40.697Z - SOCKET_JOIN - Client q1B-VxCVS_TpgziUAABB -> user_69d38d4ff4593140bd5f27fd
2026-04-14T08:17:40.698Z - SOCKET_JOIN - Client q1B-VxCVS_TpgziUAABB -> user_69d38d4ff4593140bd5f27fd
2026-04-14T08:17:40.700Z - SOCKET_JOIN - Client q1B-VxCVS_TpgziUAABB -> user_69d38d4ff4593140bd5f27fd
2026-04-14T08:17:40.701Z - SOCKET_JOIN - Client q1B-VxCVS_TpgziUAABB -> user_69d38d4ff4593140bd5f27fd
2026-04-14T08:18:02.040Z - Global broadcast sent for Order #EZ-3955
2026-04-14T08:18:02.108Z - Broadcasting to vendor room: user_69dc903c3386c4d76f1d0580
2026-04-14T08:18:07.798Z - --- Matching for 23.2696, 77.3882 (Found 2 active riders) ---
2026-04-14T08:18:07.800Z - Rider: Marcus V., Pos: 23.2696,77.3882, Dist: 0.000km
2026-04-14T08:18:07.800Z - Rider: Marcus V., Pos: 22.798434242721534,75.92257872586505, Dist: 158.863km
2026-04-14T08:18:28.297Z - SOCKET_JOIN - Client R81JrH-1pR2_snBiAABD -> user_69d38d4ff4593140bd5f27fd
2026-04-14T08:18:28.420Z - SOCKET_JOIN - Client R81JrH-1pR2_snBiAABD -> user_69d38d4ff4593140bd5f27fd
2026-04-14T08:18:28.421Z - SOCKET_JOIN - Client R81JrH-1pR2_snBiAABD -> user_69d38d4ff4593140bd5f27fd
2026-04-14T08:18:28.422Z - SOCKET_JOIN - Client R81JrH-1pR2_snBiAABD -> user_69d38d4ff4593140bd5f27fd
2026-04-14T08:18:28.422Z - SOCKET_JOIN - Client R81JrH-1pR2_snBiAABD -> user_69d38d4ff4593140bd5f27fd
2026-04-14T08:18:28.422Z - SOCKET_JOIN - Client R81JrH-1pR2_snBiAABD -> user_69d38d4ff4593140bd5f27fd
2026-04-14T08:18:32.962Z - SOCKET_JOIN - Client 7b0-J1hJ7wFH8EDpAABF -> user_69dc903c3386c4d76f1d0580
2026-04-14T08:18:32.995Z - SOCKET_JOIN - Client 7b0-J1hJ7wFH8EDpAABF -> vendors_pool
2026-04-14T08:18:32.996Z - SOCKET_JOIN - Client 7b0-J1hJ7wFH8EDpAABF -> user_69dc903c3386c4d76f1d0580
2026-04-14T08:18:32.997Z - SOCKET_JOIN - Client 7b0-J1hJ7wFH8EDpAABF -> vendors_pool
2026-04-14T08:18:32.997Z - SOCKET_JOIN - Client 7b0-J1hJ7wFH8EDpAABF -> user_69dc903c3386c4d76f1d0580
2026-04-14T08:18:32.998Z - SOCKET_JOIN - Client 7b0-J1hJ7wFH8EDpAABF -> user_69dc903c3386c4d76f1d0580
2026-04-14T08:18:35.309Z - SOCKET_JOIN - Client Z5K_EXMNKUuqsWUaAABH -> user_69dc903c3386c4d76f1d0580
2026-04-14T08:18:35.316Z - SOCKET_JOIN - Client Z5K_EXMNKUuqsWUaAABH -> vendors_pool
2026-04-14T08:18:35.318Z - SOCKET_JOIN - Client Z5K_EXMNKUuqsWUaAABH -> user_69dc903c3386c4d76f1d0580
2026-04-14T08:18:35.318Z - SOCKET_JOIN - Client Z5K_EXMNKUuqsWUaAABH -> vendors_pool
2026-04-14T08:18:35.319Z - SOCKET_JOIN - Client Z5K_EXMNKUuqsWUaAABH -> user_69dc903c3386c4d76f1d0580
2026-04-14T08:18:35.320Z - SOCKET_JOIN - Client Z5K_EXMNKUuqsWUaAABH -> user_69dc903c3386c4d76f1d0580
2026-04-14T08:18:41.026Z - SOCKET_JOIN - Client Z5K_EXMNKUuqsWUaAABH -> user_69dc903c3386c4d76f1d0580
2026-04-14T08:18:41.053Z - SOCKET_JOIN - Client lMcsEJ_3uDUbPzXXAABJ -> user_69dc903c3386c4d76f1d0580
2026-04-14T08:18:41.154Z - SOCKET_JOIN - Client lMcsEJ_3uDUbPzXXAABJ -> user_69dc903c3386c4d76f1d0580
2026-04-14T08:18:41.155Z - SOCKET_JOIN - Client lMcsEJ_3uDUbPzXXAABJ -> user_69dc903c3386c4d76f1d0580
2026-04-14T08:18:41.155Z - SOCKET_JOIN - Client lMcsEJ_3uDUbPzXXAABJ -> user_69dc903c3386c4d76f1d0580
2026-04-14T08:18:41.156Z - SOCKET_JOIN - Client lMcsEJ_3uDUbPzXXAABJ -> user_69dc903c3386c4d76f1d0580
2026-04-14T08:18:45.372Z - SOCKET_JOIN - Client U3hmRMpe5KR--zb4AABL -> user_69d38d4ff4593140bd5f27fd
2026-04-14T08:18:45.401Z - SOCKET_JOIN - Client U3hmRMpe5KR--zb4AABL -> user_69d38d4ff4593140bd5f27fd
2026-04-14T08:18:45.402Z - SOCKET_JOIN - Client U3hmRMpe5KR--zb4AABL -> user_69d38d4ff4593140bd5f27fd
2026-04-14T08:18:45.403Z - SOCKET_JOIN - Client U3hmRMpe5KR--zb4AABL -> user_69d38d4ff4593140bd5f27fd
2026-04-14T08:19:52.218Z - Global broadcast sent for Order #EZ-9313
2026-04-14T08:19:52.283Z - Broadcasting to vendor room: user_69dc903c3386c4d76f1d0580
2026-04-14T08:20:07.710Z - --- Matching for 23.2696, 77.3882 (Found 2 active riders) ---
2026-04-14T08:20:07.712Z - Rider: Marcus V., Pos: 23.2696,77.3882, Dist: 0.000km
2026-04-14T08:20:07.712Z - Rider: Marcus V., Pos: 22.798434242721534,75.92257872586505, Dist: 158.863km
2026-04-14T08:20:32.882Z - SOCKET_JOIN - Client TtjkPULaxXylky9QAABN -> user_69d38d4ff4593140bd5f27fd
2026-04-14T08:20:32.994Z - SOCKET_JOIN - Client TtjkPULaxXylky9QAABN -> user_69d38d4ff4593140bd5f27fd
2026-04-14T08:20:32.995Z - SOCKET_JOIN - Client TtjkPULaxXylky9QAABN -> user_69d38d4ff4593140bd5f27fd
2026-04-14T08:20:32.996Z - SOCKET_JOIN - Client TtjkPULaxXylky9QAABN -> user_69d38d4ff4593140bd5f27fd
2026-04-14T08:20:32.996Z - SOCKET_JOIN - Client TtjkPULaxXylky9QAABN -> user_69d38d4ff4593140bd5f27fd
2026-04-14T08:20:32.997Z - SOCKET_JOIN - Client TtjkPULaxXylky9QAABN -> user_69d38d4ff4593140bd5f27fd
2026-04-14T08:20:40.581Z - SOCKET_JOIN - Client QazLGB09RWtUChoxAABP -> user_69dc903c3386c4d76f1d0580
2026-04-14T08:20:40.690Z - SOCKET_JOIN - Client QazLGB09RWtUChoxAABP -> vendors_pool
2026-04-14T08:20:40.694Z - SOCKET_JOIN - Client QazLGB09RWtUChoxAABP -> user_69dc903c3386c4d76f1d0580
2026-04-14T08:20:40.694Z - SOCKET_JOIN - Client QazLGB09RWtUChoxAABP -> vendors_pool
2026-04-14T08:20:40.695Z - SOCKET_JOIN - Client QazLGB09RWtUChoxAABP -> user_69dc903c3386c4d76f1d0580
2026-04-14T08:20:40.696Z - SOCKET_JOIN - Client QazLGB09RWtUChoxAABP -> user_69dc903c3386c4d76f1d0580
2026-04-14T08:20:42.666Z - SOCKET_JOIN - Client s08feIH8nZ5MuXWoAABR -> user_69dc903c3386c4d76f1d0580
2026-04-14T08:20:42.765Z - SOCKET_JOIN - Client s08feIH8nZ5MuXWoAABR -> vendors_pool
2026-04-14T08:20:42.766Z - SOCKET_JOIN - Client s08feIH8nZ5MuXWoAABR -> user_69dc903c3386c4d76f1d0580
2026-04-14T08:20:42.767Z - SOCKET_JOIN - Client s08feIH8nZ5MuXWoAABR -> vendors_pool
2026-04-14T08:20:42.768Z - SOCKET_JOIN - Client s08feIH8nZ5MuXWoAABR -> user_69dc903c3386c4d76f1d0580
2026-04-14T08:20:42.768Z - SOCKET_JOIN - Client s08feIH8nZ5MuXWoAABR -> user_69dc903c3386c4d76f1d0580
2026-04-14T08:20:59.542Z - SOCKET_JOIN - Client s08feIH8nZ5MuXWoAABR -> user_69dc903c3386c4d76f1d0580
2026-04-14T08:20:59.570Z - SOCKET_JOIN - Client yLm_vP_azN7U7WCdAABT -> user_69dc903c3386c4d76f1d0580
2026-04-14T08:20:59.672Z - SOCKET_JOIN - Client yLm_vP_azN7U7WCdAABT -> user_69dc903c3386c4d76f1d0580
2026-04-14T08:20:59.672Z - SOCKET_JOIN - Client yLm_vP_azN7U7WCdAABT -> user_69dc903c3386c4d76f1d0580
2026-04-14T08:20:59.673Z - SOCKET_JOIN - Client yLm_vP_azN7U7WCdAABT -> user_69dc903c3386c4d76f1d0580
2026-04-14T08:20:59.673Z - SOCKET_JOIN - Client yLm_vP_azN7U7WCdAABT -> user_69dc903c3386c4d76f1d0580
2026-04-14T08:21:04.619Z - SOCKET_JOIN - Client w0_ox_xT4QKkSdPlAABV -> user_69d38d4ff4593140bd5f27fd
2026-04-14T08:21:04.740Z - SOCKET_JOIN - Client w0_ox_xT4QKkSdPlAABV -> user_69d38d4ff4593140bd5f27fd
2026-04-14T08:21:04.740Z - SOCKET_JOIN - Client w0_ox_xT4QKkSdPlAABV -> user_69d38d4ff4593140bd5f27fd
2026-04-14T08:21:04.741Z - SOCKET_JOIN - Client w0_ox_xT4QKkSdPlAABV -> user_69d38d4ff4593140bd5f27fd
2026-04-14T08:22:53.751Z - SOCKET_JOIN - Client 1xaQfpAF9R1RmDV-AAAE -> user_69d38d4ff4593140bd5f27fd
2026-04-14T08:22:53.754Z - SOCKET_JOIN - Client 1Q2Bh9yUfs3vry8bAAAD -> user_69dc903c3386c4d76f1d0580
2026-04-14T08:22:53.755Z - SOCKET_JOIN - Client 1Q2Bh9yUfs3vry8bAAAD -> user_69dc903c3386c4d76f1d0580
2026-04-14T08:22:53.756Z - SOCKET_JOIN - Client 1Q2Bh9yUfs3vry8bAAAD -> user_69dc903c3386c4d76f1d0580
2026-04-14T08:22:53.756Z - SOCKET_JOIN - Client 1Q2Bh9yUfs3vry8bAAAD -> user_69dc903c3386c4d76f1d0580
2026-04-14T08:22:53.757Z - SOCKET_JOIN - Client 1Q2Bh9yUfs3vry8bAAAD -> user_69dc903c3386c4d76f1d0580
2026-04-14T08:22:53.757Z - SOCKET_JOIN - Client 1Q2Bh9yUfs3vry8bAAAD -> user_69dc903c3386c4d76f1d0580
2026-04-14T08:22:53.758Z - SOCKET_JOIN - Client 1Q2Bh9yUfs3vry8bAAAD -> user_69dc903c3386c4d76f1d0580
2026-04-14T08:22:53.758Z - SOCKET_JOIN - Client 1Q2Bh9yUfs3vry8bAAAD -> user_69dc903c3386c4d76f1d0580
2026-04-14T08:22:53.761Z - SOCKET_JOIN - Client 1xaQfpAF9R1RmDV-AAAE -> user_69d38d4ff4593140bd5f27fd
2026-04-14T08:22:53.763Z - SOCKET_JOIN - Client edXkTrNv4rQcVJl8AAAF -> user_69dc903c3386c4d76f1d0580
2026-04-14T08:22:53.823Z - SOCKET_JOIN - Client edXkTrNv4rQcVJl8AAAF -> user_69dc903c3386c4d76f1d0580
2026-04-14T08:22:53.824Z - SOCKET_JOIN - Client edXkTrNv4rQcVJl8AAAF -> user_69dc903c3386c4d76f1d0580
2026-04-14T08:22:53.825Z - SOCKET_JOIN - Client edXkTrNv4rQcVJl8AAAF -> user_69dc903c3386c4d76f1d0580
2026-04-14T08:23:00.462Z - SOCKET_JOIN - Client bUYy0Ye-T2-xWqlHAAAB -> user_69dc903c3386c4d76f1d0580
2026-04-14T08:23:00.569Z - SOCKET_JOIN - Client bUYy0Ye-T2-xWqlHAAAB -> user_69dc903c3386c4d76f1d0580
2026-04-14T08:23:00.571Z - SOCKET_JOIN - Client bUYy0Ye-T2-xWqlHAAAB -> user_69dc903c3386c4d76f1d0580
2026-04-14T08:23:00.572Z - SOCKET_JOIN - Client bUYy0Ye-T2-xWqlHAAAB -> user_69dc903c3386c4d76f1d0580
2026-04-14T08:23:00.573Z - SOCKET_JOIN - Client bUYy0Ye-T2-xWqlHAAAB -> user_69dc903c3386c4d76f1d0580
2026-04-14T08:23:00.573Z - SOCKET_JOIN - Client bUYy0Ye-T2-xWqlHAAAB -> user_69dc903c3386c4d76f1d0580
2026-04-14T08:23:00.574Z - SOCKET_JOIN - Client bUYy0Ye-T2-xWqlHAAAB -> user_69dc903c3386c4d76f1d0580
2026-04-14T08:23:00.574Z - SOCKET_JOIN - Client bUYy0Ye-T2-xWqlHAAAB -> user_69dc903c3386c4d76f1d0580
2026-04-14T08:23:01.459Z - SOCKET_JOIN - Client AUxnKERl6ruxtWq8AAAF -> user_69d38d4ff4593140bd5f27fd
2026-04-14T08:23:01.461Z - SOCKET_JOIN - Client FL9cfBXp3e5CextVAAAE -> user_69dc903c3386c4d76f1d0580
2026-04-14T08:23:01.465Z - SOCKET_JOIN - Client AUxnKERl6ruxtWq8AAAF -> user_69d38d4ff4593140bd5f27fd
2026-04-14T08:23:01.568Z - SOCKET_JOIN - Client FL9cfBXp3e5CextVAAAE -> user_69dc903c3386c4d76f1d0580
2026-04-14T08:23:01.569Z - SOCKET_JOIN - Client FL9cfBXp3e5CextVAAAE -> user_69dc903c3386c4d76f1d0580
2026-04-14T08:23:01.570Z - SOCKET_JOIN - Client FL9cfBXp3e5CextVAAAE -> user_69dc903c3386c4d76f1d0580
2026-04-14T08:23:19.112Z - Global broadcast sent for Order #EZ-4195
2026-04-14T08:23:19.192Z - Broadcasting to vendor room: user_69dc903c3386c4d76f1d0580
2026-04-14T08:23:23.335Z - SOCKET_JOIN - Client seE5ARVzS1M_5QzuAAAH -> user_69dc903c3386c4d76f1d0580
2026-04-14T08:23:23.377Z - SOCKET_JOIN - Client seE5ARVzS1M_5QzuAAAH -> user_69dc903c3386c4d76f1d0580
2026-04-14T08:23:23.378Z - SOCKET_JOIN - Client seE5ARVzS1M_5QzuAAAH -> vendors_pool
2026-04-14T08:23:23.378Z - SOCKET_JOIN - Client seE5ARVzS1M_5QzuAAAH -> user_69dc903c3386c4d76f1d0580
2026-04-14T08:23:23.379Z - SOCKET_JOIN - Client seE5ARVzS1M_5QzuAAAH -> user_69dc903c3386c4d76f1d0580
2026-04-14T08:23:23.380Z - SOCKET_JOIN - Client seE5ARVzS1M_5QzuAAAH -> vendors_pool
2026-04-14T08:23:23.380Z - SOCKET_JOIN - Client seE5ARVzS1M_5QzuAAAH -> user_69dc903c3386c4d76f1d0580
2026-04-14T08:23:23.381Z - SOCKET_JOIN - Client seE5ARVzS1M_5QzuAAAH -> user_69dc903c3386c4d76f1d0580
2026-04-14T08:23:23.381Z - SOCKET_JOIN - Client seE5ARVzS1M_5QzuAAAH -> user_69dc903c3386c4d76f1d0580
2026-04-14T08:23:23.382Z - SOCKET_JOIN - Client seE5ARVzS1M_5QzuAAAH -> user_69dc903c3386c4d76f1d0580
2026-04-14T08:23:26.479Z - SOCKET_JOIN - Client LW7eJ60icLg8gUzwAAAJ -> user_69dc903c3386c4d76f1d0580
2026-04-14T08:23:26.503Z - SOCKET_JOIN - Client LW7eJ60icLg8gUzwAAAJ -> user_69dc903c3386c4d76f1d0580
2026-04-14T08:23:26.504Z - SOCKET_JOIN - Client LW7eJ60icLg8gUzwAAAJ -> vendors_pool
2026-04-14T08:23:26.505Z - SOCKET_JOIN - Client LW7eJ60icLg8gUzwAAAJ -> user_69dc903c3386c4d76f1d0580
2026-04-14T08:23:26.505Z - SOCKET_JOIN - Client LW7eJ60icLg8gUzwAAAJ -> user_69dc903c3386c4d76f1d0580
2026-04-14T08:23:26.506Z - SOCKET_JOIN - Client LW7eJ60icLg8gUzwAAAJ -> vendors_pool
2026-04-14T08:23:26.506Z - SOCKET_JOIN - Client LW7eJ60icLg8gUzwAAAJ -> user_69dc903c3386c4d76f1d0580
2026-04-14T08:23:26.506Z - SOCKET_JOIN - Client LW7eJ60icLg8gUzwAAAJ -> user_69dc903c3386c4d76f1d0580
2026-04-14T08:23:26.507Z - SOCKET_JOIN - Client LW7eJ60icLg8gUzwAAAJ -> user_69dc903c3386c4d76f1d0580
2026-04-14T08:23:26.507Z - SOCKET_JOIN - Client LW7eJ60icLg8gUzwAAAJ -> user_69dc903c3386c4d76f1d0580
2026-04-14T08:23:36.478Z - Global broadcast sent for Order #EZ-4835
2026-04-14T08:23:36.567Z - Broadcasting to vendor room: user_69dc903c3386c4d76f1d0580
2026-04-14T08:23:41.878Z - --- Matching for 23.2696, 77.3882 (Found 2 active riders) ---
2026-04-14T08:23:41.879Z - Rider: Marcus V., Pos: 23.2696,77.3882, Dist: 0.000km
2026-04-14T08:23:41.880Z - Rider: Marcus V., Pos: 22.798434242721534,75.92257872586505, Dist: 158.863km
2026-04-14T08:23:45.643Z - SOCKET_JOIN - Client Pv1kgPGXZd5SACtUAAAL -> user_69d38d4ff4593140bd5f27fd
2026-04-14T08:23:45.671Z - SOCKET_JOIN - Client Pv1kgPGXZd5SACtUAAAL -> user_69d38d4ff4593140bd5f27fd
2026-04-14T08:23:45.671Z - SOCKET_JOIN - Client Pv1kgPGXZd5SACtUAAAL -> user_69d38d4ff4593140bd5f27fd
2026-04-14T08:23:45.672Z - SOCKET_JOIN - Client Pv1kgPGXZd5SACtUAAAL -> user_69d38d4ff4593140bd5f27fd
2026-04-14T08:24:03.750Z - SOCKET_JOIN - Client qX9x-7BGcDWYBCEPAAAN -> user_69d38d4ff4593140bd5f27fd
2026-04-14T08:24:03.758Z - SOCKET_JOIN - Client qX9x-7BGcDWYBCEPAAAN -> user_69d38d4ff4593140bd5f27fd
2026-04-14T08:24:03.784Z - SOCKET_JOIN - Client qX9x-7BGcDWYBCEPAAAN -> user_69d38d4ff4593140bd5f27fd
2026-04-14T08:24:03.789Z - SOCKET_JOIN - Client qX9x-7BGcDWYBCEPAAAN -> user_69d38d4ff4593140bd5f27fd
2026-04-14T08:24:03.791Z - SOCKET_JOIN - Client qX9x-7BGcDWYBCEPAAAN -> user_69d38d4ff4593140bd5f27fd
2026-04-14T08:24:03.793Z - SOCKET_JOIN - Client qX9x-7BGcDWYBCEPAAAN -> user_69d38d4ff4593140bd5f27fd
2026-04-14T08:24:14.795Z - SOCKET_JOIN - Client JGBDqqK2YCvOGcp3AAAP -> user_69dc903c3386c4d76f1d0580
2026-04-14T08:24:14.902Z - SOCKET_JOIN - Client JGBDqqK2YCvOGcp3AAAP -> user_69dc903c3386c4d76f1d0580
2026-04-14T08:24:14.902Z - SOCKET_JOIN - Client JGBDqqK2YCvOGcp3AAAP -> user_69dc903c3386c4d76f1d0580
2026-04-14T08:24:14.903Z - SOCKET_JOIN - Client JGBDqqK2YCvOGcp3AAAP -> user_69dc903c3386c4d76f1d0580
2026-04-14T08:24:14.916Z - SOCKET_JOIN - Client JGBDqqK2YCvOGcp3AAAP -> user_69dc903c3386c4d76f1d0580
2026-04-14T08:24:14.919Z - SOCKET_JOIN - Client JGBDqqK2YCvOGcp3AAAP -> user_69dc903c3386c4d76f1d0580
2026-04-14T08:24:14.920Z - SOCKET_JOIN - Client JGBDqqK2YCvOGcp3AAAP -> user_69dc903c3386c4d76f1d0580
2026-04-14T08:24:14.920Z - SOCKET_JOIN - Client JGBDqqK2YCvOGcp3AAAP -> user_69dc903c3386c4d76f1d0580
2026-04-14T08:24:32.088Z - SOCKET_JOIN - Client lIpA0pOeeDePzSFTAAAR -> user_69dc903c3386c4d76f1d0580
2026-04-14T08:24:32.098Z - SOCKET_JOIN - Client lIpA0pOeeDePzSFTAAAR -> vendors_pool
2026-04-14T08:24:32.100Z - SOCKET_JOIN - Client lIpA0pOeeDePzSFTAAAR -> user_69dc903c3386c4d76f1d0580
2026-04-14T08:24:32.100Z - SOCKET_JOIN - Client lIpA0pOeeDePzSFTAAAR -> vendors_pool
2026-04-14T08:24:32.101Z - SOCKET_JOIN - Client lIpA0pOeeDePzSFTAAAR -> user_69dc903c3386c4d76f1d0580
2026-04-14T08:24:32.101Z - SOCKET_JOIN - Client lIpA0pOeeDePzSFTAAAR -> user_69dc903c3386c4d76f1d0580
2026-04-14T08:24:33.404Z - SOCKET_JOIN - Client lIpA0pOeeDePzSFTAAAR -> user_69dc903c3386c4d76f1d0580
2026-04-14T08:24:33.429Z - SOCKET_JOIN - Client aqjv9CVQ22HwGj88AAAT -> user_69dc903c3386c4d76f1d0580
2026-04-14T08:24:33.537Z - SOCKET_JOIN - Client aqjv9CVQ22HwGj88AAAT -> user_69dc903c3386c4d76f1d0580
2026-04-14T08:24:33.537Z - SOCKET_JOIN - Client aqjv9CVQ22HwGj88AAAT -> user_69dc903c3386c4d76f1d0580
2026-04-14T08:24:33.538Z - SOCKET_JOIN - Client aqjv9CVQ22HwGj88AAAT -> user_69dc903c3386c4d76f1d0580
2026-04-14T08:24:33.538Z - SOCKET_JOIN - Client aqjv9CVQ22HwGj88AAAT -> user_69dc903c3386c4d76f1d0580
2026-04-14T08:24:40.050Z - SOCKET_JOIN - Client lNifiZwhevVm-yREAAAV -> user_69d38d4ff4593140bd5f27fd
2026-04-14T08:24:40.055Z - SOCKET_JOIN - Client lNifiZwhevVm-yREAAAV -> user_69d38d4ff4593140bd5f27fd
2026-04-14T08:24:40.056Z - SOCKET_JOIN - Client lNifiZwhevVm-yREAAAV -> user_69d38d4ff4593140bd5f27fd
2026-04-14T08:24:40.057Z - SOCKET_JOIN - Client lNifiZwhevVm-yREAAAV -> user_69d38d4ff4593140bd5f27fd
2026-04-14T08:24:52.135Z - SOCKET_JOIN - Client ZVTRIgXz36O_IrFaAAAX -> user_69d38d4ff4593140bd5f27fd
2026-04-14T08:24:52.140Z - SOCKET_JOIN - Client ZVTRIgXz36O_IrFaAAAX -> user_69d38d4ff4593140bd5f27fd
2026-04-14T08:24:52.141Z - SOCKET_JOIN - Client ZVTRIgXz36O_IrFaAAAX -> user_69d38d4ff4593140bd5f27fd
2026-04-14T08:24:52.142Z - SOCKET_JOIN - Client ZVTRIgXz36O_IrFaAAAX -> user_69d38d4ff4593140bd5f27fd
2026-04-14T08:25:06.751Z - SOCKET_JOIN - Client 1CcaUed4bR2WMlR2AAAZ -> user_69dc903c3386c4d76f1d0580
2026-04-14T08:25:06.860Z - SOCKET_JOIN - Client 1CcaUed4bR2WMlR2AAAZ -> user_69dc903c3386c4d76f1d0580
2026-04-14T08:25:06.861Z - SOCKET_JOIN - Client 1CcaUed4bR2WMlR2AAAZ -> user_69dc903c3386c4d76f1d0580
2026-04-14T08:25:06.862Z - SOCKET_JOIN - Client 1CcaUed4bR2WMlR2AAAZ -> user_69dc903c3386c4d76f1d0580
2026-04-14T08:25:06.862Z - SOCKET_JOIN - Client 1CcaUed4bR2WMlR2AAAZ -> user_69dc903c3386c4d76f1d0580
2026-04-14T08:25:06.863Z - SOCKET_JOIN - Client 1CcaUed4bR2WMlR2AAAZ -> user_69dc903c3386c4d76f1d0580
2026-04-14T08:25:06.863Z - SOCKET_JOIN - Client 1CcaUed4bR2WMlR2AAAZ -> user_69dc903c3386c4d76f1d0580
2026-04-14T08:25:06.864Z - SOCKET_JOIN - Client 1CcaUed4bR2WMlR2AAAZ -> user_69dc903c3386c4d76f1d0580
2026-04-14T08:25:13.359Z - SOCKET_JOIN - Client NlSjYUTRNwi37MqzAAAb -> user_69d38d4ff4593140bd5f27fd
2026-04-14T08:25:13.473Z - SOCKET_JOIN - Client NlSjYUTRNwi37MqzAAAb -> user_69d38d4ff4593140bd5f27fd
2026-04-14T08:25:13.473Z - SOCKET_JOIN - Client NlSjYUTRNwi37MqzAAAb -> user_69d38d4ff4593140bd5f27fd
2026-04-14T08:25:13.474Z - SOCKET_JOIN - Client NlSjYUTRNwi37MqzAAAb -> user_69d38d4ff4593140bd5f27fd
2026-04-14T08:26:31.754Z - SOCKET_JOIN - Client D7A3WEEHvQxteEG0AAAd -> user_69d38d4ff4593140bd5f27fd
2026-04-14T08:26:31.842Z - SOCKET_JOIN - Client D7A3WEEHvQxteEG0AAAd -> user_69d38d4ff4593140bd5f27fd
2026-04-14T08:28:53.716Z - SOCKET_JOIN - Client YbsaoFS34d7FwWVCAAAf -> user_69d38d4ff4593140bd5f27fd
2026-04-14T08:28:53.815Z - SOCKET_JOIN - Client YbsaoFS34d7FwWVCAAAf -> user_69d38d4ff4593140bd5f27fd
2026-04-14T08:28:53.816Z - SOCKET_JOIN - Client YbsaoFS34d7FwWVCAAAf -> user_69d38d4ff4593140bd5f27fd
2026-04-14T08:28:53.816Z - SOCKET_JOIN - Client YbsaoFS34d7FwWVCAAAf -> user_69d38d4ff4593140bd5f27fd
2026-04-14T08:31:10.469Z - SOCKET_JOIN - Client IV4VUXsYFfkt4UKBAAAC -> user_69d38d4ff4593140bd5f27fd
2026-04-14T08:31:10.472Z - SOCKET_JOIN - Client SZh_4fns5NNwUhSUAAAD -> user_69dc903c3386c4d76f1d0580
2026-04-14T08:31:10.573Z - SOCKET_JOIN - Client IV4VUXsYFfkt4UKBAAAC -> user_69d38d4ff4593140bd5f27fd
2026-04-14T08:31:10.575Z - SOCKET_JOIN - Client SZh_4fns5NNwUhSUAAAD -> user_69dc903c3386c4d76f1d0580
2026-04-14T08:31:10.576Z - SOCKET_JOIN - Client SZh_4fns5NNwUhSUAAAD -> user_69dc903c3386c4d76f1d0580
2026-04-14T08:31:10.576Z - SOCKET_JOIN - Client SZh_4fns5NNwUhSUAAAD -> user_69dc903c3386c4d76f1d0580
2026-04-14T08:31:10.577Z - SOCKET_JOIN - Client SZh_4fns5NNwUhSUAAAD -> user_69dc903c3386c4d76f1d0580
2026-04-14T08:31:10.577Z - SOCKET_JOIN - Client SZh_4fns5NNwUhSUAAAD -> user_69dc903c3386c4d76f1d0580
2026-04-14T08:31:12.463Z - SOCKET_JOIN - Client BmtS7aeJyFZdVQRHAAAF -> user_69dc903c3386c4d76f1d0580
2026-04-14T08:31:12.574Z - SOCKET_JOIN - Client BmtS7aeJyFZdVQRHAAAF -> user_69dc903c3386c4d76f1d0580
2026-04-14T08:31:12.576Z - SOCKET_JOIN - Client BmtS7aeJyFZdVQRHAAAF -> user_69dc903c3386c4d76f1d0580
2026-04-14T08:31:12.577Z - SOCKET_JOIN - Client BmtS7aeJyFZdVQRHAAAF -> user_69dc903c3386c4d76f1d0580
2026-04-14T08:31:12.578Z - SOCKET_JOIN - Client BmtS7aeJyFZdVQRHAAAF -> user_69dc903c3386c4d76f1d0580
2026-04-14T08:31:12.578Z - SOCKET_JOIN - Client BmtS7aeJyFZdVQRHAAAF -> user_69dc903c3386c4d76f1d0580
2026-04-14T08:31:12.579Z - SOCKET_JOIN - Client BmtS7aeJyFZdVQRHAAAF -> user_69dc903c3386c4d76f1d0580
2026-04-14T08:31:12.580Z - SOCKET_JOIN - Client BmtS7aeJyFZdVQRHAAAF -> user_69dc903c3386c4d76f1d0580
2026-04-14T08:31:25.651Z - Global broadcast sent for Order #EZ-5124
2026-04-14T08:31:25.794Z - Broadcasting to vendor room: user_69dc903c3386c4d76f1d0580
2026-04-14T08:31:31.431Z - --- Matching for 23.2696, 77.3882 (Found 2 active riders) ---
2026-04-14T08:31:31.432Z - Rider: Marcus V., Pos: 23.2696,77.3882, Dist: 0.000km
2026-04-14T08:31:31.432Z - Rider: Marcus V., Pos: 22.798434242721534,75.92257872586505, Dist: 158.863km
2026-04-14T08:31:56.136Z - SOCKET_JOIN - Client x0dJe_zd0Xcn_6VyAAAH -> user_69d38d4ff4593140bd5f27fd
2026-04-14T08:31:56.227Z - SOCKET_JOIN - Client x0dJe_zd0Xcn_6VyAAAH -> user_69d38d4ff4593140bd5f27fd
2026-04-14T08:31:56.228Z - SOCKET_JOIN - Client x0dJe_zd0Xcn_6VyAAAH -> user_69d38d4ff4593140bd5f27fd
2026-04-14T08:31:56.228Z - SOCKET_JOIN - Client x0dJe_zd0Xcn_6VyAAAH -> user_69d38d4ff4593140bd5f27fd
2026-04-14T08:31:56.229Z - SOCKET_JOIN - Client x0dJe_zd0Xcn_6VyAAAH -> user_69d38d4ff4593140bd5f27fd
2026-04-14T08:31:56.229Z - SOCKET_JOIN - Client x0dJe_zd0Xcn_6VyAAAH -> user_69d38d4ff4593140bd5f27fd
2026-04-14T08:31:56.229Z - SOCKET_JOIN - Client x0dJe_zd0Xcn_6VyAAAH -> user_69d38d4ff4593140bd5f27fd
2026-04-14T08:31:56.230Z - SOCKET_JOIN - Client x0dJe_zd0Xcn_6VyAAAH -> user_69d38d4ff4593140bd5f27fd
2026-04-14T08:32:03.521Z - SOCKET_JOIN - Client uRXUgJgDEVVd4K4tAAAJ -> user_69dc903c3386c4d76f1d0580
2026-04-14T08:32:03.531Z - SOCKET_JOIN - Client uRXUgJgDEVVd4K4tAAAJ -> vendors_pool
2026-04-14T08:32:03.532Z - SOCKET_JOIN - Client uRXUgJgDEVVd4K4tAAAJ -> user_69dc903c3386c4d76f1d0580
2026-04-14T08:32:03.533Z - SOCKET_JOIN - Client uRXUgJgDEVVd4K4tAAAJ -> vendors_pool
2026-04-14T08:32:03.534Z - SOCKET_JOIN - Client uRXUgJgDEVVd4K4tAAAJ -> user_69dc903c3386c4d76f1d0580
2026-04-14T08:32:03.535Z - SOCKET_JOIN - Client uRXUgJgDEVVd4K4tAAAJ -> user_69dc903c3386c4d76f1d0580
2026-04-14T08:32:05.720Z - SOCKET_JOIN - Client 82hZGSgHRULygZCUAAAL -> user_69dc903c3386c4d76f1d0580
2026-04-14T08:32:05.751Z - SOCKET_JOIN - Client 82hZGSgHRULygZCUAAAL -> vendors_pool
2026-04-14T08:32:05.752Z - SOCKET_JOIN - Client 82hZGSgHRULygZCUAAAL -> user_69dc903c3386c4d76f1d0580
2026-04-14T08:32:05.753Z - SOCKET_JOIN - Client 82hZGSgHRULygZCUAAAL -> vendors_pool
2026-04-14T08:32:05.753Z - SOCKET_JOIN - Client 82hZGSgHRULygZCUAAAL -> user_69dc903c3386c4d76f1d0580
2026-04-14T08:32:05.753Z - SOCKET_JOIN - Client 82hZGSgHRULygZCUAAAL -> user_69dc903c3386c4d76f1d0580
2026-04-14T08:32:13.443Z - --- Matching for 23.2696, 77.3882 (Found 2 active riders) ---
2026-04-14T08:32:13.444Z - Rider: Marcus V., Pos: 23.2696,77.3882, Dist: 0.000km
2026-04-14T08:32:13.445Z - Rider: Marcus V., Pos: 22.798434242721534,75.92257872586505, Dist: 158.863km
2026-04-14T08:32:13.938Z - SOCKET_JOIN - Client 4ZIQCXjSjtGkETHNAAAN -> user_69dc903c3386c4d76f1d0580
2026-04-14T08:32:13.946Z - SOCKET_JOIN - Client 4ZIQCXjSjtGkETHNAAAN -> vendors_pool
2026-04-14T08:32:13.947Z - SOCKET_JOIN - Client 4ZIQCXjSjtGkETHNAAAN -> user_69dc903c3386c4d76f1d0580
2026-04-14T08:32:13.948Z - SOCKET_JOIN - Client 4ZIQCXjSjtGkETHNAAAN -> vendors_pool
2026-04-14T08:32:13.948Z - SOCKET_JOIN - Client 4ZIQCXjSjtGkETHNAAAN -> user_69dc903c3386c4d76f1d0580
2026-04-14T08:32:13.948Z - SOCKET_JOIN - Client 4ZIQCXjSjtGkETHNAAAN -> user_69dc903c3386c4d76f1d0580
2026-04-14T08:46:35.296Z - SOCKET_JOIN - Client LipAD7nXxZiJF98RAAAB -> user_69dc903c3386c4d76f1d0580
2026-04-14T08:46:35.395Z - SOCKET_JOIN - Client LipAD7nXxZiJF98RAAAB -> user_69dc903c3386c4d76f1d0580
2026-04-14T08:46:35.461Z - SOCKET_JOIN - Client okOtTO5iKV4FdokhAAAD -> user_69dc903c3386c4d76f1d0580
2026-04-14T08:46:35.570Z - SOCKET_JOIN - Client okOtTO5iKV4FdokhAAAD -> user_69dc903c3386c4d76f1d0580
2026-04-14T08:46:35.573Z - SOCKET_JOIN - Client okOtTO5iKV4FdokhAAAD -> user_69dc903c3386c4d76f1d0580
2026-04-14T08:46:35.574Z - SOCKET_JOIN - Client okOtTO5iKV4FdokhAAAD -> user_69dc903c3386c4d76f1d0580
2026-04-14T08:46:35.575Z - SOCKET_JOIN - Client okOtTO5iKV4FdokhAAAD -> user_69dc903c3386c4d76f1d0580
2026-04-14T08:46:35.576Z - SOCKET_JOIN - Client okOtTO5iKV4FdokhAAAD -> user_69dc903c3386c4d76f1d0580
2026-04-14T08:46:35.576Z - SOCKET_JOIN - Client okOtTO5iKV4FdokhAAAD -> user_69dc903c3386c4d76f1d0580
2026-04-14T08:46:35.577Z - SOCKET_JOIN - Client okOtTO5iKV4FdokhAAAD -> user_69dc903c3386c4d76f1d0580
2026-04-14T08:47:03.705Z - SOCKET_JOIN - Client TlaXS5m3w3NVwq2NAAAF -> user_69d38d4ff4593140bd5f27fd
2026-04-14T08:47:03.808Z - SOCKET_JOIN - Client TlaXS5m3w3NVwq2NAAAF -> user_69d38d4ff4593140bd5f27fd
2026-04-14T08:47:03.808Z - SOCKET_JOIN - Client TlaXS5m3w3NVwq2NAAAF -> user_69d38d4ff4593140bd5f27fd
2026-04-14T08:47:03.809Z - SOCKET_JOIN - Client TlaXS5m3w3NVwq2NAAAF -> user_69d38d4ff4593140bd5f27fd
2026-04-14T08:47:03.809Z - SOCKET_JOIN - Client TlaXS5m3w3NVwq2NAAAF -> user_69d38d4ff4593140bd5f27fd
2026-04-14T08:47:03.809Z - SOCKET_JOIN - Client TlaXS5m3w3NVwq2NAAAF -> user_69d38d4ff4593140bd5f27fd
2026-04-14T08:47:03.810Z - SOCKET_JOIN - Client TlaXS5m3w3NVwq2NAAAF -> user_69d38d4ff4593140bd5f27fd
2026-04-14T08:47:03.810Z - SOCKET_JOIN - Client TlaXS5m3w3NVwq2NAAAF -> user_69d38d4ff4593140bd5f27fd
2026-04-14T08:47:03.811Z - SOCKET_JOIN - Client TlaXS5m3w3NVwq2NAAAF -> user_69d38d4ff4593140bd5f27fd
2026-04-14T08:47:03.812Z - SOCKET_JOIN - Client TlaXS5m3w3NVwq2NAAAF -> user_69d38d4ff4593140bd5f27fd
2026-04-14T08:47:09.560Z - SOCKET_JOIN - Client epXXsuNJS-NjxUzmAAAH -> user_69dc903c3386c4d76f1d0580
2026-04-14T08:47:09.568Z - SOCKET_JOIN - Client epXXsuNJS-NjxUzmAAAH -> vendors_pool
2026-04-14T08:47:09.570Z - SOCKET_JOIN - Client epXXsuNJS-NjxUzmAAAH -> user_69dc903c3386c4d76f1d0580
2026-04-14T08:47:09.570Z - SOCKET_JOIN - Client epXXsuNJS-NjxUzmAAAH -> vendors_pool
2026-04-14T08:47:09.571Z - SOCKET_JOIN - Client epXXsuNJS-NjxUzmAAAH -> user_69dc903c3386c4d76f1d0580
2026-04-14T08:47:09.571Z - SOCKET_JOIN - Client epXXsuNJS-NjxUzmAAAH -> user_69dc903c3386c4d76f1d0580
2026-04-14T08:52:07.733Z - SOCKET_JOIN - Client MNDV4TgFD5hFDz1dAAAJ -> user_69d38d4ff4593140bd5f27fd
2026-04-14T08:52:07.794Z - SOCKET_JOIN - Client MNDV4TgFD5hFDz1dAAAJ -> user_69d38d4ff4593140bd5f27fd
2026-04-14T08:52:07.795Z - SOCKET_JOIN - Client MNDV4TgFD5hFDz1dAAAJ -> user_69d38d4ff4593140bd5f27fd
2026-04-14T08:52:07.795Z - SOCKET_JOIN - Client MNDV4TgFD5hFDz1dAAAJ -> user_69d38d4ff4593140bd5f27fd
2026-04-14T08:52:07.796Z - SOCKET_JOIN - Client MNDV4TgFD5hFDz1dAAAJ -> user_69d38d4ff4593140bd5f27fd
2026-04-14T08:52:07.796Z - SOCKET_JOIN - Client MNDV4TgFD5hFDz1dAAAJ -> user_69d38d4ff4593140bd5f27fd
2026-04-14T08:52:07.796Z - SOCKET_JOIN - Client MNDV4TgFD5hFDz1dAAAJ -> user_69d38d4ff4593140bd5f27fd
2026-04-14T08:52:07.797Z - SOCKET_JOIN - Client MNDV4TgFD5hFDz1dAAAJ -> user_69d38d4ff4593140bd5f27fd
2026-04-14T08:52:07.798Z - SOCKET_JOIN - Client MNDV4TgFD5hFDz1dAAAJ -> user_69d38d4ff4593140bd5f27fd
2026-04-14T08:59:56.539Z - SOCKET_JOIN - Client B3Va-8ohqQ74pSI2AAAE -> user_69dc903c3386c4d76f1d0580
2026-04-14T08:59:56.543Z - SOCKET_JOIN - Client PWIWNcwY2W7191i2AAAD -> user_69d38d4ff4593140bd5f27fd
2026-04-14T08:59:56.546Z - SOCKET_JOIN - Client B3Va-8ohqQ74pSI2AAAE -> user_69dc903c3386c4d76f1d0580
2026-04-14T08:59:56.546Z - SOCKET_JOIN - Client B3Va-8ohqQ74pSI2AAAE -> user_69dc903c3386c4d76f1d0580
2026-04-14T08:59:56.547Z - SOCKET_JOIN - Client B3Va-8ohqQ74pSI2AAAE -> user_69dc903c3386c4d76f1d0580
2026-04-14T08:59:56.547Z - SOCKET_JOIN - Client B3Va-8ohqQ74pSI2AAAE -> user_69dc903c3386c4d76f1d0580
2026-04-14T08:59:56.548Z - SOCKET_JOIN - Client B3Va-8ohqQ74pSI2AAAE -> user_69dc903c3386c4d76f1d0580
2026-04-14T08:59:56.548Z - SOCKET_JOIN - Client B3Va-8ohqQ74pSI2AAAE -> user_69dc903c3386c4d76f1d0580
2026-04-14T08:59:56.549Z - SOCKET_JOIN - Client B3Va-8ohqQ74pSI2AAAE -> user_69dc903c3386c4d76f1d0580
2026-04-14T08:59:56.550Z - SOCKET_JOIN - Client wOiUnDwxq0SnG1y8AAAF -> user_69dc903c3386c4d76f1d0580
2026-04-14T08:59:56.659Z - SOCKET_JOIN - Client PWIWNcwY2W7191i2AAAD -> user_69d38d4ff4593140bd5f27fd
2026-04-14T08:59:56.660Z - SOCKET_JOIN - Client PWIWNcwY2W7191i2AAAD -> user_69d38d4ff4593140bd5f27fd
2026-04-14T08:59:56.661Z - SOCKET_JOIN - Client PWIWNcwY2W7191i2AAAD -> user_69d38d4ff4593140bd5f27fd
2026-04-14T08:59:56.662Z - SOCKET_JOIN - Client PWIWNcwY2W7191i2AAAD -> user_69d38d4ff4593140bd5f27fd
2026-04-14T08:59:56.662Z - SOCKET_JOIN - Client PWIWNcwY2W7191i2AAAD -> user_69d38d4ff4593140bd5f27fd
2026-04-14T08:59:56.663Z - SOCKET_JOIN - Client PWIWNcwY2W7191i2AAAD -> user_69d38d4ff4593140bd5f27fd
2026-04-14T08:59:56.664Z - SOCKET_JOIN - Client wOiUnDwxq0SnG1y8AAAF -> user_69dc903c3386c4d76f1d0580
2026-04-14T09:00:03.790Z - SOCKET_JOIN - Client wOiUnDwxq0SnG1y8AAAF -> user_69dc903c3386c4d76f1d0580
2026-04-14T09:00:03.813Z - SOCKET_JOIN - Client -jdPAokm0-3r-Kp3AAAH -> user_69dc903c3386c4d76f1d0580
2026-04-14T09:00:03.917Z - SOCKET_JOIN - Client -jdPAokm0-3r-Kp3AAAH -> user_69dc903c3386c4d76f1d0580
2026-04-14T09:00:03.917Z - SOCKET_JOIN - Client -jdPAokm0-3r-Kp3AAAH -> user_69dc903c3386c4d76f1d0580
2026-04-14T09:00:03.918Z - SOCKET_JOIN - Client -jdPAokm0-3r-Kp3AAAH -> user_69dc903c3386c4d76f1d0580
2026-04-14T09:00:03.918Z - SOCKET_JOIN - Client -jdPAokm0-3r-Kp3AAAH -> user_69dc903c3386c4d76f1d0580
2026-04-14T09:00:16.158Z - Global broadcast sent for Order #EZ-8861
2026-04-14T09:00:16.251Z - Broadcasting to vendor room: user_69dc903c3386c4d76f1d0580
2026-04-14T09:00:21.131Z - --- Matching for 23.2696, 77.3882 (Found 2 active riders) ---
2026-04-14T09:00:21.133Z - Rider: Marcus V., Pos: 23.2696,77.3882, Dist: 0.000km
2026-04-14T09:00:21.134Z - Rider: Marcus V., Pos: 22.798434242721534,75.92257872586505, Dist: 158.863km
2026-04-14T09:00:47.177Z - SOCKET_JOIN - Client OVOlcQ7hL_w4uzjOAAAJ -> user_69d38d4ff4593140bd5f27fd
2026-04-14T09:00:47.278Z - SOCKET_JOIN - Client OVOlcQ7hL_w4uzjOAAAJ -> user_69d38d4ff4593140bd5f27fd
2026-04-14T09:00:47.279Z - SOCKET_JOIN - Client OVOlcQ7hL_w4uzjOAAAJ -> user_69d38d4ff4593140bd5f27fd
2026-04-14T09:00:47.280Z - SOCKET_JOIN - Client OVOlcQ7hL_w4uzjOAAAJ -> user_69d38d4ff4593140bd5f27fd
2026-04-14T09:00:47.280Z - SOCKET_JOIN - Client OVOlcQ7hL_w4uzjOAAAJ -> user_69d38d4ff4593140bd5f27fd
2026-04-14T09:00:47.281Z - SOCKET_JOIN - Client OVOlcQ7hL_w4uzjOAAAJ -> user_69d38d4ff4593140bd5f27fd
2026-04-14T09:00:47.281Z - SOCKET_JOIN - Client OVOlcQ7hL_w4uzjOAAAJ -> user_69d38d4ff4593140bd5f27fd
2026-04-14T09:00:47.282Z - SOCKET_JOIN - Client OVOlcQ7hL_w4uzjOAAAJ -> user_69d38d4ff4593140bd5f27fd
2026-04-14T09:00:47.282Z - SOCKET_JOIN - Client OVOlcQ7hL_w4uzjOAAAJ -> user_69d38d4ff4593140bd5f27fd
2026-04-14T09:00:47.283Z - SOCKET_JOIN - Client OVOlcQ7hL_w4uzjOAAAJ -> user_69d38d4ff4593140bd5f27fd
2026-04-14T09:00:47.284Z - SOCKET_JOIN - Client OVOlcQ7hL_w4uzjOAAAJ -> user_69d38d4ff4593140bd5f27fd
2026-04-14T09:00:47.285Z - SOCKET_JOIN - Client OVOlcQ7hL_w4uzjOAAAJ -> user_69d38d4ff4593140bd5f27fd
2026-04-14T09:00:47.285Z - SOCKET_JOIN - Client OVOlcQ7hL_w4uzjOAAAJ -> user_69d38d4ff4593140bd5f27fd
2026-04-14T09:00:55.571Z - SOCKET_JOIN - Client -OlVccXiDmbOrz0XAAAL -> user_69dc903c3386c4d76f1d0580
2026-04-14T09:00:55.681Z - SOCKET_JOIN - Client -OlVccXiDmbOrz0XAAAL -> vendors_pool
2026-04-14T09:00:55.682Z - SOCKET_JOIN - Client -OlVccXiDmbOrz0XAAAL -> user_69dc903c3386c4d76f1d0580
2026-04-14T09:00:55.682Z - SOCKET_JOIN - Client -OlVccXiDmbOrz0XAAAL -> vendors_pool
2026-04-14T09:00:55.682Z - SOCKET_JOIN - Client -OlVccXiDmbOrz0XAAAL -> user_69dc903c3386c4d76f1d0580
2026-04-14T09:00:55.683Z - SOCKET_JOIN - Client -OlVccXiDmbOrz0XAAAL -> user_69dc903c3386c4d76f1d0580
2026-04-14T09:00:58.186Z - SOCKET_JOIN - Client RC0e6GI-7V4yDQZiAAAN -> user_69dc903c3386c4d76f1d0580
2026-04-14T09:00:58.198Z - SOCKET_JOIN - Client RC0e6GI-7V4yDQZiAAAN -> vendors_pool
2026-04-14T09:00:58.199Z - SOCKET_JOIN - Client RC0e6GI-7V4yDQZiAAAN -> user_69dc903c3386c4d76f1d0580
2026-04-14T09:00:58.199Z - SOCKET_JOIN - Client RC0e6GI-7V4yDQZiAAAN -> vendors_pool
2026-04-14T09:00:58.199Z - SOCKET_JOIN - Client RC0e6GI-7V4yDQZiAAAN -> user_69dc903c3386c4d76f1d0580
2026-04-14T09:00:58.200Z - SOCKET_JOIN - Client RC0e6GI-7V4yDQZiAAAN -> user_69dc903c3386c4d76f1d0580
2026-04-14T09:01:02.677Z - --- Matching for 23.2696, 77.3882 (Found 2 active riders) ---
2026-04-14T09:01:02.679Z - Rider: Marcus V., Pos: 23.2696,77.3882, Dist: 0.000km
2026-04-14T09:01:02.680Z - Rider: Marcus V., Pos: 22.798434242721534,75.92257872586505, Dist: 158.863km
2026-04-14T09:01:03.077Z - SOCKET_JOIN - Client fglQ3W55opuAbxVgAAAP -> user_69dc903c3386c4d76f1d0580
2026-04-14T09:01:03.086Z - SOCKET_JOIN - Client fglQ3W55opuAbxVgAAAP -> vendors_pool
2026-04-14T09:01:03.087Z - SOCKET_JOIN - Client fglQ3W55opuAbxVgAAAP -> user_69dc903c3386c4d76f1d0580
2026-04-14T09:01:03.087Z - SOCKET_JOIN - Client fglQ3W55opuAbxVgAAAP -> vendors_pool
2026-04-14T09:01:03.088Z - SOCKET_JOIN - Client fglQ3W55opuAbxVgAAAP -> user_69dc903c3386c4d76f1d0580
2026-04-14T09:01:03.092Z - SOCKET_JOIN - Client fglQ3W55opuAbxVgAAAP -> user_69dc903c3386c4d76f1d0580
2026-04-14T09:01:25.597Z - SOCKET_JOIN - Client fXZ1p-hlCENzA8lmAAAR -> user_69d38d4ff4593140bd5f27fd
2026-04-14T09:01:25.598Z - SOCKET_JOIN - Client fXZ1p-hlCENzA8lmAAAR -> user_69d38d4ff4593140bd5f27fd
2026-04-14T09:01:25.599Z - SOCKET_JOIN - Client fXZ1p-hlCENzA8lmAAAR -> user_69d38d4ff4593140bd5f27fd
2026-04-14T09:01:25.599Z - SOCKET_JOIN - Client fXZ1p-hlCENzA8lmAAAR -> user_69d38d4ff4593140bd5f27fd
2026-04-14T09:01:25.600Z - SOCKET_JOIN - Client fXZ1p-hlCENzA8lmAAAR -> user_69d38d4ff4593140bd5f27fd
2026-04-14T09:01:25.600Z - SOCKET_JOIN - Client fXZ1p-hlCENzA8lmAAAR -> user_69d38d4ff4593140bd5f27fd
2026-04-14T09:01:25.601Z - SOCKET_JOIN - Client fXZ1p-hlCENzA8lmAAAR -> user_69d38d4ff4593140bd5f27fd
2026-04-14T09:01:25.601Z - SOCKET_JOIN - Client fXZ1p-hlCENzA8lmAAAR -> user_69d38d4ff4593140bd5f27fd
2026-04-14T09:01:25.602Z - SOCKET_JOIN - Client fXZ1p-hlCENzA8lmAAAR -> user_69d38d4ff4593140bd5f27fd
2026-04-14T09:01:25.603Z - SOCKET_JOIN - Client fXZ1p-hlCENzA8lmAAAR -> user_69d38d4ff4593140bd5f27fd
2026-04-14T09:01:25.603Z - SOCKET_JOIN - Client fXZ1p-hlCENzA8lmAAAR -> user_69d38d4ff4593140bd5f27fd
2026-04-14T09:01:25.604Z - SOCKET_JOIN - Client fXZ1p-hlCENzA8lmAAAR -> user_69d38d4ff4593140bd5f27fd
2026-04-14T09:01:25.604Z - SOCKET_JOIN - Client fXZ1p-hlCENzA8lmAAAR -> user_69d38d4ff4593140bd5f27fd
2026-04-14T09:01:25.604Z - SOCKET_JOIN - Client fXZ1p-hlCENzA8lmAAAR -> user_69d38d4ff4593140bd5f27fd
2026-04-14T09:01:25.605Z - SOCKET_JOIN - Client fXZ1p-hlCENzA8lmAAAR -> user_69d38d4ff4593140bd5f27fd
2026-04-14T09:01:31.589Z - SOCKET_JOIN - Client 50YVywznAq_HlJueAAAT -> user_69dc903c3386c4d76f1d0580
2026-04-14T09:01:31.599Z - SOCKET_JOIN - Client 50YVywznAq_HlJueAAAT -> vendors_pool
2026-04-14T09:01:31.600Z - SOCKET_JOIN - Client 50YVywznAq_HlJueAAAT -> user_69dc903c3386c4d76f1d0580
2026-04-14T09:01:31.601Z - SOCKET_JOIN - Client 50YVywznAq_HlJueAAAT -> vendors_pool
2026-04-14T09:01:31.603Z - SOCKET_JOIN - Client 50YVywznAq_HlJueAAAT -> user_69dc903c3386c4d76f1d0580
2026-04-14T09:01:31.604Z - SOCKET_JOIN - Client 50YVywznAq_HlJueAAAT -> user_69dc903c3386c4d76f1d0580
2026-04-14T09:02:36.465Z - SOCKET_JOIN - Client 50YVywznAq_HlJueAAAT -> user_69dc903c3386c4d76f1d0580
2026-04-14T09:02:36.472Z - SOCKET_JOIN - Client 50YVywznAq_HlJueAAAT -> vendors_pool
2026-04-14T09:06:48.624Z - SOCKET_JOIN - Client pSC0DqVchqhifVu5AAAV -> order_69de0220817af7a7e49d7c87
2026-04-14T09:06:48.703Z - SOCKET_JOIN - Client pSC0DqVchqhifVu5AAAV -> order_69de0220817af7a7e49d7c87
2026-04-14T09:14:40.987Z - SOCKET_JOIN - Client zy4oJI9V-ABBiJyhAAAE -> user_69dc903c3386c4d76f1d0580
2026-04-14T09:14:40.988Z - SOCKET_JOIN - Client zy4oJI9V-ABBiJyhAAAE -> user_69dc903c3386c4d76f1d0580
2026-04-14T09:14:40.989Z - SOCKET_JOIN - Client zy4oJI9V-ABBiJyhAAAE -> user_69dc903c3386c4d76f1d0580
2026-04-14T09:14:40.989Z - SOCKET_JOIN - Client zy4oJI9V-ABBiJyhAAAE -> user_69dc903c3386c4d76f1d0580
2026-04-14T09:14:40.990Z - SOCKET_JOIN - Client zy4oJI9V-ABBiJyhAAAE -> user_69dc903c3386c4d76f1d0580
2026-04-14T09:14:40.991Z - SOCKET_JOIN - Client zy4oJI9V-ABBiJyhAAAE -> user_69dc903c3386c4d76f1d0580
2026-04-14T09:14:40.992Z - SOCKET_JOIN - Client zy4oJI9V-ABBiJyhAAAE -> user_69dc903c3386c4d76f1d0580
2026-04-14T09:14:40.993Z - SOCKET_JOIN - Client zy4oJI9V-ABBiJyhAAAE -> user_69dc903c3386c4d76f1d0580
2026-04-14T09:14:40.995Z - SOCKET_JOIN - Client laELHANPfxjEja8YAAAD -> user_69dc903c3386c4d76f1d0580
2026-04-14T09:14:40.997Z - SOCKET_JOIN - Client zk_n_8-8mWEuLHIXAAAF -> user_69d38d4ff4593140bd5f27fd
2026-04-14T09:14:41.003Z - SOCKET_JOIN - Client zk_n_8-8mWEuLHIXAAAF -> user_69d38d4ff4593140bd5f27fd
2026-04-14T09:14:41.003Z - SOCKET_JOIN - Client zk_n_8-8mWEuLHIXAAAF -> user_69d38d4ff4593140bd5f27fd
2026-04-14T09:14:41.004Z - SOCKET_JOIN - Client zk_n_8-8mWEuLHIXAAAF -> user_69d38d4ff4593140bd5f27fd
2026-04-14T09:14:41.004Z - SOCKET_JOIN - Client zk_n_8-8mWEuLHIXAAAF -> user_69d38d4ff4593140bd5f27fd
2026-04-14T09:14:41.005Z - SOCKET_JOIN - Client zk_n_8-8mWEuLHIXAAAF -> user_69d38d4ff4593140bd5f27fd
2026-04-14T09:14:41.005Z - SOCKET_JOIN - Client zk_n_8-8mWEuLHIXAAAF -> user_69d38d4ff4593140bd5f27fd
2026-04-14T09:14:41.006Z - SOCKET_JOIN - Client zk_n_8-8mWEuLHIXAAAF -> user_69d38d4ff4593140bd5f27fd
2026-04-14T09:14:41.006Z - SOCKET_JOIN - Client zk_n_8-8mWEuLHIXAAAF -> user_69d38d4ff4593140bd5f27fd
2026-04-14T09:14:41.007Z - SOCKET_JOIN - Client zk_n_8-8mWEuLHIXAAAF -> user_69d38d4ff4593140bd5f27fd
2026-04-14T09:14:41.007Z - SOCKET_JOIN - Client zk_n_8-8mWEuLHIXAAAF -> user_69d38d4ff4593140bd5f27fd
2026-04-14T09:14:41.118Z - SOCKET_JOIN - Client laELHANPfxjEja8YAAAD -> user_69dc903c3386c4d76f1d0580
2026-04-14T09:14:41.119Z - SOCKET_JOIN - Client laELHANPfxjEja8YAAAD -> user_69dc903c3386c4d76f1d0580
2026-04-14T09:20:11.262Z - SOCKET_JOIN - Client YsntEJYQnS-4i5hqAAAD -> user_69dc903c3386c4d76f1d0580
2026-04-14T09:20:11.303Z - SOCKET_JOIN - Client IZQi_EjNFE1GGuY_AAAE -> user_69d38d4ff4593140bd5f27fd
2026-04-14T09:20:11.305Z - SOCKET_JOIN - Client 4Is0gxdAuHfCFTIrAAAF -> user_69dc903c3386c4d76f1d0580
2026-04-14T09:20:11.309Z - SOCKET_JOIN - Client 4Is0gxdAuHfCFTIrAAAF -> user_69dc903c3386c4d76f1d0580
2026-04-14T09:20:11.310Z - SOCKET_JOIN - Client 4Is0gxdAuHfCFTIrAAAF -> user_69dc903c3386c4d76f1d0580
2026-04-14T09:20:11.370Z - SOCKET_JOIN - Client YsntEJYQnS-4i5hqAAAD -> user_69dc903c3386c4d76f1d0580
2026-04-14T09:20:11.371Z - SOCKET_JOIN - Client YsntEJYQnS-4i5hqAAAD -> user_69dc903c3386c4d76f1d0580
2026-04-14T09:20:11.371Z - SOCKET_JOIN - Client YsntEJYQnS-4i5hqAAAD -> user_69dc903c3386c4d76f1d0580
2026-04-14T09:20:11.372Z - SOCKET_JOIN - Client YsntEJYQnS-4i5hqAAAD -> user_69dc903c3386c4d76f1d0580
2026-04-14T09:20:11.372Z - SOCKET_JOIN - Client YsntEJYQnS-4i5hqAAAD -> user_69dc903c3386c4d76f1d0580
2026-04-14T09:20:11.373Z - SOCKET_JOIN - Client YsntEJYQnS-4i5hqAAAD -> user_69dc903c3386c4d76f1d0580
2026-04-14T09:20:11.373Z - SOCKET_JOIN - Client YsntEJYQnS-4i5hqAAAD -> user_69dc903c3386c4d76f1d0580
2026-04-14T09:20:11.374Z - SOCKET_JOIN - Client IZQi_EjNFE1GGuY_AAAE -> user_69d38d4ff4593140bd5f27fd
2026-04-14T09:20:11.374Z - SOCKET_JOIN - Client IZQi_EjNFE1GGuY_AAAE -> user_69d38d4ff4593140bd5f27fd
2026-04-14T09:20:11.375Z - SOCKET_JOIN - Client IZQi_EjNFE1GGuY_AAAE -> user_69d38d4ff4593140bd5f27fd
2026-04-14T09:20:11.375Z - SOCKET_JOIN - Client IZQi_EjNFE1GGuY_AAAE -> user_69d38d4ff4593140bd5f27fd
2026-04-14T09:20:11.376Z - SOCKET_JOIN - Client IZQi_EjNFE1GGuY_AAAE -> user_69d38d4ff4593140bd5f27fd
2026-04-14T09:20:11.377Z - SOCKET_JOIN - Client IZQi_EjNFE1GGuY_AAAE -> user_69d38d4ff4593140bd5f27fd
2026-04-14T09:20:11.377Z - SOCKET_JOIN - Client IZQi_EjNFE1GGuY_AAAE -> user_69d38d4ff4593140bd5f27fd
2026-04-14T09:20:11.378Z - SOCKET_JOIN - Client IZQi_EjNFE1GGuY_AAAE -> user_69d38d4ff4593140bd5f27fd
2026-04-14T09:20:11.378Z - SOCKET_JOIN - Client IZQi_EjNFE1GGuY_AAAE -> user_69d38d4ff4593140bd5f27fd
2026-04-14T09:20:11.379Z - SOCKET_JOIN - Client IZQi_EjNFE1GGuY_AAAE -> user_69d38d4ff4593140bd5f27fd
2026-04-14T09:24:29.476Z - SOCKET_JOIN - Client D6csuMqvaJeWaSjyAAAD -> user_69dc903c3386c4d76f1d0580
2026-04-14T09:24:29.481Z - SOCKET_JOIN - Client uVksj7LDMj19kyqBAAAF -> user_69d38d4ff4593140bd5f27fd
2026-04-14T09:24:29.484Z - SOCKET_JOIN - Client 5VHLOGvKBDG_KfiYAAAE -> user_69dc903c3386c4d76f1d0580
2026-04-14T09:24:29.490Z - SOCKET_JOIN - Client uVksj7LDMj19kyqBAAAF -> user_69d38d4ff4593140bd5f27fd
2026-04-14T09:24:29.491Z - SOCKET_JOIN - Client uVksj7LDMj19kyqBAAAF -> user_69d38d4ff4593140bd5f27fd
2026-04-14T09:24:29.492Z - SOCKET_JOIN - Client uVksj7LDMj19kyqBAAAF -> user_69d38d4ff4593140bd5f27fd
2026-04-14T09:24:29.494Z - SOCKET_JOIN - Client uVksj7LDMj19kyqBAAAF -> user_69d38d4ff4593140bd5f27fd
2026-04-14T09:24:29.495Z - SOCKET_JOIN - Client uVksj7LDMj19kyqBAAAF -> user_69d38d4ff4593140bd5f27fd
2026-04-14T09:24:29.495Z - SOCKET_JOIN - Client uVksj7LDMj19kyqBAAAF -> user_69d38d4ff4593140bd5f27fd
2026-04-14T09:24:29.496Z - SOCKET_JOIN - Client uVksj7LDMj19kyqBAAAF -> user_69d38d4ff4593140bd5f27fd
2026-04-14T09:24:29.497Z - SOCKET_JOIN - Client uVksj7LDMj19kyqBAAAF -> user_69d38d4ff4593140bd5f27fd
2026-04-14T09:24:29.498Z - SOCKET_JOIN - Client uVksj7LDMj19kyqBAAAF -> user_69d38d4ff4593140bd5f27fd
2026-04-14T09:24:29.498Z - SOCKET_JOIN - Client uVksj7LDMj19kyqBAAAF -> user_69d38d4ff4593140bd5f27fd
2026-04-14T09:24:29.577Z - SOCKET_JOIN - Client D6csuMqvaJeWaSjyAAAD -> user_69dc903c3386c4d76f1d0580
2026-04-14T09:24:29.578Z - SOCKET_JOIN - Client D6csuMqvaJeWaSjyAAAD -> user_69dc903c3386c4d76f1d0580
2026-04-14T09:24:29.579Z - SOCKET_JOIN - Client D6csuMqvaJeWaSjyAAAD -> user_69dc903c3386c4d76f1d0580
2026-04-14T09:24:29.580Z - SOCKET_JOIN - Client D6csuMqvaJeWaSjyAAAD -> user_69dc903c3386c4d76f1d0580
2026-04-14T09:24:29.580Z - SOCKET_JOIN - Client D6csuMqvaJeWaSjyAAAD -> user_69dc903c3386c4d76f1d0580
2026-04-14T09:24:29.581Z - SOCKET_JOIN - Client D6csuMqvaJeWaSjyAAAD -> user_69dc903c3386c4d76f1d0580
2026-04-14T09:24:29.581Z - SOCKET_JOIN - Client D6csuMqvaJeWaSjyAAAD -> user_69dc903c3386c4d76f1d0580
2026-04-14T09:24:29.585Z - SOCKET_JOIN - Client 5VHLOGvKBDG_KfiYAAAE -> user_69dc903c3386c4d76f1d0580
2026-04-14T09:24:29.586Z - SOCKET_JOIN - Client 5VHLOGvKBDG_KfiYAAAE -> user_69dc903c3386c4d76f1d0580
2026-04-14T09:30:39.468Z - SOCKET_JOIN - Client QbGsemOljdsJlCSKAAAB -> user_69dc903c3386c4d76f1d0580
2026-04-14T09:30:39.569Z - SOCKET_JOIN - Client QbGsemOljdsJlCSKAAAB -> user_69dc903c3386c4d76f1d0580
2026-04-14T09:30:39.570Z - SOCKET_JOIN - Client QbGsemOljdsJlCSKAAAB -> user_69dc903c3386c4d76f1d0580
2026-04-14T09:30:39.571Z - SOCKET_JOIN - Client QbGsemOljdsJlCSKAAAB -> user_69dc903c3386c4d76f1d0580
2026-04-14T09:30:39.571Z - SOCKET_JOIN - Client QbGsemOljdsJlCSKAAAB -> user_69dc903c3386c4d76f1d0580
2026-04-14T09:30:39.572Z - SOCKET_JOIN - Client QbGsemOljdsJlCSKAAAB -> user_69dc903c3386c4d76f1d0580
2026-04-14T09:30:39.572Z - SOCKET_JOIN - Client QbGsemOljdsJlCSKAAAB -> user_69dc903c3386c4d76f1d0580
2026-04-14T09:30:39.573Z - SOCKET_JOIN - Client QbGsemOljdsJlCSKAAAB -> user_69dc903c3386c4d76f1d0580
2026-04-14T09:30:40.459Z - SOCKET_JOIN - Client TdAzmqnAxr9B6GeNAAAE -> user_69dc903c3386c4d76f1d0580
2026-04-14T09:30:40.461Z - SOCKET_JOIN - Client TdAzmqnAxr9B6GeNAAAE -> user_69dc903c3386c4d76f1d0580
2026-04-14T09:30:40.462Z - SOCKET_JOIN - Client TdAzmqnAxr9B6GeNAAAE -> user_69dc903c3386c4d76f1d0580
2026-04-14T09:30:40.464Z - SOCKET_JOIN - Client 6ehA5WHzQ8Obrv1JAAAF -> user_69d38d4ff4593140bd5f27fd
2026-04-14T09:30:40.470Z - SOCKET_JOIN - Client 6ehA5WHzQ8Obrv1JAAAF -> user_69d38d4ff4593140bd5f27fd
2026-04-14T09:30:40.472Z - SOCKET_JOIN - Client 6ehA5WHzQ8Obrv1JAAAF -> user_69d38d4ff4593140bd5f27fd
2026-04-14T09:30:40.474Z - SOCKET_JOIN - Client 6ehA5WHzQ8Obrv1JAAAF -> user_69d38d4ff4593140bd5f27fd
2026-04-14T09:30:40.475Z - SOCKET_JOIN - Client 6ehA5WHzQ8Obrv1JAAAF -> user_69d38d4ff4593140bd5f27fd
2026-04-14T09:30:40.476Z - SOCKET_JOIN - Client 6ehA5WHzQ8Obrv1JAAAF -> user_69d38d4ff4593140bd5f27fd
2026-04-14T09:30:40.477Z - SOCKET_JOIN - Client 6ehA5WHzQ8Obrv1JAAAF -> user_69d38d4ff4593140bd5f27fd
2026-04-14T09:30:40.478Z - SOCKET_JOIN - Client 6ehA5WHzQ8Obrv1JAAAF -> user_69d38d4ff4593140bd5f27fd
2026-04-14T09:30:40.480Z - SOCKET_JOIN - Client 6ehA5WHzQ8Obrv1JAAAF -> user_69d38d4ff4593140bd5f27fd
2026-04-14T09:30:40.481Z - SOCKET_JOIN - Client 6ehA5WHzQ8Obrv1JAAAF -> user_69d38d4ff4593140bd5f27fd
2026-04-14T09:30:40.482Z - SOCKET_JOIN - Client 6ehA5WHzQ8Obrv1JAAAF -> user_69d38d4ff4593140bd5f27fd
2026-04-14T09:32:04.477Z - SOCKET_JOIN - Client PkcPxpppQ2yKXsy1AAAC -> user_69d38d4ff4593140bd5f27fd
2026-04-14T09:32:04.480Z - SOCKET_JOIN - Client 88nocUqfDtAzXUH7AAAD -> user_69dc903c3386c4d76f1d0580
2026-04-14T09:32:04.486Z - SOCKET_JOIN - Client 88nocUqfDtAzXUH7AAAD -> user_69dc903c3386c4d76f1d0580
2026-04-14T09:32:04.487Z - SOCKET_JOIN - Client 88nocUqfDtAzXUH7AAAD -> user_69dc903c3386c4d76f1d0580
2026-04-14T09:32:04.588Z - SOCKET_JOIN - Client PkcPxpppQ2yKXsy1AAAC -> user_69d38d4ff4593140bd5f27fd
2026-04-14T09:32:04.591Z - SOCKET_JOIN - Client PkcPxpppQ2yKXsy1AAAC -> user_69d38d4ff4593140bd5f27fd
2026-04-14T09:32:04.592Z - SOCKET_JOIN - Client PkcPxpppQ2yKXsy1AAAC -> user_69d38d4ff4593140bd5f27fd
2026-04-14T09:32:04.593Z - SOCKET_JOIN - Client PkcPxpppQ2yKXsy1AAAC -> user_69d38d4ff4593140bd5f27fd
2026-04-14T09:32:04.593Z - SOCKET_JOIN - Client PkcPxpppQ2yKXsy1AAAC -> user_69d38d4ff4593140bd5f27fd
2026-04-14T09:32:04.594Z - SOCKET_JOIN - Client PkcPxpppQ2yKXsy1AAAC -> user_69d38d4ff4593140bd5f27fd
2026-04-14T09:32:04.594Z - SOCKET_JOIN - Client PkcPxpppQ2yKXsy1AAAC -> user_69d38d4ff4593140bd5f27fd
2026-04-14T09:32:04.595Z - SOCKET_JOIN - Client PkcPxpppQ2yKXsy1AAAC -> user_69d38d4ff4593140bd5f27fd
2026-04-14T09:32:04.595Z - SOCKET_JOIN - Client PkcPxpppQ2yKXsy1AAAC -> user_69d38d4ff4593140bd5f27fd
2026-04-14T09:32:04.596Z - SOCKET_JOIN - Client PkcPxpppQ2yKXsy1AAAC -> user_69d38d4ff4593140bd5f27fd
2026-04-14T09:32:06.455Z - SOCKET_JOIN - Client yyaOo1pu7Ts9yozRAAAF -> user_69dc903c3386c4d76f1d0580
2026-04-14T09:32:06.565Z - SOCKET_JOIN - Client yyaOo1pu7Ts9yozRAAAF -> user_69dc903c3386c4d76f1d0580
2026-04-14T09:32:06.566Z - SOCKET_JOIN - Client yyaOo1pu7Ts9yozRAAAF -> user_69dc903c3386c4d76f1d0580
2026-04-14T09:32:06.568Z - SOCKET_JOIN - Client yyaOo1pu7Ts9yozRAAAF -> user_69dc903c3386c4d76f1d0580
2026-04-14T09:32:06.569Z - SOCKET_JOIN - Client yyaOo1pu7Ts9yozRAAAF -> user_69dc903c3386c4d76f1d0580
2026-04-14T09:32:06.570Z - SOCKET_JOIN - Client yyaOo1pu7Ts9yozRAAAF -> user_69dc903c3386c4d76f1d0580
2026-04-14T09:32:06.570Z - SOCKET_JOIN - Client yyaOo1pu7Ts9yozRAAAF -> user_69dc903c3386c4d76f1d0580
2026-04-14T09:32:06.571Z - SOCKET_JOIN - Client yyaOo1pu7Ts9yozRAAAF -> user_69dc903c3386c4d76f1d0580
2026-04-14T09:44:42.765Z - SOCKET_JOIN - Client pRDoKwWnJkmcctLwAAAC -> user_69d38d4ff4593140bd5f27fd
2026-04-14T09:44:42.767Z - SOCKET_JOIN - Client cfDE6uU1slrlh4jiAAAD -> user_69dc903c3386c4d76f1d0580
2026-04-14T09:44:42.772Z - SOCKET_JOIN - Client cfDE6uU1slrlh4jiAAAD -> user_69dc903c3386c4d76f1d0580
2026-04-14T09:44:42.773Z - SOCKET_JOIN - Client cfDE6uU1slrlh4jiAAAD -> user_69dc903c3386c4d76f1d0580
2026-04-14T09:44:42.868Z - SOCKET_JOIN - Client pRDoKwWnJkmcctLwAAAC -> user_69d38d4ff4593140bd5f27fd
2026-04-14T09:44:42.869Z - SOCKET_JOIN - Client pRDoKwWnJkmcctLwAAAC -> user_69d38d4ff4593140bd5f27fd
2026-04-14T09:44:42.871Z - SOCKET_JOIN - Client pRDoKwWnJkmcctLwAAAC -> user_69d38d4ff4593140bd5f27fd
2026-04-14T09:44:42.872Z - SOCKET_JOIN - Client pRDoKwWnJkmcctLwAAAC -> user_69d38d4ff4593140bd5f27fd
2026-04-14T09:44:42.873Z - SOCKET_JOIN - Client pRDoKwWnJkmcctLwAAAC -> user_69d38d4ff4593140bd5f27fd
2026-04-14T09:44:42.873Z - SOCKET_JOIN - Client pRDoKwWnJkmcctLwAAAC -> user_69d38d4ff4593140bd5f27fd
2026-04-14T09:44:42.874Z - SOCKET_JOIN - Client pRDoKwWnJkmcctLwAAAC -> user_69d38d4ff4593140bd5f27fd
2026-04-14T09:44:42.875Z - SOCKET_JOIN - Client pRDoKwWnJkmcctLwAAAC -> user_69d38d4ff4593140bd5f27fd
2026-04-14T09:44:42.875Z - SOCKET_JOIN - Client pRDoKwWnJkmcctLwAAAC -> user_69d38d4ff4593140bd5f27fd
2026-04-14T09:44:42.876Z - SOCKET_JOIN - Client pRDoKwWnJkmcctLwAAAC -> user_69d38d4ff4593140bd5f27fd
2026-04-14T09:50:22.835Z - SOCKET_JOIN - Client bUPMut08yHpDM1eMAAAF -> user_69d38d4ff4593140bd5f27fd
2026-04-14T09:50:22.944Z - SOCKET_JOIN - Client bUPMut08yHpDM1eMAAAF -> user_69d38d4ff4593140bd5f27fd
2026-04-14T09:50:22.945Z - SOCKET_JOIN - Client bUPMut08yHpDM1eMAAAF -> user_69d38d4ff4593140bd5f27fd
2026-04-14T09:50:22.946Z - SOCKET_JOIN - Client bUPMut08yHpDM1eMAAAF -> user_69d38d4ff4593140bd5f27fd
2026-04-14T09:50:22.946Z - SOCKET_JOIN - Client bUPMut08yHpDM1eMAAAF -> user_69d38d4ff4593140bd5f27fd
2026-04-14T09:50:22.947Z - SOCKET_JOIN - Client bUPMut08yHpDM1eMAAAF -> user_69d38d4ff4593140bd5f27fd
2026-04-14T09:50:32.481Z - SOCKET_JOIN - Client 9aNun5w-UOv4bw9dAAAC -> user_69d38d4ff4593140bd5f27fd
2026-04-14T09:50:32.484Z - SOCKET_JOIN - Client 5wxIpmdWbIm0XWu1AAAD -> user_69dc903c3386c4d76f1d0580
2026-04-14T09:50:32.489Z - SOCKET_JOIN - Client 5wxIpmdWbIm0XWu1AAAD -> user_69dc903c3386c4d76f1d0580
2026-04-14T09:50:32.490Z - SOCKET_JOIN - Client 5wxIpmdWbIm0XWu1AAAD -> user_69dc903c3386c4d76f1d0580
2026-04-14T09:50:32.588Z - SOCKET_JOIN - Client 9aNun5w-UOv4bw9dAAAC -> user_69d38d4ff4593140bd5f27fd
2026-04-14T10:00:27.127Z - SOCKET_JOIN - Client Qej6GysQzzWKuGAXAAAC -> user_69dc903c3386c4d76f1d0580
2026-04-14T10:00:27.129Z - SOCKET_JOIN - Client JNmMSM73eSenkPbvAAAD -> user_69d38d4ff4593140bd5f27fd
2026-04-14T10:00:27.135Z - SOCKET_JOIN - Client JNmMSM73eSenkPbvAAAD -> user_69d38d4ff4593140bd5f27fd
2026-04-14T10:00:27.232Z - SOCKET_JOIN - Client Qej6GysQzzWKuGAXAAAC -> user_69dc903c3386c4d76f1d0580
2026-04-14T10:00:27.233Z - SOCKET_JOIN - Client Qej6GysQzzWKuGAXAAAC -> user_69dc903c3386c4d76f1d0580
2026-04-14T10:03:05.467Z - SOCKET_JOIN - Client LDkbDtLJ_yMGga9XAAAB -> user_69dc903c3386c4d76f1d0580
2026-04-14T10:03:05.586Z - SOCKET_JOIN - Client LDkbDtLJ_yMGga9XAAAB -> user_69dc903c3386c4d76f1d0580
2026-04-14T10:03:05.588Z - SOCKET_JOIN - Client LDkbDtLJ_yMGga9XAAAB -> user_69dc903c3386c4d76f1d0580
2026-04-14T10:03:07.478Z - SOCKET_JOIN - Client UUbm4EV49HVzxnOvAAAD -> user_69d38d4ff4593140bd5f27fd
2026-04-14T10:03:07.479Z - SOCKET_JOIN - Client UUbm4EV49HVzxnOvAAAD -> user_69d38d4ff4593140bd5f27fd
2026-04-14T10:06:33.778Z - SOCKET_JOIN - Client ahbzYUITd4I1hXW7AAAC -> user_69d38d4ff4593140bd5f27fd
2026-04-14T10:06:33.779Z - SOCKET_JOIN - Client ahbzYUITd4I1hXW7AAAC -> user_69d38d4ff4593140bd5f27fd
2026-04-14T10:06:33.783Z - SOCKET_JOIN - Client xtcOkDt6cT9-AJXyAAAD -> user_69dc903c3386c4d76f1d0580
2026-04-14T10:06:33.886Z - SOCKET_JOIN - Client xtcOkDt6cT9-AJXyAAAD -> user_69dc903c3386c4d76f1d0580
2026-04-14T10:06:33.887Z - SOCKET_JOIN - Client xtcOkDt6cT9-AJXyAAAD -> user_69dc903c3386c4d76f1d0580
2026-04-14T10:10:55.462Z - [DEBUG] Fetching orders for CustomerID: 69dc984ec7d943120ade719b. Detecting phone...
2026-04-14T10:10:55.552Z - [DEBUG] Found phone: 9826723441 for account 69dc984ec7d943120ade719b
2026-04-14T10:10:55.653Z - [DEBUG] Cross-account search for 9826723441. Found 1 linked IDs.
2026-04-14T10:10:56.078Z - [DEBUG] Orders found for 9826723441: 40
2026-04-14T10:13:49.775Z - [DEBUG] Fetching orders for CustomerID: 69dc984ec7d943120ade719b. Detecting phone...
2026-04-14T10:13:50.558Z - [DEBUG] Found phone: 9826723441 for account 69dc984ec7d943120ade719b
2026-04-14T10:13:51.270Z - [DEBUG] Cross-account search for 9826723441. Found 1 linked IDs.
2026-04-14T10:13:52.730Z - [DEBUG] Orders found for 9826723441: 40
2026-04-14T10:13:52.735Z - [DEBUG] Fetching orders for CustomerID: 69dc984ec7d943120ade719b. Detecting phone...
2026-04-14T10:13:53.131Z - [DEBUG] Found phone: 9826723441 for account 69dc984ec7d943120ade719b
2026-04-14T10:13:53.801Z - [DEBUG] Cross-account search for 9826723441. Found 1 linked IDs.
2026-04-14T10:13:55.134Z - [DEBUG] Orders found for 9826723441: 40
2026-04-14T10:14:21.687Z - SOCKET_JOIN - Client Fux0Pcu7l6UkDkXpAAAF -> user_69dc984ec7d943120ade719b
2026-04-14T10:14:21.794Z - SOCKET_JOIN - Client Fux0Pcu7l6UkDkXpAAAF -> order_69ddfb5d0b1afbe89b4b4181
2026-04-14T10:14:21.794Z - SOCKET_JOIN - Client Fux0Pcu7l6UkDkXpAAAF -> user_69dc984ec7d943120ade719b
2026-04-14T10:14:21.795Z - SOCKET_JOIN - Client Fux0Pcu7l6UkDkXpAAAF -> order_69ddfb5d0b1afbe89b4b4181
2026-04-14T10:14:21.796Z - SOCKET_JOIN - Client Fux0Pcu7l6UkDkXpAAAF -> user_69dc984ec7d943120ade719b
2026-04-14T10:14:21.796Z - SOCKET_JOIN - Client Fux0Pcu7l6UkDkXpAAAF -> user_69dc984ec7d943120ade719b
2026-04-14T10:14:28.364Z - [DEBUG] Fetching orders for CustomerID: 69dc984ec7d943120ade719b. Detecting phone...
2026-04-14T10:14:28.462Z - [DEBUG] Found phone: 9826723441 for account 69dc984ec7d943120ade719b
2026-04-14T10:14:28.557Z - [DEBUG] Cross-account search for 9826723441. Found 1 linked IDs.
2026-04-14T10:14:28.910Z - [DEBUG] Orders found for 9826723441: 40
2026-04-14T10:14:28.915Z - [DEBUG] Fetching orders for CustomerID: 69dc984ec7d943120ade719b. Detecting phone...
2026-04-14T10:14:29.025Z - [DEBUG] Found phone: 9826723441 for account 69dc984ec7d943120ade719b
2026-04-14T10:14:29.123Z - [DEBUG] Cross-account search for 9826723441. Found 1 linked IDs.
2026-04-14T10:14:29.518Z - [DEBUG] Orders found for 9826723441: 40
2026-04-14T10:14:45.972Z - [DEBUG] Fetching orders for CustomerID: 69dc984ec7d943120ade719b. Detecting phone...
2026-04-14T10:14:46.101Z - [DEBUG] Found phone: 9826723441 for account 69dc984ec7d943120ade719b
2026-04-14T10:14:46.191Z - [DEBUG] Cross-account search for 9826723441. Found 1 linked IDs.
2026-04-14T10:14:46.617Z - [DEBUG] Orders found for 9826723441: 40
2026-04-14T10:14:46.621Z - [DEBUG] Fetching orders for CustomerID: 69dc984ec7d943120ade719b. Detecting phone...
2026-04-14T10:14:47.278Z - [DEBUG] Found phone: 9826723441 for account 69dc984ec7d943120ade719b
2026-04-14T10:14:47.437Z - [DEBUG] Cross-account search for 9826723441. Found 1 linked IDs.
2026-04-14T10:14:48.075Z - [DEBUG] Orders found for 9826723441: 40
2026-04-14T10:24:40.740Z - SOCKET_JOIN - Client 0YfHb6BbiWWglqxCAAAC -> user_69dc903c3386c4d76f1d0580
2026-04-14T10:24:40.743Z - SOCKET_JOIN - Client 6fKqgMheRyuchjm8AAAD -> user_69d38d4ff4593140bd5f27fd
2026-04-14T10:24:40.748Z - SOCKET_JOIN - Client 6fKqgMheRyuchjm8AAAD -> user_69d38d4ff4593140bd5f27fd
2026-04-14T10:24:40.862Z - SOCKET_JOIN - Client 0YfHb6BbiWWglqxCAAAC -> user_69dc903c3386c4d76f1d0580
2026-04-14T10:24:40.863Z - SOCKET_JOIN - Client 0YfHb6BbiWWglqxCAAAC -> user_69dc903c3386c4d76f1d0580
2026-04-14T10:41:10.499Z - SOCKET_JOIN - Client A8nfhvYn5G51DFyiAAAC -> user_69d38d4ff4593140bd5f27fd
2026-04-14T10:41:10.502Z - SOCKET_JOIN - Client fNg_acCbVWj1Ez-PAAAD -> user_69dc903c3386c4d76f1d0580
2026-04-14T10:41:10.508Z - SOCKET_JOIN - Client fNg_acCbVWj1Ez-PAAAD -> user_69dc903c3386c4d76f1d0580
2026-04-14T10:41:10.509Z - SOCKET_JOIN - Client fNg_acCbVWj1Ez-PAAAD -> user_69dc903c3386c4d76f1d0580
2026-04-14T10:41:10.609Z - SOCKET_JOIN - Client A8nfhvYn5G51DFyiAAAC -> user_69d38d4ff4593140bd5f27fd
2026-04-14T10:43:34.234Z - SOCKET_JOIN - Client DCPMKGooeQ1GIgt5AAAB -> user_69d38d4ff4593140bd5f27fd
2026-04-14T10:43:34.339Z - SOCKET_JOIN - Client DCPMKGooeQ1GIgt5AAAB -> user_69d38d4ff4593140bd5f27fd
2026-04-14T10:43:34.476Z - SOCKET_JOIN - Client 0-ErUz6f_J2sUNX0AAAD -> user_69dc903c3386c4d76f1d0580
2026-04-14T10:43:34.478Z - SOCKET_JOIN - Client 0-ErUz6f_J2sUNX0AAAD -> user_69dc903c3386c4d76f1d0580
2026-04-14T10:43:34.478Z - SOCKET_JOIN - Client 0-ErUz6f_J2sUNX0AAAD -> user_69dc903c3386c4d76f1d0580
2026-04-14T11:44:02.849Z - SOCKET_JOIN - Client 5_tGnjUd0RgRTfRFAAAF -> user_69d38d4ff4593140bd5f27fd
2026-04-14T11:44:02.922Z - SOCKET_JOIN - Client 5_tGnjUd0RgRTfRFAAAF -> user_69d38d4ff4593140bd5f27fd
2026-04-14T11:44:02.924Z - SOCKET_JOIN - Client 5_tGnjUd0RgRTfRFAAAF -> user_69d38d4ff4593140bd5f27fd
2026-04-14T11:44:02.940Z - SOCKET_JOIN - Client 5_tGnjUd0RgRTfRFAAAF -> user_69d38d4ff4593140bd5f27fd
2026-04-14T11:44:02.948Z - SOCKET_JOIN - Client 5_tGnjUd0RgRTfRFAAAF -> user_69d38d4ff4593140bd5f27fd
2026-04-14T11:44:02.953Z - SOCKET_JOIN - Client 5_tGnjUd0RgRTfRFAAAF -> user_69d38d4ff4593140bd5f27fd
2026-04-14T11:44:04.898Z - SOCKET_JOIN - Client Y0NOtKgMhvFlC4OcAAAH -> user_69dc903c3386c4d76f1d0580
2026-04-14T11:44:04.905Z - SOCKET_JOIN - Client Y0NOtKgMhvFlC4OcAAAH -> vendors_pool
2026-04-14T11:44:04.906Z - SOCKET_JOIN - Client Y0NOtKgMhvFlC4OcAAAH -> user_69dc903c3386c4d76f1d0580
2026-04-14T11:44:04.907Z - SOCKET_JOIN - Client Y0NOtKgMhvFlC4OcAAAH -> vendors_pool
2026-04-14T11:44:04.907Z - SOCKET_JOIN - Client Y0NOtKgMhvFlC4OcAAAH -> user_69dc903c3386c4d76f1d0580
2026-04-14T11:44:04.912Z - SOCKET_JOIN - Client Y0NOtKgMhvFlC4OcAAAH -> user_69dc903c3386c4d76f1d0580
2026-04-14T11:44:08.153Z - SOCKET_JOIN - Client Y0NOtKgMhvFlC4OcAAAH -> user_69dc903c3386c4d76f1d0580
2026-04-14T11:44:08.204Z - SOCKET_JOIN - Client y_lze4tfxCEfyzfWAAAJ -> user_69dc903c3386c4d76f1d0580
2026-04-14T11:44:08.212Z - SOCKET_JOIN - Client y_lze4tfxCEfyzfWAAAJ -> user_69dc903c3386c4d76f1d0580
2026-04-14T11:44:08.213Z - SOCKET_JOIN - Client y_lze4tfxCEfyzfWAAAJ -> user_69dc903c3386c4d76f1d0580
2026-04-14T11:44:08.214Z - SOCKET_JOIN - Client y_lze4tfxCEfyzfWAAAJ -> user_69dc903c3386c4d76f1d0580
2026-04-14T11:44:08.214Z - SOCKET_JOIN - Client y_lze4tfxCEfyzfWAAAJ -> user_69dc903c3386c4d76f1d0580
2026-04-14T11:45:46.750Z - SOCKET_JOIN - Client xf-GsFdzx-PSNHuxAAAM -> user_69d38d4ff4593140bd5f27fd
2026-04-14T11:45:46.751Z - SOCKET_JOIN - Client xf-GsFdzx-PSNHuxAAAM -> user_69d38d4ff4593140bd5f27fd
2026-04-14T11:45:46.752Z - SOCKET_JOIN - Client xf-GsFdzx-PSNHuxAAAM -> user_69d38d4ff4593140bd5f27fd
2026-04-14T11:45:46.752Z - SOCKET_JOIN - Client xf-GsFdzx-PSNHuxAAAM -> user_69d38d4ff4593140bd5f27fd
2026-04-14T11:45:46.753Z - SOCKET_JOIN - Client xf-GsFdzx-PSNHuxAAAM -> user_69d38d4ff4593140bd5f27fd
2026-04-14T11:45:46.753Z - SOCKET_JOIN - Client xf-GsFdzx-PSNHuxAAAM -> user_69d38d4ff4593140bd5f27fd
2026-04-14T11:45:46.754Z - SOCKET_JOIN - Client xf-GsFdzx-PSNHuxAAAM -> user_69d38d4ff4593140bd5f27fd
2026-04-14T11:45:46.754Z - SOCKET_JOIN - Client xf-GsFdzx-PSNHuxAAAM -> user_69d38d4ff4593140bd5f27fd
2026-04-14T11:45:46.924Z - SOCKET_JOIN - Client HKzEV26LCQ5w4P8LAAAN -> user_69dc903c3386c4d76f1d0580
2026-04-14T11:45:46.925Z - SOCKET_JOIN - Client HKzEV26LCQ5w4P8LAAAN -> user_69dc903c3386c4d76f1d0580
2026-04-14T11:45:46.925Z - SOCKET_JOIN - Client HKzEV26LCQ5w4P8LAAAN -> vendors_pool
2026-04-14T11:45:46.926Z - SOCKET_JOIN - Client HKzEV26LCQ5w4P8LAAAN -> user_69dc903c3386c4d76f1d0580
2026-04-14T11:45:46.926Z - SOCKET_JOIN - Client HKzEV26LCQ5w4P8LAAAN -> user_69dc903c3386c4d76f1d0580
2026-04-14T11:45:46.926Z - SOCKET_JOIN - Client HKzEV26LCQ5w4P8LAAAN -> vendors_pool
2026-04-14T11:45:46.927Z - SOCKET_JOIN - Client HKzEV26LCQ5w4P8LAAAN -> user_69dc903c3386c4d76f1d0580
2026-04-14T11:45:46.927Z - SOCKET_JOIN - Client HKzEV26LCQ5w4P8LAAAN -> user_69dc903c3386c4d76f1d0580
2026-04-14T11:45:46.927Z - SOCKET_JOIN - Client HKzEV26LCQ5w4P8LAAAN -> user_69dc903c3386c4d76f1d0580
2026-04-14T11:45:46.928Z - SOCKET_JOIN - Client HKzEV26LCQ5w4P8LAAAN -> user_69dc903c3386c4d76f1d0580
2026-04-14T11:45:46.928Z - SOCKET_JOIN - Client HKzEV26LCQ5w4P8LAAAN -> user_69dc903c3386c4d76f1d0580
2026-04-14T11:45:46.929Z - SOCKET_JOIN - Client HKzEV26LCQ5w4P8LAAAN -> user_69dc903c3386c4d76f1d0580
2026-04-14T11:45:46.929Z - SOCKET_JOIN - Client HKzEV26LCQ5w4P8LAAAN -> user_69dc903c3386c4d76f1d0580
2026-04-14T11:45:46.929Z - SOCKET_JOIN - Client HKzEV26LCQ5w4P8LAAAN -> user_69dc903c3386c4d76f1d0580
2026-04-14T11:50:02.158Z - SOCKET_JOIN - Client N9xSV9eK2i3i0YorAAAP -> user_69dc903c3386c4d76f1d0580
2026-04-14T11:50:02.181Z - SOCKET_JOIN - Client N9xSV9eK2i3i0YorAAAP -> user_69dc903c3386c4d76f1d0580
2026-04-14T11:50:02.182Z - SOCKET_JOIN - Client N9xSV9eK2i3i0YorAAAP -> vendors_pool
2026-04-14T11:50:02.184Z - SOCKET_JOIN - Client N9xSV9eK2i3i0YorAAAP -> user_69dc903c3386c4d76f1d0580
2026-04-14T11:50:02.184Z - SOCKET_JOIN - Client N9xSV9eK2i3i0YorAAAP -> user_69dc903c3386c4d76f1d0580
2026-04-14T11:50:02.185Z - SOCKET_JOIN - Client N9xSV9eK2i3i0YorAAAP -> vendors_pool
2026-04-14T11:50:02.185Z - SOCKET_JOIN - Client N9xSV9eK2i3i0YorAAAP -> user_69dc903c3386c4d76f1d0580
2026-04-14T11:50:02.186Z - SOCKET_JOIN - Client N9xSV9eK2i3i0YorAAAP -> user_69dc903c3386c4d76f1d0580
2026-04-14T11:50:02.187Z - SOCKET_JOIN - Client N9xSV9eK2i3i0YorAAAP -> user_69dc903c3386c4d76f1d0580
2026-04-14T11:50:02.187Z - SOCKET_JOIN - Client N9xSV9eK2i3i0YorAAAP -> user_69dc903c3386c4d76f1d0580
2026-04-14T11:50:33.912Z - SOCKET_JOIN - Client trAzn_qIvDaM_TQeAAAR -> user_69dc903c3386c4d76f1d0580
2026-04-14T11:50:34.015Z - SOCKET_JOIN - Client trAzn_qIvDaM_TQeAAAR -> user_69dc903c3386c4d76f1d0580
2026-04-14T11:50:34.016Z - SOCKET_JOIN - Client trAzn_qIvDaM_TQeAAAR -> user_69dc903c3386c4d76f1d0580
2026-04-14T11:50:34.016Z - SOCKET_JOIN - Client trAzn_qIvDaM_TQeAAAR -> user_69dc903c3386c4d76f1d0580
2026-04-14T11:50:34.017Z - SOCKET_JOIN - Client trAzn_qIvDaM_TQeAAAR -> user_69dc903c3386c4d76f1d0580
2026-04-14T11:50:34.017Z - SOCKET_JOIN - Client trAzn_qIvDaM_TQeAAAR -> user_69dc903c3386c4d76f1d0580
2026-04-14T11:50:34.018Z - SOCKET_JOIN - Client trAzn_qIvDaM_TQeAAAR -> user_69dc903c3386c4d76f1d0580
2026-04-14T11:50:34.018Z - SOCKET_JOIN - Client trAzn_qIvDaM_TQeAAAR -> user_69dc903c3386c4d76f1d0580
2026-04-14T11:50:58.589Z - SOCKET_JOIN - Client 7fqIAOkLjEjTb72xAAAT -> user_69dc903c3386c4d76f1d0580
2026-04-14T11:50:58.689Z - SOCKET_JOIN - Client 7fqIAOkLjEjTb72xAAAT -> user_69dc903c3386c4d76f1d0580
2026-04-14T11:50:58.690Z - SOCKET_JOIN - Client 7fqIAOkLjEjTb72xAAAT -> user_69dc903c3386c4d76f1d0580
2026-04-14T11:50:58.691Z - SOCKET_JOIN - Client 7fqIAOkLjEjTb72xAAAT -> user_69dc903c3386c4d76f1d0580
2026-04-14T11:50:58.691Z - SOCKET_JOIN - Client 7fqIAOkLjEjTb72xAAAT -> user_69dc903c3386c4d76f1d0580
2026-04-14T11:50:58.692Z - SOCKET_JOIN - Client 7fqIAOkLjEjTb72xAAAT -> user_69dc903c3386c4d76f1d0580
2026-04-14T11:50:58.693Z - SOCKET_JOIN - Client 7fqIAOkLjEjTb72xAAAT -> user_69dc903c3386c4d76f1d0580
2026-04-14T11:50:58.693Z - SOCKET_JOIN - Client 7fqIAOkLjEjTb72xAAAT -> user_69dc903c3386c4d76f1d0580
2026-04-14T11:50:58.693Z - SOCKET_JOIN - Client 7fqIAOkLjEjTb72xAAAT -> user_69dc903c3386c4d76f1d0580
2026-04-14T11:50:58.694Z - SOCKET_JOIN - Client 7fqIAOkLjEjTb72xAAAT -> user_69dc903c3386c4d76f1d0580
2026-04-14T11:51:13.294Z - SOCKET_JOIN - Client RgRpCAj5-m3A0JZkAAAV -> user_69dc903c3386c4d76f1d0580
2026-04-14T11:51:13.342Z - SOCKET_JOIN - Client RgRpCAj5-m3A0JZkAAAV -> user_69dc903c3386c4d76f1d0580
2026-04-14T11:51:13.343Z - SOCKET_JOIN - Client RgRpCAj5-m3A0JZkAAAV -> vendors_pool
2026-04-14T11:51:13.343Z - SOCKET_JOIN - Client RgRpCAj5-m3A0JZkAAAV -> user_69dc903c3386c4d76f1d0580
2026-04-14T11:51:13.344Z - SOCKET_JOIN - Client RgRpCAj5-m3A0JZkAAAV -> user_69dc903c3386c4d76f1d0580
2026-04-14T11:51:13.380Z - SOCKET_JOIN - Client RgRpCAj5-m3A0JZkAAAV -> vendors_pool
2026-04-14T11:51:13.409Z - SOCKET_JOIN - Client RgRpCAj5-m3A0JZkAAAV -> user_69dc903c3386c4d76f1d0580
2026-04-14T11:51:13.411Z - SOCKET_JOIN - Client RgRpCAj5-m3A0JZkAAAV -> user_69dc903c3386c4d76f1d0580
2026-04-14T11:51:13.412Z - SOCKET_JOIN - Client RgRpCAj5-m3A0JZkAAAV -> user_69dc903c3386c4d76f1d0580
2026-04-14T11:51:13.412Z - SOCKET_JOIN - Client RgRpCAj5-m3A0JZkAAAV -> user_69dc903c3386c4d76f1d0580
2026-04-14T11:56:59.578Z - SOCKET_JOIN - Client suLnMbIE1hp2BD68AAAX -> user_69dc903c3386c4d76f1d0580
2026-04-14T11:56:59.622Z - SOCKET_JOIN - Client suLnMbIE1hp2BD68AAAX -> user_69dc903c3386c4d76f1d0580
2026-04-14T11:56:59.623Z - SOCKET_JOIN - Client suLnMbIE1hp2BD68AAAX -> vendors_pool
2026-04-14T11:56:59.624Z - SOCKET_JOIN - Client suLnMbIE1hp2BD68AAAX -> user_69dc903c3386c4d76f1d0580
2026-04-14T11:56:59.624Z - SOCKET_JOIN - Client suLnMbIE1hp2BD68AAAX -> user_69dc903c3386c4d76f1d0580
2026-04-14T11:56:59.625Z - SOCKET_JOIN - Client suLnMbIE1hp2BD68AAAX -> vendors_pool
2026-04-14T11:56:59.625Z - SOCKET_JOIN - Client suLnMbIE1hp2BD68AAAX -> user_69dc903c3386c4d76f1d0580
2026-04-14T11:56:59.626Z - SOCKET_JOIN - Client suLnMbIE1hp2BD68AAAX -> user_69dc903c3386c4d76f1d0580
2026-04-14T11:56:59.626Z - SOCKET_JOIN - Client suLnMbIE1hp2BD68AAAX -> user_69dc903c3386c4d76f1d0580
2026-04-14T11:56:59.627Z - SOCKET_JOIN - Client suLnMbIE1hp2BD68AAAX -> user_69dc903c3386c4d76f1d0580
2026-04-14T11:59:08.504Z - SOCKET_JOIN - Client 80Zi--b_A3sJ19eZAAAC -> user_69dc903c3386c4d76f1d0580
2026-04-14T11:59:08.510Z - SOCKET_JOIN - Client t24BS-jo5yqD1ggdAAAD -> user_69d38d4ff4593140bd5f27fd
2026-04-14T11:59:08.513Z - SOCKET_JOIN - Client 80Zi--b_A3sJ19eZAAAC -> user_69dc903c3386c4d76f1d0580
2026-04-14T11:59:08.514Z - SOCKET_JOIN - Client 80Zi--b_A3sJ19eZAAAC -> user_69dc903c3386c4d76f1d0580
2026-04-14T11:59:08.514Z - SOCKET_JOIN - Client 80Zi--b_A3sJ19eZAAAC -> user_69dc903c3386c4d76f1d0580
2026-04-14T11:59:08.517Z - SOCKET_JOIN - Client t24BS-jo5yqD1ggdAAAD -> user_69d38d4ff4593140bd5f27fd
2026-04-14T11:59:08.518Z - SOCKET_JOIN - Client t24BS-jo5yqD1ggdAAAD -> user_69d38d4ff4593140bd5f27fd
2026-04-14T11:59:08.518Z - SOCKET_JOIN - Client t24BS-jo5yqD1ggdAAAD -> user_69d38d4ff4593140bd5f27fd
2026-04-14T11:59:14.416Z - SOCKET_JOIN - Client bLudg94JDQLVy9PPAAAF -> user_69dc903c3386c4d76f1d0580
2026-04-14T11:59:14.439Z - SOCKET_JOIN - Client bLudg94JDQLVy9PPAAAF -> user_69dc903c3386c4d76f1d0580
2026-04-14T11:59:14.440Z - SOCKET_JOIN - Client bLudg94JDQLVy9PPAAAF -> vendors_pool
2026-04-14T11:59:14.442Z - SOCKET_JOIN - Client bLudg94JDQLVy9PPAAAF -> user_69dc903c3386c4d76f1d0580
2026-04-14T11:59:14.442Z - SOCKET_JOIN - Client bLudg94JDQLVy9PPAAAF -> user_69dc903c3386c4d76f1d0580
2026-04-14T11:59:14.443Z - SOCKET_JOIN - Client bLudg94JDQLVy9PPAAAF -> vendors_pool
2026-04-14T11:59:14.444Z - SOCKET_JOIN - Client bLudg94JDQLVy9PPAAAF -> user_69dc903c3386c4d76f1d0580
2026-04-14T11:59:14.444Z - SOCKET_JOIN - Client bLudg94JDQLVy9PPAAAF -> user_69dc903c3386c4d76f1d0580
2026-04-14T11:59:14.446Z - SOCKET_JOIN - Client bLudg94JDQLVy9PPAAAF -> user_69dc903c3386c4d76f1d0580
2026-04-14T11:59:14.447Z - SOCKET_JOIN - Client bLudg94JDQLVy9PPAAAF -> user_69dc903c3386c4d76f1d0580
2026-04-14T11:59:31.377Z - SOCKET_JOIN - Client fWX1gcM0LAnBhNlmAAAH -> user_69d38d4ff4593140bd5f27fd
2026-04-14T11:59:31.384Z - SOCKET_JOIN - Client fWX1gcM0LAnBhNlmAAAH -> user_69d38d4ff4593140bd5f27fd
2026-04-14T11:59:31.385Z - SOCKET_JOIN - Client fWX1gcM0LAnBhNlmAAAH -> user_69d38d4ff4593140bd5f27fd
2026-04-14T11:59:31.385Z - SOCKET_JOIN - Client fWX1gcM0LAnBhNlmAAAH -> user_69d38d4ff4593140bd5f27fd
2026-04-14T11:59:31.386Z - SOCKET_JOIN - Client fWX1gcM0LAnBhNlmAAAH -> user_69d38d4ff4593140bd5f27fd
2026-04-14T11:59:31.387Z - SOCKET_JOIN - Client fWX1gcM0LAnBhNlmAAAH -> user_69d38d4ff4593140bd5f27fd
2026-04-14T12:00:16.797Z - SOCKET_JOIN - Client x9_-WHtPg0zJjk88AAAJ -> user_69d38d4ff4593140bd5f27fd
2026-04-14T12:00:17.024Z - SOCKET_JOIN - Client x9_-WHtPg0zJjk88AAAJ -> user_69d38d4ff4593140bd5f27fd
2026-04-14T12:00:17.026Z - SOCKET_JOIN - Client x9_-WHtPg0zJjk88AAAJ -> user_69d38d4ff4593140bd5f27fd
2026-04-14T12:00:17.027Z - SOCKET_JOIN - Client x9_-WHtPg0zJjk88AAAJ -> user_69d38d4ff4593140bd5f27fd
2026-04-14T12:00:17.028Z - SOCKET_JOIN - Client x9_-WHtPg0zJjk88AAAJ -> user_69d38d4ff4593140bd5f27fd
2026-04-14T12:00:24.770Z - SOCKET_JOIN - Client dM5Rp8JsMrSZjrR7AAAL -> user_69d38d4ff4593140bd5f27fd
2026-04-14T12:00:25.015Z - SOCKET_JOIN - Client dM5Rp8JsMrSZjrR7AAAL -> user_69d38d4ff4593140bd5f27fd
2026-04-14T12:00:25.016Z - SOCKET_JOIN - Client dM5Rp8JsMrSZjrR7AAAL -> user_69d38d4ff4593140bd5f27fd
2026-04-14T12:00:25.017Z - SOCKET_JOIN - Client dM5Rp8JsMrSZjrR7AAAL -> user_69d38d4ff4593140bd5f27fd
2026-04-14T12:00:25.017Z - SOCKET_JOIN - Client dM5Rp8JsMrSZjrR7AAAL -> user_69d38d4ff4593140bd5f27fd
2026-04-14T12:00:25.018Z - SOCKET_JOIN - Client dM5Rp8JsMrSZjrR7AAAL -> user_69d38d4ff4593140bd5f27fd
2026-04-14T12:05:48.291Z - SOCKET_JOIN - Client VA3cDKFRLJl2Ix6oAAAN -> user_69dc903c3386c4d76f1d0580
2026-04-14T12:05:48.292Z - SOCKET_JOIN - Client VA3cDKFRLJl2Ix6oAAAN -> user_69dc903c3386c4d76f1d0580
2026-04-14T12:05:48.293Z - SOCKET_JOIN - Client VA3cDKFRLJl2Ix6oAAAN -> vendors_pool
2026-04-14T12:05:48.293Z - SOCKET_JOIN - Client VA3cDKFRLJl2Ix6oAAAN -> user_69dc903c3386c4d76f1d0580
2026-04-14T12:05:48.293Z - SOCKET_JOIN - Client VA3cDKFRLJl2Ix6oAAAN -> user_69dc903c3386c4d76f1d0580
2026-04-14T12:05:48.294Z - SOCKET_JOIN - Client VA3cDKFRLJl2Ix6oAAAN -> vendors_pool
2026-04-14T12:05:48.294Z - SOCKET_JOIN - Client VA3cDKFRLJl2Ix6oAAAN -> user_69dc903c3386c4d76f1d0580
2026-04-14T12:05:48.295Z - SOCKET_JOIN - Client VA3cDKFRLJl2Ix6oAAAN -> user_69dc903c3386c4d76f1d0580
2026-04-14T12:05:48.295Z - SOCKET_JOIN - Client VA3cDKFRLJl2Ix6oAAAN -> user_69dc903c3386c4d76f1d0580
2026-04-14T12:05:48.295Z - SOCKET_JOIN - Client VA3cDKFRLJl2Ix6oAAAN -> user_69dc903c3386c4d76f1d0580
2026-04-14T12:10:08.297Z - SOCKET_JOIN - Client idwauPbhI4tIRC4yAAAB -> user_69d38d4ff4593140bd5f27fd
2026-04-14T12:10:08.433Z - SOCKET_JOIN - Client idwauPbhI4tIRC4yAAAB -> user_69d38d4ff4593140bd5f27fd
2026-04-14T12:10:08.434Z - SOCKET_JOIN - Client idwauPbhI4tIRC4yAAAB -> user_69d38d4ff4593140bd5f27fd
2026-04-14T12:10:08.435Z - SOCKET_JOIN - Client idwauPbhI4tIRC4yAAAB -> user_69d38d4ff4593140bd5f27fd
2026-04-14T12:10:08.459Z - SOCKET_JOIN - Client eHAtjJsEYiHGmExUAAAE -> user_69dc903c3386c4d76f1d0580
2026-04-14T12:10:08.467Z - SOCKET_JOIN - Client _lT0DrQlqjyZSDHJAAAF -> user_69dc903c3386c4d76f1d0580
2026-04-14T12:10:08.564Z - SOCKET_JOIN - Client eHAtjJsEYiHGmExUAAAE -> user_69dc903c3386c4d76f1d0580
2026-04-14T12:10:08.565Z - SOCKET_JOIN - Client eHAtjJsEYiHGmExUAAAE -> user_69dc903c3386c4d76f1d0580
2026-04-14T12:10:08.565Z - SOCKET_JOIN - Client eHAtjJsEYiHGmExUAAAE -> user_69dc903c3386c4d76f1d0580
2026-04-14T12:10:08.567Z - SOCKET_JOIN - Client _lT0DrQlqjyZSDHJAAAF -> user_69dc903c3386c4d76f1d0580
2026-04-14T12:10:08.567Z - SOCKET_JOIN - Client _lT0DrQlqjyZSDHJAAAF -> user_69dc903c3386c4d76f1d0580
2026-04-14T12:10:08.568Z - SOCKET_JOIN - Client _lT0DrQlqjyZSDHJAAAF -> user_69dc903c3386c4d76f1d0580
2026-04-15T04:55:06.661Z - SOCKET_JOIN - Client yCNMB64ZTQxoF1uOAAAC -> user_69dc903c3386c4d76f1d0580
2026-04-15T04:55:06.664Z - SOCKET_JOIN - Client yCNMB64ZTQxoF1uOAAAC -> user_69dc903c3386c4d76f1d0580
2026-04-15T04:55:06.666Z - SOCKET_JOIN - Client yCNMB64ZTQxoF1uOAAAC -> user_69dc903c3386c4d76f1d0580
2026-04-15T04:55:06.668Z - SOCKET_JOIN - Client yCNMB64ZTQxoF1uOAAAC -> user_69dc903c3386c4d76f1d0580
2026-04-15T04:55:06.677Z - SOCKET_JOIN - Client DNj9NeQH5DjX1rpDAAAD -> user_69dc903c3386c4d76f1d0580
2026-04-15T04:55:06.691Z - SOCKET_JOIN - Client DNj9NeQH5DjX1rpDAAAD -> user_69dc903c3386c4d76f1d0580
2026-04-15T04:55:06.693Z - SOCKET_JOIN - Client DNj9NeQH5DjX1rpDAAAD -> user_69dc903c3386c4d76f1d0580
2026-04-15T04:55:06.694Z - SOCKET_JOIN - Client DNj9NeQH5DjX1rpDAAAD -> user_69dc903c3386c4d76f1d0580
2026-04-15T07:10:27.093Z - SOCKET_JOIN - Client sgGVc9rSuW3VfWzSAAAG -> user_69dc903c3386c4d76f1d0580
2026-04-15T07:10:27.151Z - SOCKET_JOIN - Client sgGVc9rSuW3VfWzSAAAG -> user_69dc903c3386c4d76f1d0580
2026-04-15T07:10:27.160Z - SOCKET_JOIN - Client sgGVc9rSuW3VfWzSAAAG -> user_69dc903c3386c4d76f1d0580
2026-04-15T07:10:27.163Z - SOCKET_JOIN - Client sgGVc9rSuW3VfWzSAAAG -> user_69dc903c3386c4d76f1d0580
2026-04-15T07:10:27.283Z - SOCKET_JOIN - Client 5sbkzvnRdNB69psuAAAH -> user_69dc903c3386c4d76f1d0580
2026-04-15T07:10:27.400Z - SOCKET_JOIN - Client 5sbkzvnRdNB69psuAAAH -> user_69dc903c3386c4d76f1d0580
2026-04-15T07:10:27.402Z - SOCKET_JOIN - Client 5sbkzvnRdNB69psuAAAH -> user_69dc903c3386c4d76f1d0580
2026-04-15T07:10:27.405Z - SOCKET_JOIN - Client 5sbkzvnRdNB69psuAAAH -> user_69dc903c3386c4d76f1d0580
2026-04-15T08:46:22.656Z - SOCKET_JOIN - Client ge0h43aIAyQtrLd3AAAB -> user_69dc903c3386c4d76f1d0580
2026-04-15T08:46:22.926Z - SOCKET_JOIN - Client ge0h43aIAyQtrLd3AAAB -> user_69dc903c3386c4d76f1d0580
2026-04-15T08:46:23.052Z - SOCKET_JOIN - Client ge0h43aIAyQtrLd3AAAB -> vendors_pool
2026-04-15T08:46:23.117Z - SOCKET_JOIN - Client ge0h43aIAyQtrLd3AAAB -> user_69dc903c3386c4d76f1d0580
2026-04-15T08:46:23.125Z - SOCKET_JOIN - Client ge0h43aIAyQtrLd3AAAB -> user_69dc903c3386c4d76f1d0580
2026-04-15T08:46:23.141Z - SOCKET_JOIN - Client ge0h43aIAyQtrLd3AAAB -> vendors_pool
2026-04-15T08:46:23.147Z - SOCKET_JOIN - Client ge0h43aIAyQtrLd3AAAB -> user_69dc903c3386c4d76f1d0580
2026-04-15T08:46:23.149Z - SOCKET_JOIN - Client ge0h43aIAyQtrLd3AAAB -> user_69dc903c3386c4d76f1d0580
2026-04-15T08:46:23.151Z - SOCKET_JOIN - Client ge0h43aIAyQtrLd3AAAB -> user_69dc903c3386c4d76f1d0580
2026-04-15T08:46:23.156Z - SOCKET_JOIN - Client ge0h43aIAyQtrLd3AAAB -> user_69dc903c3386c4d76f1d0580
2026-04-15T08:47:33.818Z - SOCKET_JOIN - Client 6zUC5ZshF950kwK9AAAD -> user_69dc903c3386c4d76f1d0580
2026-04-15T08:47:33.885Z - SOCKET_JOIN - Client 6zUC5ZshF950kwK9AAAD -> user_69dc903c3386c4d76f1d0580
2026-04-15T08:47:33.887Z - SOCKET_JOIN - Client 6zUC5ZshF950kwK9AAAD -> vendors_pool
2026-04-15T08:47:33.889Z - SOCKET_JOIN - Client 6zUC5ZshF950kwK9AAAD -> user_69dc903c3386c4d76f1d0580
2026-04-15T08:47:33.892Z - SOCKET_JOIN - Client 6zUC5ZshF950kwK9AAAD -> user_69dc903c3386c4d76f1d0580
2026-04-15T08:47:33.897Z - SOCKET_JOIN - Client 6zUC5ZshF950kwK9AAAD -> vendors_pool
2026-04-15T08:47:33.903Z - SOCKET_JOIN - Client 6zUC5ZshF950kwK9AAAD -> user_69dc903c3386c4d76f1d0580
2026-04-15T08:47:33.906Z - SOCKET_JOIN - Client 6zUC5ZshF950kwK9AAAD -> user_69dc903c3386c4d76f1d0580
2026-04-15T08:47:33.909Z - SOCKET_JOIN - Client 6zUC5ZshF950kwK9AAAD -> user_69dc903c3386c4d76f1d0580
2026-04-15T08:47:33.911Z - SOCKET_JOIN - Client 6zUC5ZshF950kwK9AAAD -> user_69dc903c3386c4d76f1d0580
2026-04-15T08:49:11.298Z - SOCKET_JOIN - Client KUXbX1Op4cuXjZcqAAAF -> user_69dc903c3386c4d76f1d0580
2026-04-15T08:49:11.370Z - SOCKET_JOIN - Client KUXbX1Op4cuXjZcqAAAF -> user_69dc903c3386c4d76f1d0580
2026-04-15T08:49:11.371Z - SOCKET_JOIN - Client KUXbX1Op4cuXjZcqAAAF -> vendors_pool
2026-04-15T08:49:11.379Z - SOCKET_JOIN - Client KUXbX1Op4cuXjZcqAAAF -> user_69dc903c3386c4d76f1d0580
2026-04-15T08:49:11.382Z - SOCKET_JOIN - Client KUXbX1Op4cuXjZcqAAAF -> user_69dc903c3386c4d76f1d0580
2026-04-15T08:49:11.387Z - SOCKET_JOIN - Client KUXbX1Op4cuXjZcqAAAF -> vendors_pool
2026-04-15T08:49:11.389Z - SOCKET_JOIN - Client KUXbX1Op4cuXjZcqAAAF -> user_69dc903c3386c4d76f1d0580
2026-04-15T08:49:11.392Z - SOCKET_JOIN - Client KUXbX1Op4cuXjZcqAAAF -> user_69dc903c3386c4d76f1d0580
2026-04-15T08:49:11.394Z - SOCKET_JOIN - Client KUXbX1Op4cuXjZcqAAAF -> user_69dc903c3386c4d76f1d0580
2026-04-15T08:49:11.397Z - SOCKET_JOIN - Client KUXbX1Op4cuXjZcqAAAF -> user_69dc903c3386c4d76f1d0580
2026-04-15T08:50:58.204Z - SOCKET_JOIN - Client M1R2wCNqnHJjLXnkAAAH -> user_69dc903c3386c4d76f1d0580
2026-04-15T08:50:58.287Z - SOCKET_JOIN - Client M1R2wCNqnHJjLXnkAAAH -> user_69dc903c3386c4d76f1d0580
2026-04-15T08:50:58.289Z - SOCKET_JOIN - Client M1R2wCNqnHJjLXnkAAAH -> vendors_pool
2026-04-15T08:50:58.291Z - SOCKET_JOIN - Client M1R2wCNqnHJjLXnkAAAH -> user_69dc903c3386c4d76f1d0580
2026-04-15T08:50:58.292Z - SOCKET_JOIN - Client M1R2wCNqnHJjLXnkAAAH -> user_69dc903c3386c4d76f1d0580
2026-04-15T08:50:58.297Z - SOCKET_JOIN - Client M1R2wCNqnHJjLXnkAAAH -> vendors_pool
2026-04-15T08:50:58.299Z - SOCKET_JOIN - Client M1R2wCNqnHJjLXnkAAAH -> user_69dc903c3386c4d76f1d0580
2026-04-15T08:50:58.302Z - SOCKET_JOIN - Client M1R2wCNqnHJjLXnkAAAH -> user_69dc903c3386c4d76f1d0580
2026-04-15T08:50:58.303Z - SOCKET_JOIN - Client M1R2wCNqnHJjLXnkAAAH -> user_69dc903c3386c4d76f1d0580
2026-04-15T08:50:58.304Z - SOCKET_JOIN - Client M1R2wCNqnHJjLXnkAAAH -> user_69dc903c3386c4d76f1d0580
2026-04-15T09:07:32.056Z - SOCKET_JOIN - Client PzKYmzNJMPd5o-J7AAAB -> user_69dc903c3386c4d76f1d0580
2026-04-15T09:07:32.153Z - SOCKET_JOIN - Client PzKYmzNJMPd5o-J7AAAB -> user_69dc903c3386c4d76f1d0580
2026-04-15T09:07:32.155Z - SOCKET_JOIN - Client PzKYmzNJMPd5o-J7AAAB -> user_69dc903c3386c4d76f1d0580
2026-04-15T09:07:32.157Z - SOCKET_JOIN - Client PzKYmzNJMPd5o-J7AAAB -> user_69dc903c3386c4d76f1d0580
2026-04-15T09:08:17.753Z - SOCKET_JOIN - Client xHD4_LqPYNts09OaAAAB -> user_69dc903c3386c4d76f1d0580
2026-04-15T09:08:17.761Z - SOCKET_JOIN - Client xHD4_LqPYNts09OaAAAB -> user_69dc903c3386c4d76f1d0580
2026-04-15T09:08:17.764Z - SOCKET_JOIN - Client xHD4_LqPYNts09OaAAAB -> user_69dc903c3386c4d76f1d0580
2026-04-15T09:08:17.768Z - SOCKET_JOIN - Client xHD4_LqPYNts09OaAAAB -> user_69dc903c3386c4d76f1d0580
2026-04-15T09:11:51.119Z - SOCKET_JOIN - Client O8wM5eRq7U7tUJaRAAAB -> user_69dc903c3386c4d76f1d0580
2026-04-15T09:11:51.131Z - SOCKET_JOIN - Client O8wM5eRq7U7tUJaRAAAB -> user_69dc903c3386c4d76f1d0580
2026-04-15T09:11:51.133Z - SOCKET_JOIN - Client O8wM5eRq7U7tUJaRAAAB -> user_69dc903c3386c4d76f1d0580
2026-04-15T09:11:51.135Z - SOCKET_JOIN - Client O8wM5eRq7U7tUJaRAAAB -> user_69dc903c3386c4d76f1d0580
2026-04-15T09:23:02.442Z - Global broadcast sent for Order #EZ-6539
2026-04-15T09:23:02.605Z - Broadcasting to vendor room: user_69dc903c3386c4d76f1d0580
2026-04-15T09:23:09.917Z - SOCKET_JOIN - Client xPTjbOJ-J4N7WdoRAAAD -> user_69dc903c3386c4d76f1d0580
2026-04-15T09:23:09.941Z - SOCKET_JOIN - Client xPTjbOJ-J4N7WdoRAAAD -> user_69dc903c3386c4d76f1d0580
2026-04-15T09:23:09.945Z - SOCKET_JOIN - Client xPTjbOJ-J4N7WdoRAAAD -> vendors_pool
2026-04-15T09:23:09.948Z - SOCKET_JOIN - Client xPTjbOJ-J4N7WdoRAAAD -> user_69dc903c3386c4d76f1d0580
2026-04-15T09:23:09.951Z - SOCKET_JOIN - Client xPTjbOJ-J4N7WdoRAAAD -> user_69dc903c3386c4d76f1d0580
2026-04-15T09:23:09.959Z - SOCKET_JOIN - Client xPTjbOJ-J4N7WdoRAAAD -> vendors_pool
2026-04-15T09:23:09.961Z - SOCKET_JOIN - Client xPTjbOJ-J4N7WdoRAAAD -> user_69dc903c3386c4d76f1d0580
2026-04-15T09:23:09.963Z - SOCKET_JOIN - Client xPTjbOJ-J4N7WdoRAAAD -> user_69dc903c3386c4d76f1d0580
2026-04-15T09:23:09.965Z - SOCKET_JOIN - Client xPTjbOJ-J4N7WdoRAAAD -> user_69dc903c3386c4d76f1d0580
2026-04-15T09:23:09.967Z - SOCKET_JOIN - Client xPTjbOJ-J4N7WdoRAAAD -> user_69dc903c3386c4d76f1d0580
2026-04-15T09:23:17.013Z - SOCKET_JOIN - Client uATPPMSY5r0z1miJAAAF -> user_69dc903c3386c4d76f1d0580
2026-04-15T09:23:17.029Z - SOCKET_JOIN - Client uATPPMSY5r0z1miJAAAF -> user_69dc903c3386c4d76f1d0580
2026-04-15T09:23:17.032Z - SOCKET_JOIN - Client uATPPMSY5r0z1miJAAAF -> vendors_pool
2026-04-15T09:23:17.041Z - SOCKET_JOIN - Client uATPPMSY5r0z1miJAAAF -> user_69dc903c3386c4d76f1d0580
2026-04-15T09:23:17.045Z - SOCKET_JOIN - Client uATPPMSY5r0z1miJAAAF -> user_69dc903c3386c4d76f1d0580
2026-04-15T09:23:17.048Z - SOCKET_JOIN - Client uATPPMSY5r0z1miJAAAF -> vendors_pool
2026-04-15T09:23:17.052Z - SOCKET_JOIN - Client uATPPMSY5r0z1miJAAAF -> user_69dc903c3386c4d76f1d0580
2026-04-15T09:23:17.054Z - SOCKET_JOIN - Client uATPPMSY5r0z1miJAAAF -> user_69dc903c3386c4d76f1d0580
2026-04-15T09:23:17.057Z - SOCKET_JOIN - Client uATPPMSY5r0z1miJAAAF -> user_69dc903c3386c4d76f1d0580
2026-04-15T09:23:17.059Z - SOCKET_JOIN - Client uATPPMSY5r0z1miJAAAF -> user_69dc903c3386c4d76f1d0580
2026-04-15T09:23:28.018Z - Global broadcast sent for Order #EZ-8141
2026-04-15T09:23:28.162Z - Broadcasting to vendor room: user_69dc903c3386c4d76f1d0580
2026-04-15T09:23:34.189Z - --- Matching for 23.2696, 77.3882 (Found 1 active riders) ---
2026-04-15T09:23:34.190Z - Rider: Marcus V., Pos: 22.798434242721534,75.92257872586505, Dist: 158.863km
2026-04-15T09:27:03.709Z - SOCKET_JOIN - Client 6EHdFK6W5yX2UUKMAAAH -> user_69dcb58a0ed5ebb72f3af564
2026-04-15T09:27:03.733Z - SOCKET_JOIN - Client 6EHdFK6W5yX2UUKMAAAH -> user_69dcb58a0ed5ebb72f3af564
2026-04-15T09:27:03.735Z - SOCKET_JOIN - Client 6EHdFK6W5yX2UUKMAAAH -> user_69dcb58a0ed5ebb72f3af564
2026-04-15T09:27:03.736Z - SOCKET_JOIN - Client 6EHdFK6W5yX2UUKMAAAH -> user_69dcb58a0ed5ebb72f3af564
2026-04-15T09:27:03.739Z - SOCKET_JOIN - Client 6EHdFK6W5yX2UUKMAAAH -> user_69dcb58a0ed5ebb72f3af564
2026-04-15T09:27:03.740Z - SOCKET_JOIN - Client 6EHdFK6W5yX2UUKMAAAH -> user_69dcb58a0ed5ebb72f3af564
2026-04-15T09:27:30.959Z - SOCKET_JOIN - Client 4U0HziyqEOh9hf25AAAJ -> user_69dcb58a0ed5ebb72f3af564
2026-04-15T09:27:31.065Z - SOCKET_JOIN - Client 4U0HziyqEOh9hf25AAAJ -> user_69dcb58a0ed5ebb72f3af564
2026-04-15T09:27:31.070Z - SOCKET_JOIN - Client 4U0HziyqEOh9hf25AAAJ -> user_69dcb58a0ed5ebb72f3af564
2026-04-15T09:27:31.072Z - SOCKET_JOIN - Client 4U0HziyqEOh9hf25AAAJ -> user_69dcb58a0ed5ebb72f3af564
2026-04-15T09:27:31.074Z - SOCKET_JOIN - Client 4U0HziyqEOh9hf25AAAJ -> user_69dcb58a0ed5ebb72f3af564
2026-04-15T09:27:31.076Z - SOCKET_JOIN - Client 4U0HziyqEOh9hf25AAAJ -> user_69dcb58a0ed5ebb72f3af564
2026-04-15T09:27:31.078Z - SOCKET_JOIN - Client 4U0HziyqEOh9hf25AAAJ -> user_69dcb58a0ed5ebb72f3af564
2026-04-15T09:27:31.080Z - SOCKET_JOIN - Client 4U0HziyqEOh9hf25AAAJ -> user_69dcb58a0ed5ebb72f3af564
2026-04-15T09:27:36.689Z - SOCKET_JOIN - Client xNpok9GOeWrjb-NlAAAL -> user_69dc903c3386c4d76f1d0580
2026-04-15T09:27:36.707Z - SOCKET_JOIN - Client xNpok9GOeWrjb-NlAAAL -> user_69dc903c3386c4d76f1d0580
2026-04-15T09:27:36.709Z - SOCKET_JOIN - Client xNpok9GOeWrjb-NlAAAL -> user_69dc903c3386c4d76f1d0580
2026-04-15T09:27:36.711Z - SOCKET_JOIN - Client xNpok9GOeWrjb-NlAAAL -> user_69dc903c3386c4d76f1d0580
2026-04-15T09:27:36.712Z - SOCKET_JOIN - Client xNpok9GOeWrjb-NlAAAL -> user_69dc903c3386c4d76f1d0580
2026-04-15T09:27:36.714Z - SOCKET_JOIN - Client xNpok9GOeWrjb-NlAAAL -> user_69dc903c3386c4d76f1d0580
2026-04-15T09:27:36.716Z - SOCKET_JOIN - Client xNpok9GOeWrjb-NlAAAL -> user_69dc903c3386c4d76f1d0580
2026-04-15T09:27:36.719Z - SOCKET_JOIN - Client xNpok9GOeWrjb-NlAAAL -> user_69dc903c3386c4d76f1d0580
2026-04-15T09:27:57.070Z - Global broadcast sent for Order #EZ-1705
2026-04-15T09:27:57.177Z - Broadcasting to vendor room: user_69dc903c3386c4d76f1d0580
2026-04-15T09:28:03.885Z - --- Matching for 23.2696, 77.3882 (Found 1 active riders) ---
2026-04-15T09:28:03.887Z - Rider: Marcus V., Pos: 23.2696,77.3882, Dist: 0.000km
2026-04-15T09:28:17.934Z - SOCKET_JOIN - Client FeP_EEu8jYoupeVpAAAN -> user_69dc984ec7d943120ade719b
2026-04-15T09:28:17.965Z - SOCKET_JOIN - Client FeP_EEu8jYoupeVpAAAN -> order_69df5a1c3ddacad5ec377e6b
2026-04-15T09:28:17.972Z - SOCKET_JOIN - Client FeP_EEu8jYoupeVpAAAN -> user_69dc984ec7d943120ade719b
2026-04-15T09:28:17.980Z - SOCKET_JOIN - Client FeP_EEu8jYoupeVpAAAN -> order_69df5a1c3ddacad5ec377e6b
2026-04-15T09:28:17.982Z - SOCKET_JOIN - Client FeP_EEu8jYoupeVpAAAN -> user_69dc984ec7d943120ade719b
2026-04-15T09:28:17.984Z - SOCKET_JOIN - Client FeP_EEu8jYoupeVpAAAN -> user_69dc984ec7d943120ade719b
2026-04-15T09:28:27.153Z - SOCKET_JOIN - Client -LIlP-5ts-O3XT-JAAAP -> user_69dcb58a0ed5ebb72f3af564
2026-04-15T09:28:27.304Z - SOCKET_JOIN - Client -LIlP-5ts-O3XT-JAAAP -> user_69dcb58a0ed5ebb72f3af564
2026-04-15T09:28:27.306Z - SOCKET_JOIN - Client -LIlP-5ts-O3XT-JAAAP -> user_69dcb58a0ed5ebb72f3af564
2026-04-15T09:28:27.308Z - SOCKET_JOIN - Client -LIlP-5ts-O3XT-JAAAP -> user_69dcb58a0ed5ebb72f3af564
2026-04-15T09:28:27.309Z - SOCKET_JOIN - Client -LIlP-5ts-O3XT-JAAAP -> user_69dcb58a0ed5ebb72f3af564
2026-04-15T09:28:27.310Z - SOCKET_JOIN - Client -LIlP-5ts-O3XT-JAAAP -> user_69dcb58a0ed5ebb72f3af564
2026-04-15T09:28:27.313Z - SOCKET_JOIN - Client -LIlP-5ts-O3XT-JAAAP -> user_69dcb58a0ed5ebb72f3af564
2026-04-15T09:28:27.316Z - SOCKET_JOIN - Client -LIlP-5ts-O3XT-JAAAP -> user_69dcb58a0ed5ebb72f3af564
2026-04-15T09:28:27.317Z - SOCKET_JOIN - Client -LIlP-5ts-O3XT-JAAAP -> user_69dcb58a0ed5ebb72f3af564
2026-04-15T09:28:27.318Z - SOCKET_JOIN - Client -LIlP-5ts-O3XT-JAAAP -> user_69dcb58a0ed5ebb72f3af564
2026-04-15T09:28:53.704Z - SOCKET_JOIN - Client EGjQzaad2KH423FWAAAR -> user_69dc984ec7d943120ade719b
2026-04-15T09:28:53.834Z - SOCKET_JOIN - Client EGjQzaad2KH423FWAAAR -> order_69df5a1c3ddacad5ec377e6b
2026-04-15T09:28:53.836Z - SOCKET_JOIN - Client EGjQzaad2KH423FWAAAR -> user_69dc984ec7d943120ade719b
2026-04-15T09:28:53.838Z - SOCKET_JOIN - Client EGjQzaad2KH423FWAAAR -> order_69df5a1c3ddacad5ec377e6b
2026-04-15T09:28:53.841Z - SOCKET_JOIN - Client EGjQzaad2KH423FWAAAR -> user_69dc984ec7d943120ade719b
2026-04-15T09:28:53.844Z - SOCKET_JOIN - Client EGjQzaad2KH423FWAAAR -> user_69dc984ec7d943120ade719b
2026-04-15T09:28:59.664Z - SOCKET_JOIN - Client 3IBOu9kjlTuhdru2AAAT -> user_69dcb58a0ed5ebb72f3af564
2026-04-15T09:28:59.777Z - SOCKET_JOIN - Client 3IBOu9kjlTuhdru2AAAT -> user_69dcb58a0ed5ebb72f3af564
2026-04-15T09:28:59.779Z - SOCKET_JOIN - Client 3IBOu9kjlTuhdru2AAAT -> user_69dcb58a0ed5ebb72f3af564
2026-04-15T09:28:59.780Z - SOCKET_JOIN - Client 3IBOu9kjlTuhdru2AAAT -> user_69dcb58a0ed5ebb72f3af564
2026-04-15T09:28:59.782Z - SOCKET_JOIN - Client 3IBOu9kjlTuhdru2AAAT -> user_69dcb58a0ed5ebb72f3af564
2026-04-15T09:28:59.784Z - SOCKET_JOIN - Client 3IBOu9kjlTuhdru2AAAT -> user_69dcb58a0ed5ebb72f3af564
2026-04-15T09:28:59.787Z - SOCKET_JOIN - Client 3IBOu9kjlTuhdru2AAAT -> user_69dcb58a0ed5ebb72f3af564
2026-04-15T09:28:59.789Z - SOCKET_JOIN - Client 3IBOu9kjlTuhdru2AAAT -> user_69dcb58a0ed5ebb72f3af564
2026-04-15T09:28:59.791Z - SOCKET_JOIN - Client 3IBOu9kjlTuhdru2AAAT -> user_69dcb58a0ed5ebb72f3af564
2026-04-15T09:28:59.793Z - SOCKET_JOIN - Client 3IBOu9kjlTuhdru2AAAT -> user_69dcb58a0ed5ebb72f3af564
2026-04-15T09:28:59.800Z - SOCKET_JOIN - Client 3IBOu9kjlTuhdru2AAAT -> user_69dcb58a0ed5ebb72f3af564
2026-04-15T09:28:59.801Z - SOCKET_JOIN - Client 3IBOu9kjlTuhdru2AAAT -> user_69dcb58a0ed5ebb72f3af564
2026-04-15T09:29:11.815Z - SOCKET_JOIN - Client 0SoWK3gPLg3ZLg0QAAAV -> user_69dcb58a0ed5ebb72f3af564
2026-04-15T09:29:11.827Z - SOCKET_JOIN - Client 0SoWK3gPLg3ZLg0QAAAV -> user_69dcb58a0ed5ebb72f3af564
2026-04-15T09:29:11.829Z - SOCKET_JOIN - Client 0SoWK3gPLg3ZLg0QAAAV -> user_69dcb58a0ed5ebb72f3af564
2026-04-15T09:29:11.830Z - SOCKET_JOIN - Client 0SoWK3gPLg3ZLg0QAAAV -> user_69dcb58a0ed5ebb72f3af564
2026-04-15T09:29:11.836Z - SOCKET_JOIN - Client 0SoWK3gPLg3ZLg0QAAAV -> user_69dcb58a0ed5ebb72f3af564
2026-04-15T09:29:11.837Z - SOCKET_JOIN - Client 0SoWK3gPLg3ZLg0QAAAV -> user_69dcb58a0ed5ebb72f3af564
2026-04-15T09:29:11.839Z - SOCKET_JOIN - Client 0SoWK3gPLg3ZLg0QAAAV -> user_69dcb58a0ed5ebb72f3af564
2026-04-15T09:29:11.841Z - SOCKET_JOIN - Client 0SoWK3gPLg3ZLg0QAAAV -> user_69dcb58a0ed5ebb72f3af564
2026-04-15T09:29:11.842Z - SOCKET_JOIN - Client 0SoWK3gPLg3ZLg0QAAAV -> user_69dcb58a0ed5ebb72f3af564
2026-04-15T09:29:11.843Z - SOCKET_JOIN - Client 0SoWK3gPLg3ZLg0QAAAV -> user_69dcb58a0ed5ebb72f3af564
2026-04-15T09:29:11.845Z - SOCKET_JOIN - Client 0SoWK3gPLg3ZLg0QAAAV -> user_69dcb58a0ed5ebb72f3af564
2026-04-15T09:29:11.848Z - SOCKET_JOIN - Client 0SoWK3gPLg3ZLg0QAAAV -> user_69dcb58a0ed5ebb72f3af564
2026-04-15T09:29:11.850Z - SOCKET_JOIN - Client 0SoWK3gPLg3ZLg0QAAAV -> user_69dcb58a0ed5ebb72f3af564
2026-04-15T09:29:11.854Z - SOCKET_JOIN - Client 0SoWK3gPLg3ZLg0QAAAV -> user_69dcb58a0ed5ebb72f3af564
2026-04-15T09:29:30.339Z - SOCKET_JOIN - Client HUTKdlmfZWYoxs-CAAAX -> user_69dcb58a0ed5ebb72f3af564
2026-04-15T09:29:30.357Z - SOCKET_JOIN - Client HUTKdlmfZWYoxs-CAAAX -> user_69dcb58a0ed5ebb72f3af564
2026-04-15T09:29:30.359Z - SOCKET_JOIN - Client HUTKdlmfZWYoxs-CAAAX -> user_69dcb58a0ed5ebb72f3af564
2026-04-15T09:29:30.367Z - SOCKET_JOIN - Client HUTKdlmfZWYoxs-CAAAX -> user_69dcb58a0ed5ebb72f3af564
2026-04-15T09:29:30.373Z - SOCKET_JOIN - Client HUTKdlmfZWYoxs-CAAAX -> user_69dcb58a0ed5ebb72f3af564
2026-04-15T09:29:30.375Z - SOCKET_JOIN - Client HUTKdlmfZWYoxs-CAAAX -> user_69dcb58a0ed5ebb72f3af564
2026-04-15T09:30:22.682Z - SOCKET_JOIN - Client xd2UJNZj5ksrgLyzAAAZ -> user_69dcb58a0ed5ebb72f3af564
2026-04-15T09:30:22.695Z - SOCKET_JOIN - Client xd2UJNZj5ksrgLyzAAAZ -> user_69dcb58a0ed5ebb72f3af564
2026-04-15T09:30:22.697Z - SOCKET_JOIN - Client xd2UJNZj5ksrgLyzAAAZ -> user_69dcb58a0ed5ebb72f3af564
2026-04-15T09:30:22.698Z - SOCKET_JOIN - Client xd2UJNZj5ksrgLyzAAAZ -> user_69dcb58a0ed5ebb72f3af564
2026-04-15T09:30:22.699Z - SOCKET_JOIN - Client xd2UJNZj5ksrgLyzAAAZ -> user_69dcb58a0ed5ebb72f3af564
2026-04-15T09:30:22.701Z - SOCKET_JOIN - Client xd2UJNZj5ksrgLyzAAAZ -> user_69dcb58a0ed5ebb72f3af564
2026-04-15T09:30:28.568Z - SOCKET_JOIN - Client XAeEyF--U-97P8hXAAAb -> user_69dc903c3386c4d76f1d0580
2026-04-15T09:30:28.586Z - SOCKET_JOIN - Client XAeEyF--U-97P8hXAAAb -> user_69dc903c3386c4d76f1d0580
2026-04-15T09:30:28.589Z - SOCKET_JOIN - Client XAeEyF--U-97P8hXAAAb -> user_69dc903c3386c4d76f1d0580
2026-04-15T09:30:28.596Z - SOCKET_JOIN - Client XAeEyF--U-97P8hXAAAb -> user_69dc903c3386c4d76f1d0580
2026-04-15T09:30:28.599Z - SOCKET_JOIN - Client XAeEyF--U-97P8hXAAAb -> user_69dc903c3386c4d76f1d0580
2026-04-15T09:30:28.601Z - SOCKET_JOIN - Client XAeEyF--U-97P8hXAAAb -> user_69dc903c3386c4d76f1d0580
2026-04-15T09:30:28.606Z - SOCKET_JOIN - Client XAeEyF--U-97P8hXAAAb -> user_69dc903c3386c4d76f1d0580
2026-04-15T09:30:28.610Z - SOCKET_JOIN - Client XAeEyF--U-97P8hXAAAb -> user_69dc903c3386c4d76f1d0580
2026-04-15T09:30:28.614Z - SOCKET_JOIN - Client XAeEyF--U-97P8hXAAAb -> user_69dc903c3386c4d76f1d0580
2026-04-15T09:30:28.617Z - SOCKET_JOIN - Client XAeEyF--U-97P8hXAAAb -> user_69dc903c3386c4d76f1d0580
2026-04-15T09:30:42.159Z - Global broadcast sent for Order #EZ-4479
2026-04-15T09:30:42.285Z - Broadcasting to vendor room: user_69dc903c3386c4d76f1d0580
2026-04-15T09:30:48.516Z - --- Matching for 23.2696, 77.3882 (Found 1 active riders) ---
2026-04-15T09:30:48.518Z - Rider: Marcus V., Pos: 23.2696,77.3882, Dist: 0.000km
2026-04-15T09:31:04.427Z - SOCKET_JOIN - Client s-vX3bziDEUY6D6UAAAd -> user_69dc984ec7d943120ade719b
2026-04-15T09:31:04.530Z - SOCKET_JOIN - Client s-vX3bziDEUY6D6UAAAd -> order_69df5ac23ddacad5ec377f4f
2026-04-15T09:31:04.532Z - SOCKET_JOIN - Client s-vX3bziDEUY6D6UAAAd -> user_69dc984ec7d943120ade719b
2026-04-15T09:31:04.534Z - SOCKET_JOIN - Client s-vX3bziDEUY6D6UAAAd -> order_69df5ac23ddacad5ec377f4f
2026-04-15T09:31:04.535Z - SOCKET_JOIN - Client s-vX3bziDEUY6D6UAAAd -> user_69dc984ec7d943120ade719b
2026-04-15T09:31:04.536Z - SOCKET_JOIN - Client s-vX3bziDEUY6D6UAAAd -> user_69dc984ec7d943120ade719b
2026-04-15T09:31:04.538Z - SOCKET_JOIN - Client s-vX3bziDEUY6D6UAAAd -> user_69dc984ec7d943120ade719b
2026-04-15T09:31:04.540Z - SOCKET_JOIN - Client s-vX3bziDEUY6D6UAAAd -> user_69dc984ec7d943120ade719b
2026-04-15T09:31:14.657Z - SOCKET_JOIN - Client wdocfWnQYbmTXRbcAAAf -> user_69dcb58a0ed5ebb72f3af564
2026-04-15T09:31:14.668Z - SOCKET_JOIN - Client wdocfWnQYbmTXRbcAAAf -> user_69dcb58a0ed5ebb72f3af564
2026-04-15T09:31:14.669Z - SOCKET_JOIN - Client wdocfWnQYbmTXRbcAAAf -> user_69dcb58a0ed5ebb72f3af564
2026-04-15T09:31:14.672Z - SOCKET_JOIN - Client wdocfWnQYbmTXRbcAAAf -> user_69dcb58a0ed5ebb72f3af564
2026-04-15T09:31:14.673Z - SOCKET_JOIN - Client wdocfWnQYbmTXRbcAAAf -> user_69dcb58a0ed5ebb72f3af564
2026-04-15T09:31:14.675Z - SOCKET_JOIN - Client wdocfWnQYbmTXRbcAAAf -> user_69dcb58a0ed5ebb72f3af564
2026-04-15T09:31:14.676Z - SOCKET_JOIN - Client wdocfWnQYbmTXRbcAAAf -> user_69dcb58a0ed5ebb72f3af564
2026-04-15T09:31:14.678Z - SOCKET_JOIN - Client wdocfWnQYbmTXRbcAAAf -> user_69dcb58a0ed5ebb72f3af564
2026-04-15T09:34:31.308Z - SOCKET_JOIN - Client PDLrXqbhR3A5NvyjAAAB -> user_69dcb58a0ed5ebb72f3af564
2026-04-15T09:34:31.416Z - SOCKET_JOIN - Client PDLrXqbhR3A5NvyjAAAB -> user_69dcb58a0ed5ebb72f3af564
2026-04-15T09:34:31.419Z - SOCKET_JOIN - Client PDLrXqbhR3A5NvyjAAAB -> user_69dcb58a0ed5ebb72f3af564
2026-04-15T09:34:31.420Z - SOCKET_JOIN - Client PDLrXqbhR3A5NvyjAAAB -> user_69dcb58a0ed5ebb72f3af564
2026-04-15T09:34:36.740Z - SOCKET_JOIN - Client xW3faLmY1aq61rl6AAAD -> user_69dc984ec7d943120ade719b
2026-04-15T09:34:36.745Z - SOCKET_JOIN - Client xW3faLmY1aq61rl6AAAD -> user_69dc984ec7d943120ade719b
2026-04-15T09:34:36.747Z - SOCKET_JOIN - Client xW3faLmY1aq61rl6AAAD -> user_69dc984ec7d943120ade719b
2026-04-15T09:34:36.748Z - SOCKET_JOIN - Client xW3faLmY1aq61rl6AAAD -> user_69dc984ec7d943120ade719b
2026-04-15T09:36:02.042Z - SOCKET_JOIN - Client YFXww-yIlHkQtTxhAAAB -> user_69dcb58a0ed5ebb72f3af564
2026-04-15T09:36:02.190Z - SOCKET_JOIN - Client YFXww-yIlHkQtTxhAAAB -> user_69dcb58a0ed5ebb72f3af564
2026-04-15T09:36:02.192Z - SOCKET_JOIN - Client YFXww-yIlHkQtTxhAAAB -> user_69dcb58a0ed5ebb72f3af564
2026-04-15T09:36:02.193Z - SOCKET_JOIN - Client YFXww-yIlHkQtTxhAAAB -> user_69dcb58a0ed5ebb72f3af564
2026-04-15T09:36:05.738Z - SOCKET_JOIN - Client S7r8zZ7ZHhhrjNoJAAAD -> user_69dc984ec7d943120ade719b
2026-04-15T09:36:05.742Z - SOCKET_JOIN - Client S7r8zZ7ZHhhrjNoJAAAD -> user_69dc984ec7d943120ade719b
2026-04-15T09:36:05.743Z - SOCKET_JOIN - Client S7r8zZ7ZHhhrjNoJAAAD -> user_69dc984ec7d943120ade719b
2026-04-15T09:36:05.745Z - SOCKET_JOIN - Client S7r8zZ7ZHhhrjNoJAAAD -> user_69dc984ec7d943120ade719b
2026-04-15T09:36:24.077Z - SOCKET_JOIN - Client v7-gUgqlsPBgU7AxAAAF -> user_69dcb58a0ed5ebb72f3af564
2026-04-15T09:36:24.087Z - SOCKET_JOIN - Client v7-gUgqlsPBgU7AxAAAF -> user_69dcb58a0ed5ebb72f3af564
2026-04-15T09:36:24.089Z - SOCKET_JOIN - Client v7-gUgqlsPBgU7AxAAAF -> user_69dcb58a0ed5ebb72f3af564
2026-04-15T09:36:24.092Z - SOCKET_JOIN - Client v7-gUgqlsPBgU7AxAAAF -> user_69dcb58a0ed5ebb72f3af564
2026-04-15T09:36:24.094Z - SOCKET_JOIN - Client v7-gUgqlsPBgU7AxAAAF -> user_69dcb58a0ed5ebb72f3af564
2026-04-15T09:36:24.096Z - SOCKET_JOIN - Client v7-gUgqlsPBgU7AxAAAF -> user_69dcb58a0ed5ebb72f3af564
2026-04-15T09:37:18.390Z - SOCKET_JOIN - Client 1VcIdTL24CWcRO1cAAAH -> user_69dcb58a0ed5ebb72f3af564
2026-04-15T09:37:18.401Z - SOCKET_JOIN - Client 1VcIdTL24CWcRO1cAAAH -> user_69dcb58a0ed5ebb72f3af564
2026-04-15T09:37:18.403Z - SOCKET_JOIN - Client 1VcIdTL24CWcRO1cAAAH -> user_69dcb58a0ed5ebb72f3af564
2026-04-15T09:37:18.406Z - SOCKET_JOIN - Client 1VcIdTL24CWcRO1cAAAH -> user_69dcb58a0ed5ebb72f3af564
2026-04-15T09:37:18.407Z - SOCKET_JOIN - Client 1VcIdTL24CWcRO1cAAAH -> user_69dcb58a0ed5ebb72f3af564
2026-04-15T09:37:18.409Z - SOCKET_JOIN - Client 1VcIdTL24CWcRO1cAAAH -> user_69dcb58a0ed5ebb72f3af564
2026-04-15T09:37:45.379Z - Global broadcast sent for Order #EZ-9536
2026-04-15T09:37:45.535Z - Broadcasting to vendor room: user_69dc903c3386c4d76f1d0580
2026-04-15T09:37:53.992Z - SOCKET_JOIN - Client JWUJC9e-h85-TXnrAAAJ -> user_69dc903c3386c4d76f1d0580
2026-04-15T09:37:54.102Z - SOCKET_JOIN - Client JWUJC9e-h85-TXnrAAAJ -> user_69dc903c3386c4d76f1d0580
2026-04-15T09:37:54.103Z - SOCKET_JOIN - Client JWUJC9e-h85-TXnrAAAJ -> user_69dc903c3386c4d76f1d0580
2026-04-15T09:37:54.104Z - SOCKET_JOIN - Client JWUJC9e-h85-TXnrAAAJ -> user_69dc903c3386c4d76f1d0580
2026-04-15T09:37:54.108Z - SOCKET_JOIN - Client JWUJC9e-h85-TXnrAAAJ -> user_69dc903c3386c4d76f1d0580
2026-04-15T09:37:54.112Z - SOCKET_JOIN - Client JWUJC9e-h85-TXnrAAAJ -> user_69dc903c3386c4d76f1d0580
2026-04-15T09:37:54.114Z - SOCKET_JOIN - Client JWUJC9e-h85-TXnrAAAJ -> user_69dc903c3386c4d76f1d0580
2026-04-15T09:37:54.116Z - SOCKET_JOIN - Client JWUJC9e-h85-TXnrAAAJ -> user_69dc903c3386c4d76f1d0580
2026-04-15T09:37:54.117Z - SOCKET_JOIN - Client JWUJC9e-h85-TXnrAAAJ -> user_69dc903c3386c4d76f1d0580
2026-04-15T09:37:54.118Z - SOCKET_JOIN - Client JWUJC9e-h85-TXnrAAAJ -> user_69dc903c3386c4d76f1d0580
2026-04-15T09:37:54.119Z - SOCKET_JOIN - Client JWUJC9e-h85-TXnrAAAJ -> user_69dc903c3386c4d76f1d0580
2026-04-15T09:37:54.122Z - SOCKET_JOIN - Client JWUJC9e-h85-TXnrAAAJ -> user_69dc903c3386c4d76f1d0580
2026-04-15T09:38:08.089Z - Global broadcast sent for Order #EZ-1324
2026-04-15T09:38:08.331Z - Broadcasting to vendor room: user_69dc903c3386c4d76f1d0580
2026-04-15T09:38:15.791Z - --- Matching for 23.2696, 77.3882 (Found 1 active riders) ---
2026-04-15T09:38:15.792Z - Rider: Marcus V., Pos: 23.2696,77.3882, Dist: 0.000km
2026-04-15T09:38:31.075Z - SOCKET_JOIN - Client EIknH0hKhWJgaepKAAAL -> user_69dc984ec7d943120ade719b
2026-04-15T09:38:31.079Z - SOCKET_JOIN - Client EIknH0hKhWJgaepKAAAL -> order_69df5c7f39e04a6989bf53ca
2026-04-15T09:38:31.081Z - SOCKET_JOIN - Client EIknH0hKhWJgaepKAAAL -> user_69dc984ec7d943120ade719b
2026-04-15T09:38:31.082Z - SOCKET_JOIN - Client EIknH0hKhWJgaepKAAAL -> order_69df5c7f39e04a6989bf53ca
2026-04-15T09:38:31.083Z - SOCKET_JOIN - Client EIknH0hKhWJgaepKAAAL -> user_69dc984ec7d943120ade719b
2026-04-15T09:38:31.085Z - SOCKET_JOIN - Client EIknH0hKhWJgaepKAAAL -> user_69dc984ec7d943120ade719b
2026-04-15T09:38:31.086Z - SOCKET_JOIN - Client EIknH0hKhWJgaepKAAAL -> user_69dc984ec7d943120ade719b
2026-04-15T09:38:31.087Z - SOCKET_JOIN - Client EIknH0hKhWJgaepKAAAL -> user_69dc984ec7d943120ade719b
2026-04-15T09:38:31.089Z - SOCKET_JOIN - Client EIknH0hKhWJgaepKAAAL -> user_69dc984ec7d943120ade719b
2026-04-15T09:38:31.090Z - SOCKET_JOIN - Client EIknH0hKhWJgaepKAAAL -> user_69dc984ec7d943120ade719b
2026-04-15T09:38:40.626Z - SOCKET_JOIN - Client ualgjB7sCp0-rb0ZAAAN -> user_69dcb58a0ed5ebb72f3af564
2026-04-15T09:38:40.635Z - SOCKET_JOIN - Client ualgjB7sCp0-rb0ZAAAN -> user_69dcb58a0ed5ebb72f3af564
2026-04-15T09:38:40.646Z - SOCKET_JOIN - Client ualgjB7sCp0-rb0ZAAAN -> user_69dcb58a0ed5ebb72f3af564
2026-04-15T09:38:40.648Z - SOCKET_JOIN - Client ualgjB7sCp0-rb0ZAAAN -> user_69dcb58a0ed5ebb72f3af564
2026-04-15T09:38:40.650Z - SOCKET_JOIN - Client ualgjB7sCp0-rb0ZAAAN -> user_69dcb58a0ed5ebb72f3af564
2026-04-15T09:38:40.661Z - SOCKET_JOIN - Client ualgjB7sCp0-rb0ZAAAN -> user_69dcb58a0ed5ebb72f3af564
2026-04-15T09:38:40.662Z - SOCKET_JOIN - Client ualgjB7sCp0-rb0ZAAAN -> user_69dcb58a0ed5ebb72f3af564
2026-04-15T09:38:40.667Z - SOCKET_JOIN - Client ualgjB7sCp0-rb0ZAAAN -> user_69dcb58a0ed5ebb72f3af564
2026-04-15T09:40:45.932Z - SOCKET_JOIN - Client wvXB8kgBDqDvibj_AAAP -> user_69dcb58a0ed5ebb72f3af564
2026-04-15T09:40:46.075Z - SOCKET_JOIN - Client wvXB8kgBDqDvibj_AAAP -> user_69dcb58a0ed5ebb72f3af564
2026-04-15T09:40:46.076Z - SOCKET_JOIN - Client wvXB8kgBDqDvibj_AAAP -> user_69dcb58a0ed5ebb72f3af564
2026-04-15T09:40:46.078Z - SOCKET_JOIN - Client wvXB8kgBDqDvibj_AAAP -> user_69dcb58a0ed5ebb72f3af564
2026-04-15T09:40:46.079Z - SOCKET_JOIN - Client wvXB8kgBDqDvibj_AAAP -> user_69dcb58a0ed5ebb72f3af564
2026-04-15T09:40:46.080Z - SOCKET_JOIN - Client wvXB8kgBDqDvibj_AAAP -> user_69dcb58a0ed5ebb72f3af564
2026-04-15T09:40:46.081Z - SOCKET_JOIN - Client wvXB8kgBDqDvibj_AAAP -> user_69dcb58a0ed5ebb72f3af564
2026-04-15T09:41:08.906Z - SOCKET_JOIN - Client BXzlTKdgqI0d8m8ZAAAR -> user_69dcb58a0ed5ebb72f3af564
2026-04-15T09:41:09.039Z - SOCKET_JOIN - Client BXzlTKdgqI0d8m8ZAAAR -> user_69dcb58a0ed5ebb72f3af564
2026-04-15T09:41:09.040Z - SOCKET_JOIN - Client BXzlTKdgqI0d8m8ZAAAR -> user_69dcb58a0ed5ebb72f3af564
2026-04-15T09:41:09.041Z - SOCKET_JOIN - Client BXzlTKdgqI0d8m8ZAAAR -> user_69dcb58a0ed5ebb72f3af564
2026-04-15T09:41:09.043Z - SOCKET_JOIN - Client BXzlTKdgqI0d8m8ZAAAR -> user_69dcb58a0ed5ebb72f3af564
2026-04-15T09:41:09.045Z - SOCKET_JOIN - Client BXzlTKdgqI0d8m8ZAAAR -> user_69dcb58a0ed5ebb72f3af564
2026-04-15T09:41:09.047Z - SOCKET_JOIN - Client BXzlTKdgqI0d8m8ZAAAR -> user_69dcb58a0ed5ebb72f3af564
2026-04-15T09:41:09.049Z - SOCKET_JOIN - Client BXzlTKdgqI0d8m8ZAAAR -> user_69dcb58a0ed5ebb72f3af564
2026-04-15T09:44:17.782Z - SOCKET_JOIN - Client PwcIDJxG71u0f1wTAAAC -> user_69dcb58a0ed5ebb72f3af564
2026-04-15T09:44:17.789Z - SOCKET_JOIN - Client BoIMztRDdg8QC8ldAAAD -> user_69dc984ec7d943120ade719b
2026-04-15T09:44:17.790Z - SOCKET_JOIN - Client BoIMztRDdg8QC8ldAAAD -> user_69dc984ec7d943120ade719b
2026-04-15T09:44:17.793Z - SOCKET_JOIN - Client BoIMztRDdg8QC8ldAAAD -> user_69dc984ec7d943120ade719b
2026-04-15T09:44:17.794Z - SOCKET_JOIN - Client BoIMztRDdg8QC8ldAAAD -> user_69dc984ec7d943120ade719b
2026-04-15T09:44:17.797Z - SOCKET_JOIN - Client BoIMztRDdg8QC8ldAAAD -> user_69dc984ec7d943120ade719b
2026-04-15T09:44:17.799Z - SOCKET_JOIN - Client BoIMztRDdg8QC8ldAAAD -> user_69dc984ec7d943120ade719b
2026-04-15T09:44:17.875Z - SOCKET_JOIN - Client PwcIDJxG71u0f1wTAAAC -> user_69dcb58a0ed5ebb72f3af564
2026-04-15T09:44:17.876Z - SOCKET_JOIN - Client PwcIDJxG71u0f1wTAAAC -> user_69dcb58a0ed5ebb72f3af564
2026-04-15T09:44:17.878Z - SOCKET_JOIN - Client PwcIDJxG71u0f1wTAAAC -> user_69dcb58a0ed5ebb72f3af564
2026-04-15T09:44:17.879Z - SOCKET_JOIN - Client PwcIDJxG71u0f1wTAAAC -> user_69dcb58a0ed5ebb72f3af564
2026-04-15T09:44:17.880Z - SOCKET_JOIN - Client PwcIDJxG71u0f1wTAAAC -> user_69dcb58a0ed5ebb72f3af564
2026-04-15T09:44:22.399Z - SOCKET_JOIN - Client jB7WQb8NqIBczxIPAAAF -> user_69dcb58a0ed5ebb72f3af564
2026-04-15T09:44:22.418Z - SOCKET_JOIN - Client jB7WQb8NqIBczxIPAAAF -> user_69dcb58a0ed5ebb72f3af564
2026-04-15T09:44:22.420Z - SOCKET_JOIN - Client jB7WQb8NqIBczxIPAAAF -> user_69dcb58a0ed5ebb72f3af564
2026-04-15T09:44:22.422Z - SOCKET_JOIN - Client jB7WQb8NqIBczxIPAAAF -> user_69dcb58a0ed5ebb72f3af564
2026-04-15T09:44:22.425Z - SOCKET_JOIN - Client jB7WQb8NqIBczxIPAAAF -> user_69dcb58a0ed5ebb72f3af564
2026-04-15T09:44:22.427Z - SOCKET_JOIN - Client jB7WQb8NqIBczxIPAAAF -> user_69dcb58a0ed5ebb72f3af564
2026-04-15T09:44:33.790Z - SOCKET_JOIN - Client eIiro7PrY0VL46U4AAAH -> user_69dcb58a0ed5ebb72f3af564
2026-04-15T09:44:33.793Z - SOCKET_JOIN - Client eIiro7PrY0VL46U4AAAH -> user_69dcb58a0ed5ebb72f3af564
2026-04-15T09:44:33.795Z - SOCKET_JOIN - Client eIiro7PrY0VL46U4AAAH -> user_69dcb58a0ed5ebb72f3af564
2026-04-15T09:44:33.796Z - SOCKET_JOIN - Client eIiro7PrY0VL46U4AAAH -> user_69dcb58a0ed5ebb72f3af564
2026-04-15T09:44:33.798Z - SOCKET_JOIN - Client eIiro7PrY0VL46U4AAAH -> user_69dcb58a0ed5ebb72f3af564
2026-04-15T09:44:33.799Z - SOCKET_JOIN - Client eIiro7PrY0VL46U4AAAH -> user_69dcb58a0ed5ebb72f3af564
2026-04-15T09:45:06.373Z - SOCKET_JOIN - Client 63mQzIFs4A8b6Rl_AAAJ -> user_69dc984ec7d943120ade719b
2026-04-15T09:45:06.490Z - SOCKET_JOIN - Client 63mQzIFs4A8b6Rl_AAAJ -> order_69df5c7f39e04a6989bf53ca
2026-04-15T09:45:06.491Z - SOCKET_JOIN - Client 63mQzIFs4A8b6Rl_AAAJ -> user_69dc984ec7d943120ade719b
2026-04-15T09:45:06.492Z - SOCKET_JOIN - Client 63mQzIFs4A8b6Rl_AAAJ -> order_69df5c7f39e04a6989bf53ca
2026-04-15T09:45:06.493Z - SOCKET_JOIN - Client 63mQzIFs4A8b6Rl_AAAJ -> user_69dc984ec7d943120ade719b
2026-04-15T09:45:06.495Z - SOCKET_JOIN - Client 63mQzIFs4A8b6Rl_AAAJ -> user_69dc984ec7d943120ade719b
2026-04-15T09:46:13.114Z - SOCKET_JOIN - Client 917hvAR9ALsTApwWAAAL -> user_69dc903c3386c4d76f1d0580
2026-04-15T09:46:13.121Z - SOCKET_JOIN - Client 917hvAR9ALsTApwWAAAL -> vendors_pool
2026-04-15T09:46:13.138Z - SOCKET_JOIN - Client 917hvAR9ALsTApwWAAAL -> user_69dc903c3386c4d76f1d0580
2026-04-15T09:46:13.142Z - SOCKET_JOIN - Client 917hvAR9ALsTApwWAAAL -> vendors_pool
2026-04-15T09:46:13.143Z - SOCKET_JOIN - Client 917hvAR9ALsTApwWAAAL -> user_69dc903c3386c4d76f1d0580
2026-04-15T09:46:13.143Z - SOCKET_JOIN - Client 917hvAR9ALsTApwWAAAL -> user_69dc903c3386c4d76f1d0580
2026-04-15T09:47:14.776Z - SOCKET_JOIN - Client 917hvAR9ALsTApwWAAAL -> user_69dc903c3386c4d76f1d0580
2026-04-15T09:47:14.804Z - SOCKET_JOIN - Client 917hvAR9ALsTApwWAAAL -> vendors_pool
2026-04-15T09:47:14.805Z - SOCKET_JOIN - Client 917hvAR9ALsTApwWAAAL -> user_69dc903c3386c4d76f1d0580
2026-04-15T09:47:14.806Z - SOCKET_JOIN - Client 917hvAR9ALsTApwWAAAL -> vendors_pool
2026-04-15T09:47:14.881Z - SOCKET_JOIN - Client rg14yIIy_7o6M_VfAAAN -> user_69dcb58a0ed5ebb72f3af564
2026-04-15T09:47:14.986Z - SOCKET_JOIN - Client rg14yIIy_7o6M_VfAAAN -> user_69dcb58a0ed5ebb72f3af564
2026-04-15T09:47:14.987Z - SOCKET_JOIN - Client rg14yIIy_7o6M_VfAAAN -> user_69dcb58a0ed5ebb72f3af564
2026-04-15T09:47:14.988Z - SOCKET_JOIN - Client rg14yIIy_7o6M_VfAAAN -> user_69dcb58a0ed5ebb72f3af564
2026-04-15T09:47:14.988Z - SOCKET_JOIN - Client rg14yIIy_7o6M_VfAAAN -> user_69dcb58a0ed5ebb72f3af564
2026-04-15T09:48:03.270Z - SOCKET_JOIN - Client 917hvAR9ALsTApwWAAAL -> user_69dc903c3386c4d76f1d0580
2026-04-15T09:48:03.312Z - SOCKET_JOIN - Client rpqjodqvFjl2A30rAAAP -> user_69dc903c3386c4d76f1d0580
2026-04-15T09:48:03.318Z - SOCKET_JOIN - Client rpqjodqvFjl2A30rAAAP -> user_69dc903c3386c4d76f1d0580
2026-04-15T09:48:03.320Z - SOCKET_JOIN - Client rpqjodqvFjl2A30rAAAP -> user_69dc903c3386c4d76f1d0580
2026-04-15T09:48:03.321Z - SOCKET_JOIN - Client rpqjodqvFjl2A30rAAAP -> user_69dc903c3386c4d76f1d0580
2026-04-15T09:48:03.321Z - SOCKET_JOIN - Client rpqjodqvFjl2A30rAAAP -> user_69dc903c3386c4d76f1d0580
2026-04-15T09:48:03.322Z - SOCKET_JOIN - Client rpqjodqvFjl2A30rAAAP -> user_69dc903c3386c4d76f1d0580
2026-04-15T09:48:03.323Z - SOCKET_JOIN - Client rpqjodqvFjl2A30rAAAP -> user_69dc903c3386c4d76f1d0580
2026-04-15T09:48:15.333Z - Global broadcast sent for Order #EZ-5634
2026-04-15T09:48:15.497Z - Broadcasting to vendor room: user_69dc903c3386c4d76f1d0580
2026-04-15T09:48:20.970Z - --- Matching for 23.2696, 77.3882 (Found 1 active riders) ---
2026-04-15T09:48:20.971Z - Rider: Marcus V., Pos: 23.2696,77.3882, Dist: 0.000km
2026-04-15T09:48:34.470Z - SOCKET_JOIN - Client dqqouaL3bIaQxUleAAAR -> user_69dc984ec7d943120ade719b
2026-04-15T09:48:34.472Z - SOCKET_JOIN - Client dqqouaL3bIaQxUleAAAR -> order_69df5edf54e4e2d8091a44d8
2026-04-15T09:48:34.475Z - SOCKET_JOIN - Client dqqouaL3bIaQxUleAAAR -> user_69dc984ec7d943120ade719b
2026-04-15T09:48:34.476Z - SOCKET_JOIN - Client dqqouaL3bIaQxUleAAAR -> order_69df5edf54e4e2d8091a44d8
2026-04-15T09:48:34.478Z - SOCKET_JOIN - Client dqqouaL3bIaQxUleAAAR -> user_69dc984ec7d943120ade719b
2026-04-15T09:48:34.479Z - SOCKET_JOIN - Client dqqouaL3bIaQxUleAAAR -> user_69dc984ec7d943120ade719b
2026-04-15T09:48:34.479Z - SOCKET_JOIN - Client dqqouaL3bIaQxUleAAAR -> user_69dc984ec7d943120ade719b
2026-04-15T09:48:34.479Z - SOCKET_JOIN - Client dqqouaL3bIaQxUleAAAR -> user_69dc984ec7d943120ade719b
2026-04-15T09:48:41.985Z - SOCKET_JOIN - Client OW9f5T8K0iYaC2VqAAAT -> user_69dcb58a0ed5ebb72f3af564
2026-04-15T09:48:41.989Z - SOCKET_JOIN - Client OW9f5T8K0iYaC2VqAAAT -> user_69dcb58a0ed5ebb72f3af564
2026-04-15T09:48:41.990Z - SOCKET_JOIN - Client OW9f5T8K0iYaC2VqAAAT -> user_69dcb58a0ed5ebb72f3af564
2026-04-15T09:48:41.991Z - SOCKET_JOIN - Client OW9f5T8K0iYaC2VqAAAT -> user_69dcb58a0ed5ebb72f3af564
2026-04-15T09:48:41.992Z - SOCKET_JOIN - Client OW9f5T8K0iYaC2VqAAAT -> user_69dcb58a0ed5ebb72f3af564
2026-04-15T09:48:41.993Z - SOCKET_JOIN - Client OW9f5T8K0iYaC2VqAAAT -> user_69dcb58a0ed5ebb72f3af564
2026-04-15T09:48:41.994Z - SOCKET_JOIN - Client OW9f5T8K0iYaC2VqAAAT -> user_69dcb58a0ed5ebb72f3af564
2026-04-15T09:48:41.994Z - SOCKET_JOIN - Client OW9f5T8K0iYaC2VqAAAT -> user_69dcb58a0ed5ebb72f3af564
2026-04-15T09:48:41.995Z - SOCKET_JOIN - Client OW9f5T8K0iYaC2VqAAAT -> user_69dcb58a0ed5ebb72f3af564
2026-04-15T09:49:20.626Z - SOCKET_JOIN - Client faIQx338-BdspSLaAAAV -> user_69dc903c3386c4d76f1d0580
2026-04-15T09:49:20.741Z - SOCKET_JOIN - Client faIQx338-BdspSLaAAAV -> vendors_pool
2026-04-15T09:49:20.749Z - SOCKET_JOIN - Client faIQx338-BdspSLaAAAV -> user_69dc903c3386c4d76f1d0580
2026-04-15T09:49:20.750Z - SOCKET_JOIN - Client faIQx338-BdspSLaAAAV -> vendors_pool
2026-04-15T09:49:20.751Z - SOCKET_JOIN - Client faIQx338-BdspSLaAAAV -> user_69dc903c3386c4d76f1d0580
2026-04-15T09:49:20.753Z - SOCKET_JOIN - Client faIQx338-BdspSLaAAAV -> user_69dc903c3386c4d76f1d0580
2026-04-15T09:49:24.043Z - SOCKET_JOIN - Client -AUQXZ8h0VBTCQE4AAAX -> user_69dc903c3386c4d76f1d0580
2026-04-15T09:49:24.050Z - SOCKET_JOIN - Client -AUQXZ8h0VBTCQE4AAAX -> vendors_pool
2026-04-15T09:49:24.051Z - SOCKET_JOIN - Client -AUQXZ8h0VBTCQE4AAAX -> user_69dc903c3386c4d76f1d0580
2026-04-15T09:49:24.052Z - SOCKET_JOIN - Client -AUQXZ8h0VBTCQE4AAAX -> vendors_pool
2026-04-15T09:49:24.052Z - SOCKET_JOIN - Client -AUQXZ8h0VBTCQE4AAAX -> user_69dc903c3386c4d76f1d0580
2026-04-15T09:49:24.053Z - SOCKET_JOIN - Client -AUQXZ8h0VBTCQE4AAAX -> user_69dc903c3386c4d76f1d0580
2026-04-15T09:49:26.783Z - --- Matching for 23.2696, 77.3882 (Found 1 active riders) ---
2026-04-15T09:49:26.784Z - Rider: Marcus V., Pos: 23.2696,77.3882, Dist: 0.000km
2026-04-15T09:49:27.449Z - SOCKET_JOIN - Client l2Za2R_mna05TrrQAAAZ -> user_69dc903c3386c4d76f1d0580
2026-04-15T09:49:27.453Z - SOCKET_JOIN - Client l2Za2R_mna05TrrQAAAZ -> vendors_pool
2026-04-15T09:49:27.454Z - SOCKET_JOIN - Client l2Za2R_mna05TrrQAAAZ -> user_69dc903c3386c4d76f1d0580
2026-04-15T09:49:27.456Z - SOCKET_JOIN - Client l2Za2R_mna05TrrQAAAZ -> vendors_pool
2026-04-15T09:49:27.457Z - SOCKET_JOIN - Client l2Za2R_mna05TrrQAAAZ -> user_69dc903c3386c4d76f1d0580
2026-04-15T09:49:27.458Z - SOCKET_JOIN - Client l2Za2R_mna05TrrQAAAZ -> user_69dc903c3386c4d76f1d0580
2026-04-15T09:49:48.769Z - SOCKET_JOIN - Client RzCvflhHdJymFXOqAAAb -> user_69dcb58a0ed5ebb72f3af564
2026-04-15T09:49:48.870Z - SOCKET_JOIN - Client RzCvflhHdJymFXOqAAAb -> user_69dcb58a0ed5ebb72f3af564
2026-04-15T09:49:48.871Z - SOCKET_JOIN - Client RzCvflhHdJymFXOqAAAb -> user_69dcb58a0ed5ebb72f3af564
2026-04-15T09:49:48.872Z - SOCKET_JOIN - Client RzCvflhHdJymFXOqAAAb -> user_69dcb58a0ed5ebb72f3af564
2026-04-15T09:49:48.873Z - SOCKET_JOIN - Client RzCvflhHdJymFXOqAAAb -> user_69dcb58a0ed5ebb72f3af564
2026-04-15T09:49:48.874Z - SOCKET_JOIN - Client RzCvflhHdJymFXOqAAAb -> user_69dcb58a0ed5ebb72f3af564
2026-04-15T09:49:48.875Z - SOCKET_JOIN - Client RzCvflhHdJymFXOqAAAb -> user_69dcb58a0ed5ebb72f3af564
2026-04-15T09:49:48.876Z - SOCKET_JOIN - Client RzCvflhHdJymFXOqAAAb -> user_69dcb58a0ed5ebb72f3af564
2026-04-15T09:49:48.877Z - SOCKET_JOIN - Client RzCvflhHdJymFXOqAAAb -> user_69dcb58a0ed5ebb72f3af564
2026-04-15T09:49:48.878Z - SOCKET_JOIN - Client RzCvflhHdJymFXOqAAAb -> user_69dcb58a0ed5ebb72f3af564
2026-04-15T09:49:48.879Z - SOCKET_JOIN - Client RzCvflhHdJymFXOqAAAb -> user_69dcb58a0ed5ebb72f3af564
2026-04-15T09:50:10.062Z - [DEBUG] Fetching orders for CustomerID: 69dc984ec7d943120ade719b. Detecting phone...
2026-04-15T09:50:10.270Z - [DEBUG] Found phone: 9826723441 for account 69dc984ec7d943120ade719b
2026-04-15T09:50:10.397Z - [DEBUG] Cross-account search for 9826723441. Found 1 linked IDs.
2026-04-15T09:50:10.615Z - [DEBUG] Orders found for 9826723441: 1
2026-04-15T09:50:10.621Z - [DEBUG] Fetching orders for CustomerID: 69dc984ec7d943120ade719b. Detecting phone...
2026-04-15T09:50:10.736Z - [DEBUG] Found phone: 9826723441 for account 69dc984ec7d943120ade719b
2026-04-15T09:50:10.879Z - [DEBUG] Cross-account search for 9826723441. Found 1 linked IDs.
2026-04-15T09:50:11.159Z - [DEBUG] Orders found for 9826723441: 1
2026-04-15T09:53:37.539Z - SOCKET_JOIN - Client WWcOJNpjA7nzQIq3AAAC -> user_69dc903c3386c4d76f1d0580
2026-04-15T09:53:37.542Z - SOCKET_JOIN - Client QB4berACVIMn7_gCAAAD -> user_69dcb58a0ed5ebb72f3af564
2026-04-15T09:53:37.549Z - SOCKET_JOIN - Client QB4berACVIMn7_gCAAAD -> user_69dcb58a0ed5ebb72f3af564
2026-04-15T09:53:37.550Z - SOCKET_JOIN - Client QB4berACVIMn7_gCAAAD -> user_69dcb58a0ed5ebb72f3af564
2026-04-15T09:53:37.550Z - SOCKET_JOIN - Client QB4berACVIMn7_gCAAAD -> user_69dcb58a0ed5ebb72f3af564
2026-04-15T09:53:37.551Z - SOCKET_JOIN - Client QB4berACVIMn7_gCAAAD -> user_69dcb58a0ed5ebb72f3af564
2026-04-15T09:53:37.552Z - SOCKET_JOIN - Client QB4berACVIMn7_gCAAAD -> user_69dcb58a0ed5ebb72f3af564
2026-04-15T09:53:37.552Z - SOCKET_JOIN - Client QB4berACVIMn7_gCAAAD -> user_69dcb58a0ed5ebb72f3af564
2026-04-15T09:53:37.674Z - SOCKET_JOIN - Client WWcOJNpjA7nzQIq3AAAC -> user_69dc903c3386c4d76f1d0580
2026-04-15T09:53:41.307Z - SOCKET_JOIN - Client G97WJ3uWfmb8rwcYAAAF -> user_69dcb58a0ed5ebb72f3af564
2026-04-15T09:53:41.311Z - SOCKET_JOIN - Client G97WJ3uWfmb8rwcYAAAF -> user_69dcb58a0ed5ebb72f3af564
2026-04-15T09:53:41.312Z - SOCKET_JOIN - Client G97WJ3uWfmb8rwcYAAAF -> user_69dcb58a0ed5ebb72f3af564
2026-04-15T09:53:41.312Z - SOCKET_JOIN - Client G97WJ3uWfmb8rwcYAAAF -> user_69dcb58a0ed5ebb72f3af564
2026-04-15T09:53:41.312Z - SOCKET_JOIN - Client G97WJ3uWfmb8rwcYAAAF -> user_69dcb58a0ed5ebb72f3af564
2026-04-15T09:53:41.313Z - SOCKET_JOIN - Client G97WJ3uWfmb8rwcYAAAF -> user_69dcb58a0ed5ebb72f3af564
2026-04-15T09:54:39.698Z - SOCKET_JOIN - Client 42C16tFf0eyy0szdAAAH -> user_69dcb58a0ed5ebb72f3af564
2026-04-15T09:54:39.731Z - SOCKET_JOIN - Client 42C16tFf0eyy0szdAAAH -> user_69dcb58a0ed5ebb72f3af564
2026-04-15T09:54:39.732Z - SOCKET_JOIN - Client 42C16tFf0eyy0szdAAAH -> user_69dcb58a0ed5ebb72f3af564
2026-04-15T09:54:39.734Z - SOCKET_JOIN - Client 42C16tFf0eyy0szdAAAH -> user_69dcb58a0ed5ebb72f3af564
2026-04-15T09:54:39.734Z - SOCKET_JOIN - Client 42C16tFf0eyy0szdAAAH -> user_69dcb58a0ed5ebb72f3af564
2026-04-15T09:54:39.736Z - SOCKET_JOIN - Client 42C16tFf0eyy0szdAAAH -> user_69dcb58a0ed5ebb72f3af564
2026-04-15T09:54:45.335Z - SOCKET_JOIN - Client WWcOJNpjA7nzQIq3AAAC -> user_69dc903c3386c4d76f1d0580
2026-04-15T09:54:45.370Z - SOCKET_JOIN - Client e4fUVmKvhAiPu9y0AAAJ -> user_69dc903c3386c4d76f1d0580
2026-04-15T09:54:45.476Z - SOCKET_JOIN - Client e4fUVmKvhAiPu9y0AAAJ -> user_69dc903c3386c4d76f1d0580
2026-04-15T09:54:45.477Z - SOCKET_JOIN - Client e4fUVmKvhAiPu9y0AAAJ -> user_69dc903c3386c4d76f1d0580
2026-04-15T09:54:45.478Z - SOCKET_JOIN - Client e4fUVmKvhAiPu9y0AAAJ -> user_69dc903c3386c4d76f1d0580
2026-04-15T09:54:45.479Z - SOCKET_JOIN - Client e4fUVmKvhAiPu9y0AAAJ -> user_69dc903c3386c4d76f1d0580
2026-04-15T09:54:56.889Z - Global broadcast sent for Order #EZ-1125
2026-04-15T09:54:57.009Z - Broadcasting to vendor room: user_69dc903c3386c4d76f1d0580
2026-04-15T09:55:04.253Z - --- Matching for 23.2696, 77.3882 (Found 1 active riders) ---
2026-04-15T09:55:04.255Z - Rider: Marcus V., Pos: 23.2696,77.3882, Dist: 0.000km
2026-04-15T09:55:18.076Z - SOCKET_JOIN - Client azhbLW6rCvAUlo4SAAAL -> user_69dc984ec7d943120ade719b
2026-04-15T09:55:18.180Z - SOCKET_JOIN - Client azhbLW6rCvAUlo4SAAAL -> order_69df6070ac81c94e53b020a9
2026-04-15T09:55:18.181Z - SOCKET_JOIN - Client azhbLW6rCvAUlo4SAAAL -> user_69dc984ec7d943120ade719b
2026-04-15T09:55:18.182Z - SOCKET_JOIN - Client azhbLW6rCvAUlo4SAAAL -> order_69df6070ac81c94e53b020a9
2026-04-15T09:55:18.184Z - SOCKET_JOIN - Client azhbLW6rCvAUlo4SAAAL -> user_69dc984ec7d943120ade719b
2026-04-15T09:55:18.185Z - SOCKET_JOIN - Client azhbLW6rCvAUlo4SAAAL -> user_69dc984ec7d943120ade719b
2026-04-15T09:55:18.186Z - SOCKET_JOIN - Client azhbLW6rCvAUlo4SAAAL -> user_69dc984ec7d943120ade719b
2026-04-15T09:55:18.187Z - SOCKET_JOIN - Client azhbLW6rCvAUlo4SAAAL -> user_69dc984ec7d943120ade719b
2026-04-15T09:55:18.188Z - SOCKET_JOIN - Client azhbLW6rCvAUlo4SAAAL -> user_69dc984ec7d943120ade719b
2026-04-15T09:55:18.189Z - SOCKET_JOIN - Client azhbLW6rCvAUlo4SAAAL -> user_69dc984ec7d943120ade719b
2026-04-15T09:55:26.621Z - SOCKET_JOIN - Client 5ZsJDzFmAf_GTPP3AAAN -> user_69dcb58a0ed5ebb72f3af564
2026-04-15T09:55:26.730Z - SOCKET_JOIN - Client 5ZsJDzFmAf_GTPP3AAAN -> user_69dcb58a0ed5ebb72f3af564
2026-04-15T09:55:26.732Z - SOCKET_JOIN - Client 5ZsJDzFmAf_GTPP3AAAN -> user_69dcb58a0ed5ebb72f3af564
2026-04-15T09:55:26.733Z - SOCKET_JOIN - Client 5ZsJDzFmAf_GTPP3AAAN -> user_69dcb58a0ed5ebb72f3af564
2026-04-15T09:55:26.735Z - SOCKET_JOIN - Client 5ZsJDzFmAf_GTPP3AAAN -> user_69dcb58a0ed5ebb72f3af564
2026-04-15T09:55:26.736Z - SOCKET_JOIN - Client 5ZsJDzFmAf_GTPP3AAAN -> user_69dcb58a0ed5ebb72f3af564
2026-04-15T09:55:26.738Z - SOCKET_JOIN - Client 5ZsJDzFmAf_GTPP3AAAN -> user_69dcb58a0ed5ebb72f3af564
2026-04-15T09:55:26.739Z - SOCKET_JOIN - Client 5ZsJDzFmAf_GTPP3AAAN -> user_69dcb58a0ed5ebb72f3af564
2026-04-15T09:55:35.913Z - SOCKET_JOIN - Client _5r81i7EnYtkumxsAAAP -> user_69dc903c3386c4d76f1d0580
2026-04-15T09:55:36.027Z - SOCKET_JOIN - Client _5r81i7EnYtkumxsAAAP -> vendors_pool
2026-04-15T09:55:36.028Z - SOCKET_JOIN - Client _5r81i7EnYtkumxsAAAP -> user_69dc903c3386c4d76f1d0580
2026-04-15T09:55:36.029Z - SOCKET_JOIN - Client _5r81i7EnYtkumxsAAAP -> vendors_pool
2026-04-15T09:55:36.029Z - SOCKET_JOIN - Client _5r81i7EnYtkumxsAAAP -> user_69dc903c3386c4d76f1d0580
2026-04-15T09:55:36.031Z - SOCKET_JOIN - Client _5r81i7EnYtkumxsAAAP -> user_69dc903c3386c4d76f1d0580
2026-04-15T09:55:38.853Z - SOCKET_JOIN - Client Jx3q8JFySHvcwsNzAAAR -> user_69dc903c3386c4d76f1d0580
2026-04-15T09:55:38.886Z - SOCKET_JOIN - Client Jx3q8JFySHvcwsNzAAAR -> vendors_pool
2026-04-15T09:55:38.887Z - SOCKET_JOIN - Client Jx3q8JFySHvcwsNzAAAR -> user_69dc903c3386c4d76f1d0580
2026-04-15T09:55:38.887Z - SOCKET_JOIN - Client Jx3q8JFySHvcwsNzAAAR -> vendors_pool
2026-04-15T09:55:38.888Z - SOCKET_JOIN - Client Jx3q8JFySHvcwsNzAAAR -> user_69dc903c3386c4d76f1d0580
2026-04-15T09:55:38.889Z - SOCKET_JOIN - Client Jx3q8JFySHvcwsNzAAAR -> user_69dc903c3386c4d76f1d0580
2026-04-15T09:55:43.097Z - --- Matching for 23.2696, 77.3882 (Found 1 active riders) ---
2026-04-15T09:55:43.098Z - Rider: Marcus V., Pos: 23.2696,77.3882, Dist: 0.000km
2026-04-15T09:55:43.948Z - SOCKET_JOIN - Client 3eXnpnGgWZyC8usKAAAT -> user_69dc903c3386c4d76f1d0580
2026-04-15T09:55:43.952Z - SOCKET_JOIN - Client 3eXnpnGgWZyC8usKAAAT -> vendors_pool
2026-04-15T09:55:43.953Z - SOCKET_JOIN - Client 3eXnpnGgWZyC8usKAAAT -> user_69dc903c3386c4d76f1d0580
2026-04-15T09:55:43.953Z - SOCKET_JOIN - Client 3eXnpnGgWZyC8usKAAAT -> vendors_pool
2026-04-15T09:55:43.954Z - SOCKET_JOIN - Client 3eXnpnGgWZyC8usKAAAT -> user_69dc903c3386c4d76f1d0580
2026-04-15T09:55:43.954Z - SOCKET_JOIN - Client 3eXnpnGgWZyC8usKAAAT -> user_69dc903c3386c4d76f1d0580
2026-04-15T09:56:03.036Z - SOCKET_JOIN - Client SNZjO__Y-k-y4L9kAAAV -> user_69dcb58a0ed5ebb72f3af564
2026-04-15T09:56:03.152Z - SOCKET_JOIN - Client SNZjO__Y-k-y4L9kAAAV -> user_69dcb58a0ed5ebb72f3af564
2026-04-15T09:56:03.155Z - SOCKET_JOIN - Client SNZjO__Y-k-y4L9kAAAV -> user_69dcb58a0ed5ebb72f3af564
2026-04-15T09:56:03.156Z - SOCKET_JOIN - Client SNZjO__Y-k-y4L9kAAAV -> user_69dcb58a0ed5ebb72f3af564
2026-04-15T09:56:03.158Z - SOCKET_JOIN - Client SNZjO__Y-k-y4L9kAAAV -> user_69dcb58a0ed5ebb72f3af564
2026-04-15T09:56:03.159Z - SOCKET_JOIN - Client SNZjO__Y-k-y4L9kAAAV -> user_69dcb58a0ed5ebb72f3af564
2026-04-15T09:56:03.162Z - SOCKET_JOIN - Client SNZjO__Y-k-y4L9kAAAV -> user_69dcb58a0ed5ebb72f3af564
2026-04-15T09:56:03.163Z - SOCKET_JOIN - Client SNZjO__Y-k-y4L9kAAAV -> user_69dcb58a0ed5ebb72f3af564
2026-04-15T09:56:03.165Z - SOCKET_JOIN - Client SNZjO__Y-k-y4L9kAAAV -> user_69dcb58a0ed5ebb72f3af564
2026-04-15T09:56:03.165Z - SOCKET_JOIN - Client SNZjO__Y-k-y4L9kAAAV -> user_69dcb58a0ed5ebb72f3af564
2026-04-15T09:56:11.858Z - SOCKET_JOIN - Client D0mTcPqC4lIcsDEfAAAX -> user_69dcb58a0ed5ebb72f3af564
2026-04-15T09:56:11.882Z - SOCKET_JOIN - Client D0mTcPqC4lIcsDEfAAAX -> user_69dcb58a0ed5ebb72f3af564
2026-04-15T09:56:11.896Z - SOCKET_JOIN - Client D0mTcPqC4lIcsDEfAAAX -> user_69dcb58a0ed5ebb72f3af564
2026-04-15T09:56:11.910Z - SOCKET_JOIN - Client D0mTcPqC4lIcsDEfAAAX -> user_69dcb58a0ed5ebb72f3af564
2026-04-15T09:56:11.921Z - SOCKET_JOIN - Client D0mTcPqC4lIcsDEfAAAX -> user_69dcb58a0ed5ebb72f3af564
2026-04-15T09:56:11.924Z - SOCKET_JOIN - Client D0mTcPqC4lIcsDEfAAAX -> user_69dcb58a0ed5ebb72f3af564
2026-04-15T09:56:18.495Z - SOCKET_JOIN - Client IVWdP77L5MGATJpwAAAZ -> user_69dc903c3386c4d76f1d0580
2026-04-15T09:56:18.536Z - SOCKET_JOIN - Client IVWdP77L5MGATJpwAAAZ -> vendors_pool
2026-04-15T09:56:18.540Z - SOCKET_JOIN - Client IVWdP77L5MGATJpwAAAZ -> user_69dc903c3386c4d76f1d0580
2026-04-15T09:56:18.553Z - SOCKET_JOIN - Client IVWdP77L5MGATJpwAAAZ -> vendors_pool
2026-04-15T09:56:18.568Z - SOCKET_JOIN - Client IVWdP77L5MGATJpwAAAZ -> user_69dc903c3386c4d76f1d0580
2026-04-15T09:56:18.569Z - SOCKET_JOIN - Client IVWdP77L5MGATJpwAAAZ -> user_69dc903c3386c4d76f1d0580
2026-04-15T09:56:23.950Z - SOCKET_JOIN - Client IVWdP77L5MGATJpwAAAZ -> user_69dc903c3386c4d76f1d0580
2026-04-15T09:56:23.988Z - SOCKET_JOIN - Client 6bxXdvl7XPTPFkTZAAAb -> user_69dc903c3386c4d76f1d0580
2026-04-15T09:56:24.095Z - SOCKET_JOIN - Client 6bxXdvl7XPTPFkTZAAAb -> user_69dc903c3386c4d76f1d0580
2026-04-15T09:56:24.096Z - SOCKET_JOIN - Client 6bxXdvl7XPTPFkTZAAAb -> user_69dc903c3386c4d76f1d0580
2026-04-15T09:56:24.098Z - SOCKET_JOIN - Client 6bxXdvl7XPTPFkTZAAAb -> user_69dc903c3386c4d76f1d0580
2026-04-15T09:56:24.099Z - SOCKET_JOIN - Client 6bxXdvl7XPTPFkTZAAAb -> user_69dc903c3386c4d76f1d0580
2026-04-15T09:58:23.815Z - SOCKET_JOIN - Client aJRXGqmUXrXAmpmGAAAd -> user_69dcb58a0ed5ebb72f3af564
2026-04-15T09:58:23.870Z - SOCKET_JOIN - Client aJRXGqmUXrXAmpmGAAAd -> user_69dcb58a0ed5ebb72f3af564
2026-04-15T09:58:23.871Z - SOCKET_JOIN - Client aJRXGqmUXrXAmpmGAAAd -> user_69dcb58a0ed5ebb72f3af564
2026-04-15T09:58:23.871Z - SOCKET_JOIN - Client aJRXGqmUXrXAmpmGAAAd -> user_69dcb58a0ed5ebb72f3af564
2026-04-15T09:58:23.872Z - SOCKET_JOIN - Client aJRXGqmUXrXAmpmGAAAd -> user_69dcb58a0ed5ebb72f3af564
2026-04-15T09:59:19.380Z - [DEBUG] Fetching orders for CustomerID: 69dc984ec7d943120ade719b. Detecting phone...
2026-04-15T09:59:19.705Z - [DEBUG] Found phone: 9826723441 for account 69dc984ec7d943120ade719b
2026-04-15T09:59:19.844Z - [DEBUG] Cross-account search for 9826723441. Found 1 linked IDs.
2026-04-15T09:59:20.070Z - [DEBUG] Orders found for 9826723441: 1
2026-04-15T09:59:20.074Z - [DEBUG] Fetching orders for CustomerID: 69dc984ec7d943120ade719b. Detecting phone...
2026-04-15T09:59:20.197Z - [DEBUG] Found phone: 9826723441 for account 69dc984ec7d943120ade719b
2026-04-15T09:59:20.303Z - [DEBUG] Cross-account search for 9826723441. Found 1 linked IDs.
2026-04-15T09:59:20.538Z - [DEBUG] Orders found for 9826723441: 1
2026-04-15T09:59:29.672Z - [DEBUG] Fetching orders for CustomerID: 69dc984ec7d943120ade719b. Detecting phone...
2026-04-15T09:59:29.837Z - [DEBUG] Found phone: 9826723441 for account 69dc984ec7d943120ade719b
2026-04-15T09:59:29.997Z - [DEBUG] Cross-account search for 9826723441. Found 1 linked IDs.
2026-04-15T09:59:30.229Z - [DEBUG] Orders found for 9826723441: 1
2026-04-15T09:59:30.233Z - [DEBUG] Fetching orders for CustomerID: 69dc984ec7d943120ade719b. Detecting phone...
2026-04-15T09:59:30.391Z - [DEBUG] Found phone: 9826723441 for account 69dc984ec7d943120ade719b
2026-04-15T09:59:30.576Z - [DEBUG] Cross-account search for 9826723441. Found 1 linked IDs.
2026-04-15T09:59:30.880Z - [DEBUG] Orders found for 9826723441: 1
2026-04-15T10:02:29.529Z - SOCKET_JOIN - Client YPGgKPh8SfP-ejwiAAAC -> user_69dcb58a0ed5ebb72f3af564
2026-04-15T10:02:29.531Z - SOCKET_JOIN - Client 7Z1e02UWvDiC7dxMAAAD -> user_69dc903c3386c4d76f1d0580
2026-04-15T10:02:29.536Z - SOCKET_JOIN - Client 7Z1e02UWvDiC7dxMAAAD -> user_69dc903c3386c4d76f1d0580
2026-04-15T10:02:29.537Z - SOCKET_JOIN - Client 7Z1e02UWvDiC7dxMAAAD -> user_69dc903c3386c4d76f1d0580
2026-04-15T10:02:29.537Z - SOCKET_JOIN - Client 7Z1e02UWvDiC7dxMAAAD -> user_69dc903c3386c4d76f1d0580
2026-04-15T10:02:29.643Z - SOCKET_JOIN - Client YPGgKPh8SfP-ejwiAAAC -> user_69dcb58a0ed5ebb72f3af564
2026-04-15T10:02:29.644Z - SOCKET_JOIN - Client YPGgKPh8SfP-ejwiAAAC -> user_69dcb58a0ed5ebb72f3af564
2026-04-15T10:02:43.148Z - [DEBUG] Fetching orders for CustomerID: 69dc984ec7d943120ade719b. Detecting phone...
2026-04-15T10:02:43.294Z - [DEBUG] Found phone: 9826723441 for account 69dc984ec7d943120ade719b
2026-04-15T10:02:43.418Z - [DEBUG] Cross-account search for 9826723441. Found 1 linked IDs.
2026-04-15T10:02:43.702Z - [DEBUG] Orders found for 9826723441: 1
2026-04-15T10:02:43.712Z - [DEBUG] Fetching orders for CustomerID: 69dc984ec7d943120ade719b. Detecting phone...
2026-04-15T10:02:43.812Z - [DEBUG] Found phone: 9826723441 for account 69dc984ec7d943120ade719b
2026-04-15T10:02:43.926Z - [DEBUG] Cross-account search for 9826723441. Found 1 linked IDs.
2026-04-15T10:02:44.163Z - [DEBUG] Orders found for 9826723441: 1
2026-04-15T10:09:45.753Z - SOCKET_JOIN - Client mTUeEjJ24jp1OAyDAAAF -> user_69dc903c3386c4d76f1d0580
2026-04-15T10:09:45.860Z - SOCKET_JOIN - Client mTUeEjJ24jp1OAyDAAAF -> vendors_pool
2026-04-15T10:09:45.861Z - SOCKET_JOIN - Client mTUeEjJ24jp1OAyDAAAF -> user_69dc903c3386c4d76f1d0580
2026-04-15T10:09:45.863Z - SOCKET_JOIN - Client mTUeEjJ24jp1OAyDAAAF -> vendors_pool
2026-04-15T10:09:45.864Z - SOCKET_JOIN - Client mTUeEjJ24jp1OAyDAAAF -> user_69dc903c3386c4d76f1d0580
2026-04-15T10:09:45.864Z - SOCKET_JOIN - Client mTUeEjJ24jp1OAyDAAAF -> user_69dc903c3386c4d76f1d0580
2026-04-15T10:10:40.983Z - SOCKET_JOIN - Client cwKDUUNKs-mSkmd0AAAH -> user_69dc903c3386c4d76f1d0580
2026-04-15T10:10:40.991Z - SOCKET_JOIN - Client cwKDUUNKs-mSkmd0AAAH -> vendors_pool
2026-04-15T10:10:40.993Z - SOCKET_JOIN - Client cwKDUUNKs-mSkmd0AAAH -> user_69dc903c3386c4d76f1d0580
2026-04-15T10:10:40.993Z - SOCKET_JOIN - Client cwKDUUNKs-mSkmd0AAAH -> vendors_pool
2026-04-15T10:10:40.994Z - SOCKET_JOIN - Client cwKDUUNKs-mSkmd0AAAH -> user_69dc903c3386c4d76f1d0580
2026-04-15T10:10:40.995Z - SOCKET_JOIN - Client cwKDUUNKs-mSkmd0AAAH -> user_69dc903c3386c4d76f1d0580
2026-04-15T10:13:26.048Z - SOCKET_JOIN - Client pIWFQ4XuZ7Nbg6hHAAAC -> user_69dc903c3386c4d76f1d0580
2026-04-15T10:13:26.052Z - SOCKET_JOIN - Client WdTbea8SVH8eecEcAAAD -> user_69dcb58a0ed5ebb72f3af564
2026-04-15T10:13:26.057Z - SOCKET_JOIN - Client WdTbea8SVH8eecEcAAAD -> user_69dcb58a0ed5ebb72f3af564
2026-04-15T10:13:26.058Z - SOCKET_JOIN - Client WdTbea8SVH8eecEcAAAD -> user_69dcb58a0ed5ebb72f3af564
2026-04-15T10:13:26.146Z - SOCKET_JOIN - Client pIWFQ4XuZ7Nbg6hHAAAC -> user_69dc903c3386c4d76f1d0580
2026-04-15T10:14:30.338Z - SOCKET_JOIN - Client R9Hz5HvIb4RVxxjOAAAF -> user_69dc903c3386c4d76f1d0580
2026-04-15T10:14:30.346Z - SOCKET_JOIN - Client R9Hz5HvIb4RVxxjOAAAF -> vendors_pool
2026-04-15T10:14:30.348Z - SOCKET_JOIN - Client R9Hz5HvIb4RVxxjOAAAF -> user_69dc903c3386c4d76f1d0580
2026-04-15T10:14:30.349Z - SOCKET_JOIN - Client R9Hz5HvIb4RVxxjOAAAF -> vendors_pool
2026-04-15T10:14:30.350Z - SOCKET_JOIN - Client R9Hz5HvIb4RVxxjOAAAF -> user_69dc903c3386c4d76f1d0580
2026-04-15T10:14:30.351Z - SOCKET_JOIN - Client R9Hz5HvIb4RVxxjOAAAF -> user_69dc903c3386c4d76f1d0580
2026-04-15T10:20:55.752Z - SOCKET_JOIN - Client 5ewmzB-dX9FzHemqAAAC -> user_69dc903c3386c4d76f1d0580
2026-04-15T10:20:55.756Z - SOCKET_JOIN - Client YQyOAl68leyb8IslAAAD -> user_69dcb58a0ed5ebb72f3af564
2026-04-15T10:20:55.763Z - SOCKET_JOIN - Client YQyOAl68leyb8IslAAAD -> user_69dcb58a0ed5ebb72f3af564
2026-04-15T10:20:55.764Z - SOCKET_JOIN - Client YQyOAl68leyb8IslAAAD -> user_69dcb58a0ed5ebb72f3af564
2026-04-15T10:20:55.853Z - SOCKET_JOIN - Client 5ewmzB-dX9FzHemqAAAC -> user_69dc903c3386c4d76f1d0580
2026-04-15T10:20:58.633Z - SOCKET_JOIN - Client 4EcRT6uELLUHmp4HAAAF -> user_69dc903c3386c4d76f1d0580
2026-04-15T10:20:58.737Z - SOCKET_JOIN - Client 4EcRT6uELLUHmp4HAAAF -> vendors_pool
2026-04-15T10:20:58.739Z - SOCKET_JOIN - Client 4EcRT6uELLUHmp4HAAAF -> user_69dc903c3386c4d76f1d0580
2026-04-15T10:20:58.739Z - SOCKET_JOIN - Client 4EcRT6uELLUHmp4HAAAF -> vendors_pool
2026-04-15T10:20:58.740Z - SOCKET_JOIN - Client 4EcRT6uELLUHmp4HAAAF -> user_69dc903c3386c4d76f1d0580
2026-04-15T10:20:58.741Z - SOCKET_JOIN - Client 4EcRT6uELLUHmp4HAAAF -> user_69dc903c3386c4d76f1d0580
2026-04-15T10:21:28.488Z - SOCKET_JOIN - Client V0hcDbz4M5ZWGPoUAAAH -> user_69dc903c3386c4d76f1d0580
2026-04-15T10:21:28.527Z - SOCKET_JOIN - Client V0hcDbz4M5ZWGPoUAAAH -> vendors_pool
2026-04-15T10:21:28.529Z - SOCKET_JOIN - Client V0hcDbz4M5ZWGPoUAAAH -> user_69dc903c3386c4d76f1d0580
2026-04-15T10:21:28.539Z - SOCKET_JOIN - Client V0hcDbz4M5ZWGPoUAAAH -> vendors_pool
2026-04-15T10:21:28.540Z - SOCKET_JOIN - Client V0hcDbz4M5ZWGPoUAAAH -> user_69dc903c3386c4d76f1d0580
2026-04-15T10:21:28.541Z - SOCKET_JOIN - Client V0hcDbz4M5ZWGPoUAAAH -> user_69dc903c3386c4d76f1d0580
2026-04-15T10:23:48.996Z - SOCKET_JOIN - Client V0Hi2IrWtRxstcPKAAAJ -> user_69dc903c3386c4d76f1d0580
2026-04-15T10:23:49.004Z - SOCKET_JOIN - Client V0Hi2IrWtRxstcPKAAAJ -> vendors_pool
2026-04-15T10:23:49.005Z - SOCKET_JOIN - Client V0Hi2IrWtRxstcPKAAAJ -> user_69dc903c3386c4d76f1d0580
2026-04-15T10:23:49.008Z - SOCKET_JOIN - Client V0Hi2IrWtRxstcPKAAAJ -> vendors_pool
2026-04-15T10:23:49.009Z - SOCKET_JOIN - Client V0Hi2IrWtRxstcPKAAAJ -> user_69dc903c3386c4d76f1d0580
2026-04-15T10:23:49.010Z - SOCKET_JOIN - Client V0Hi2IrWtRxstcPKAAAJ -> user_69dc903c3386c4d76f1d0580
2026-04-15T10:23:52.626Z - SOCKET_JOIN - Client u5EHyB2JMflFoka1AAAL -> user_69dc903c3386c4d76f1d0580
2026-04-15T10:23:52.745Z - SOCKET_JOIN - Client u5EHyB2JMflFoka1AAAL -> vendors_pool
2026-04-15T10:23:52.746Z - SOCKET_JOIN - Client u5EHyB2JMflFoka1AAAL -> user_69dc903c3386c4d76f1d0580
2026-04-15T10:23:52.747Z - SOCKET_JOIN - Client u5EHyB2JMflFoka1AAAL -> vendors_pool
2026-04-15T10:23:52.748Z - SOCKET_JOIN - Client u5EHyB2JMflFoka1AAAL -> user_69dc903c3386c4d76f1d0580
2026-04-15T10:23:52.749Z - SOCKET_JOIN - Client u5EHyB2JMflFoka1AAAL -> user_69dc903c3386c4d76f1d0580
2026-04-15T10:25:13.450Z - SOCKET_JOIN - Client 9OIYvtGCfm_rI6uIAAAN -> user_69dc903c3386c4d76f1d0580
2026-04-15T10:25:13.458Z - SOCKET_JOIN - Client 9OIYvtGCfm_rI6uIAAAN -> vendors_pool
2026-04-15T10:25:13.459Z - SOCKET_JOIN - Client 9OIYvtGCfm_rI6uIAAAN -> user_69dc903c3386c4d76f1d0580
2026-04-15T10:25:13.460Z - SOCKET_JOIN - Client 9OIYvtGCfm_rI6uIAAAN -> vendors_pool
2026-04-15T10:25:13.461Z - SOCKET_JOIN - Client 9OIYvtGCfm_rI6uIAAAN -> user_69dc903c3386c4d76f1d0580
2026-04-15T10:25:13.461Z - SOCKET_JOIN - Client 9OIYvtGCfm_rI6uIAAAN -> user_69dc903c3386c4d76f1d0580
2026-04-15T10:25:19.399Z - SOCKET_JOIN - Client _gktOlVarLZgOUH4AAAP -> user_69dc903c3386c4d76f1d0580
2026-04-15T10:25:19.439Z - SOCKET_JOIN - Client _gktOlVarLZgOUH4AAAP -> vendors_pool
2026-04-15T10:25:19.440Z - SOCKET_JOIN - Client _gktOlVarLZgOUH4AAAP -> user_69dc903c3386c4d76f1d0580
2026-04-15T10:25:19.440Z - SOCKET_JOIN - Client _gktOlVarLZgOUH4AAAP -> vendors_pool
2026-04-15T10:25:19.441Z - SOCKET_JOIN - Client _gktOlVarLZgOUH4AAAP -> user_69dc903c3386c4d76f1d0580
2026-04-15T10:25:19.441Z - SOCKET_JOIN - Client _gktOlVarLZgOUH4AAAP -> user_69dc903c3386c4d76f1d0580
2026-04-15T10:25:33.920Z - SOCKET_JOIN - Client 9Y0cLFcxR-JxXLatAAAR -> user_69dc903c3386c4d76f1d0580
2026-04-15T10:25:33.926Z - SOCKET_JOIN - Client 9Y0cLFcxR-JxXLatAAAR -> vendors_pool
2026-04-15T10:25:33.927Z - SOCKET_JOIN - Client 9Y0cLFcxR-JxXLatAAAR -> user_69dc903c3386c4d76f1d0580
2026-04-15T10:25:33.928Z - SOCKET_JOIN - Client 9Y0cLFcxR-JxXLatAAAR -> vendors_pool
2026-04-15T10:25:33.929Z - SOCKET_JOIN - Client 9Y0cLFcxR-JxXLatAAAR -> user_69dc903c3386c4d76f1d0580
2026-04-15T10:25:33.929Z - SOCKET_JOIN - Client 9Y0cLFcxR-JxXLatAAAR -> user_69dc903c3386c4d76f1d0580
2026-04-15T10:26:09.703Z - SOCKET_JOIN - Client f-g1murB_ehe9PuXAAAT -> user_69dc903c3386c4d76f1d0580
2026-04-15T10:26:09.710Z - SOCKET_JOIN - Client f-g1murB_ehe9PuXAAAT -> vendors_pool
2026-04-15T10:26:09.712Z - SOCKET_JOIN - Client f-g1murB_ehe9PuXAAAT -> user_69dc903c3386c4d76f1d0580
2026-04-15T10:26:09.713Z - SOCKET_JOIN - Client f-g1murB_ehe9PuXAAAT -> vendors_pool
2026-04-15T10:26:09.714Z - SOCKET_JOIN - Client f-g1murB_ehe9PuXAAAT -> user_69dc903c3386c4d76f1d0580
2026-04-15T10:26:09.715Z - SOCKET_JOIN - Client f-g1murB_ehe9PuXAAAT -> user_69dc903c3386c4d76f1d0580
2026-04-15T10:26:22.828Z - SOCKET_JOIN - Client Jzr8H2lh2O_ih5KXAAAV -> user_69dc903c3386c4d76f1d0580
2026-04-15T10:26:22.934Z - SOCKET_JOIN - Client Jzr8H2lh2O_ih5KXAAAV -> vendors_pool
2026-04-15T10:26:22.935Z - SOCKET_JOIN - Client Jzr8H2lh2O_ih5KXAAAV -> user_69dc903c3386c4d76f1d0580
2026-04-15T10:26:22.935Z - SOCKET_JOIN - Client Jzr8H2lh2O_ih5KXAAAV -> vendors_pool
2026-04-15T10:26:22.936Z - SOCKET_JOIN - Client Jzr8H2lh2O_ih5KXAAAV -> user_69dc903c3386c4d76f1d0580
2026-04-15T10:26:22.937Z - SOCKET_JOIN - Client Jzr8H2lh2O_ih5KXAAAV -> user_69dc903c3386c4d76f1d0580
2026-04-15T10:28:30.230Z - SOCKET_JOIN - Client 7n7dsNUTOJRYBC9HAAAX -> user_69dc903c3386c4d76f1d0580
2026-04-15T10:28:30.234Z - SOCKET_JOIN - Client 7n7dsNUTOJRYBC9HAAAX -> vendors_pool
2026-04-15T10:28:30.235Z - SOCKET_JOIN - Client 7n7dsNUTOJRYBC9HAAAX -> user_69dc903c3386c4d76f1d0580
2026-04-15T10:28:30.257Z - SOCKET_JOIN - Client 7n7dsNUTOJRYBC9HAAAX -> vendors_pool
2026-04-15T10:28:30.266Z - SOCKET_JOIN - Client 7n7dsNUTOJRYBC9HAAAX -> user_69dc903c3386c4d76f1d0580
2026-04-15T10:28:30.271Z - SOCKET_JOIN - Client 7n7dsNUTOJRYBC9HAAAX -> user_69dc903c3386c4d76f1d0580
2026-04-15T10:28:42.740Z - SOCKET_JOIN - Client veVJotiFEBWHjcGkAAAB -> user_69dc903c3386c4d76f1d0580
2026-04-15T10:28:42.845Z - SOCKET_JOIN - Client veVJotiFEBWHjcGkAAAB -> user_69dc903c3386c4d76f1d0580
2026-04-15T10:28:43.722Z - SOCKET_JOIN - Client WPtYQ51ruWFU_9X5AAAD -> user_69dcb58a0ed5ebb72f3af564
2026-04-15T10:28:43.727Z - SOCKET_JOIN - Client WPtYQ51ruWFU_9X5AAAD -> user_69dcb58a0ed5ebb72f3af564
2026-04-15T10:28:43.728Z - SOCKET_JOIN - Client WPtYQ51ruWFU_9X5AAAD -> user_69dcb58a0ed5ebb72f3af564
2026-04-15T10:28:46.530Z - SOCKET_JOIN - Client PLhE4b_tzihgDDj6AAAF -> user_69dc903c3386c4d76f1d0580
2026-04-15T10:28:46.534Z - SOCKET_JOIN - Client PLhE4b_tzihgDDj6AAAF -> vendors_pool
2026-04-15T10:28:46.535Z - SOCKET_JOIN - Client PLhE4b_tzihgDDj6AAAF -> user_69dc903c3386c4d76f1d0580
2026-04-15T10:28:46.535Z - SOCKET_JOIN - Client PLhE4b_tzihgDDj6AAAF -> vendors_pool
2026-04-15T10:28:46.536Z - SOCKET_JOIN - Client PLhE4b_tzihgDDj6AAAF -> user_69dc903c3386c4d76f1d0580
2026-04-15T10:28:46.536Z - SOCKET_JOIN - Client PLhE4b_tzihgDDj6AAAF -> user_69dc903c3386c4d76f1d0580
2026-04-15T10:28:54.887Z - SOCKET_JOIN - Client e4dXPbGYBsaVqkrDAAAH -> user_69dc903c3386c4d76f1d0580
2026-04-15T10:28:54.915Z - SOCKET_JOIN - Client e4dXPbGYBsaVqkrDAAAH -> vendors_pool
2026-04-15T10:28:54.916Z - SOCKET_JOIN - Client e4dXPbGYBsaVqkrDAAAH -> user_69dc903c3386c4d76f1d0580
2026-04-15T10:28:54.916Z - SOCKET_JOIN - Client e4dXPbGYBsaVqkrDAAAH -> vendors_pool
2026-04-15T10:28:54.918Z - SOCKET_JOIN - Client e4dXPbGYBsaVqkrDAAAH -> user_69dc903c3386c4d76f1d0580
2026-04-15T10:28:54.918Z - SOCKET_JOIN - Client e4dXPbGYBsaVqkrDAAAH -> user_69dc903c3386c4d76f1d0580
2026-04-15T10:30:21.458Z - SOCKET_JOIN - Client ynapFG-Px6zozaD8AAAJ -> user_69dc903c3386c4d76f1d0580
2026-04-15T10:30:21.464Z - SOCKET_JOIN - Client ynapFG-Px6zozaD8AAAJ -> vendors_pool
2026-04-15T10:30:21.477Z - SOCKET_JOIN - Client ynapFG-Px6zozaD8AAAJ -> user_69dc903c3386c4d76f1d0580
2026-04-15T10:30:21.489Z - SOCKET_JOIN - Client ynapFG-Px6zozaD8AAAJ -> vendors_pool
2026-04-15T10:30:21.490Z - SOCKET_JOIN - Client ynapFG-Px6zozaD8AAAJ -> user_69dc903c3386c4d76f1d0580
2026-04-15T10:30:21.491Z - SOCKET_JOIN - Client ynapFG-Px6zozaD8AAAJ -> user_69dc903c3386c4d76f1d0580
2026-04-15T10:30:25.366Z - SOCKET_JOIN - Client dNzkxTd34XgJQrM-AAAL -> user_69dc903c3386c4d76f1d0580
2026-04-15T10:30:25.404Z - SOCKET_JOIN - Client dNzkxTd34XgJQrM-AAAL -> vendors_pool
2026-04-15T10:30:25.405Z - SOCKET_JOIN - Client dNzkxTd34XgJQrM-AAAL -> user_69dc903c3386c4d76f1d0580
2026-04-15T10:30:25.406Z - SOCKET_JOIN - Client dNzkxTd34XgJQrM-AAAL -> vendors_pool
2026-04-15T10:30:25.406Z - SOCKET_JOIN - Client dNzkxTd34XgJQrM-AAAL -> user_69dc903c3386c4d76f1d0580
2026-04-15T10:30:25.407Z - SOCKET_JOIN - Client dNzkxTd34XgJQrM-AAAL -> user_69dc903c3386c4d76f1d0580
2026-04-15T10:30:32.584Z - SOCKET_JOIN - Client DR2ncu4OcrJwgO5hAAAN -> user_69dc903c3386c4d76f1d0580
2026-04-15T10:30:32.684Z - SOCKET_JOIN - Client DR2ncu4OcrJwgO5hAAAN -> vendors_pool
2026-04-15T10:30:32.685Z - SOCKET_JOIN - Client DR2ncu4OcrJwgO5hAAAN -> user_69dc903c3386c4d76f1d0580
2026-04-15T10:30:32.685Z - SOCKET_JOIN - Client DR2ncu4OcrJwgO5hAAAN -> vendors_pool
2026-04-15T10:30:32.686Z - SOCKET_JOIN - Client DR2ncu4OcrJwgO5hAAAN -> user_69dc903c3386c4d76f1d0580
2026-04-15T10:30:32.687Z - SOCKET_JOIN - Client DR2ncu4OcrJwgO5hAAAN -> user_69dc903c3386c4d76f1d0580
2026-04-15T10:33:14.519Z - SOCKET_JOIN - Client 9d9PuTIWirn_dkvnAAAC -> user_69dc903c3386c4d76f1d0580
2026-04-15T10:33:14.522Z - SOCKET_JOIN - Client EPjEMRqiBrcMFJWSAAAD -> user_69dcb58a0ed5ebb72f3af564
2026-04-15T10:33:14.527Z - SOCKET_JOIN - Client EPjEMRqiBrcMFJWSAAAD -> user_69dcb58a0ed5ebb72f3af564
2026-04-15T10:33:14.528Z - SOCKET_JOIN - Client EPjEMRqiBrcMFJWSAAAD -> user_69dcb58a0ed5ebb72f3af564
2026-04-15T10:33:14.629Z - SOCKET_JOIN - Client 9d9PuTIWirn_dkvnAAAC -> user_69dc903c3386c4d76f1d0580
2026-04-15T10:33:17.785Z - SOCKET_JOIN - Client m-c6UwD1UZ02CIbAAAAF -> user_69dc903c3386c4d76f1d0580
2026-04-15T10:33:17.815Z - SOCKET_JOIN - Client m-c6UwD1UZ02CIbAAAAF -> vendors_pool
2026-04-15T10:33:17.822Z - SOCKET_JOIN - Client m-c6UwD1UZ02CIbAAAAF -> user_69dc903c3386c4d76f1d0580
2026-04-15T10:33:17.823Z - SOCKET_JOIN - Client m-c6UwD1UZ02CIbAAAAF -> vendors_pool
2026-04-15T10:33:17.824Z - SOCKET_JOIN - Client m-c6UwD1UZ02CIbAAAAF -> user_69dc903c3386c4d76f1d0580
2026-04-15T10:33:17.825Z - SOCKET_JOIN - Client m-c6UwD1UZ02CIbAAAAF -> user_69dc903c3386c4d76f1d0580
2026-04-15T10:33:21.488Z - SOCKET_JOIN - Client QJp81MVsP_b0usyCAAAH -> user_69dc903c3386c4d76f1d0580
2026-04-15T10:33:21.530Z - SOCKET_JOIN - Client QJp81MVsP_b0usyCAAAH -> vendors_pool
2026-04-15T10:33:21.531Z - SOCKET_JOIN - Client QJp81MVsP_b0usyCAAAH -> user_69dc903c3386c4d76f1d0580
2026-04-15T10:33:21.534Z - SOCKET_JOIN - Client QJp81MVsP_b0usyCAAAH -> vendors_pool
2026-04-15T10:33:21.536Z - SOCKET_JOIN - Client QJp81MVsP_b0usyCAAAH -> user_69dc903c3386c4d76f1d0580
2026-04-15T10:33:21.537Z - SOCKET_JOIN - Client QJp81MVsP_b0usyCAAAH -> user_69dc903c3386c4d76f1d0580
2026-04-15T10:33:26.764Z - SOCKET_JOIN - Client xjEPVpUb7yeKehSyAAAJ -> user_69dc903c3386c4d76f1d0580
2026-04-15T10:33:26.799Z - SOCKET_JOIN - Client xjEPVpUb7yeKehSyAAAJ -> vendors_pool
2026-04-15T10:33:26.802Z - SOCKET_JOIN - Client xjEPVpUb7yeKehSyAAAJ -> user_69dc903c3386c4d76f1d0580
2026-04-15T10:33:26.803Z - SOCKET_JOIN - Client xjEPVpUb7yeKehSyAAAJ -> vendors_pool
2026-04-15T10:33:26.803Z - SOCKET_JOIN - Client xjEPVpUb7yeKehSyAAAJ -> user_69dc903c3386c4d76f1d0580
2026-04-15T10:33:26.804Z - SOCKET_JOIN - Client xjEPVpUb7yeKehSyAAAJ -> user_69dc903c3386c4d76f1d0580
2026-04-15T10:33:35.333Z - SOCKET_JOIN - Client Jm2RxCcYVJDtyxm6AAAL -> user_69dc903c3386c4d76f1d0580
2026-04-15T10:33:35.343Z - SOCKET_JOIN - Client Jm2RxCcYVJDtyxm6AAAL -> vendors_pool
2026-04-15T10:33:35.344Z - SOCKET_JOIN - Client Jm2RxCcYVJDtyxm6AAAL -> user_69dc903c3386c4d76f1d0580
2026-04-15T10:33:35.345Z - SOCKET_JOIN - Client Jm2RxCcYVJDtyxm6AAAL -> vendors_pool
2026-04-15T10:33:35.345Z - SOCKET_JOIN - Client Jm2RxCcYVJDtyxm6AAAL -> user_69dc903c3386c4d76f1d0580
2026-04-15T10:33:35.346Z - SOCKET_JOIN - Client Jm2RxCcYVJDtyxm6AAAL -> user_69dc903c3386c4d76f1d0580
2026-04-15T10:33:44.443Z - SOCKET_JOIN - Client fDwJl73DVLLVF5JhAAAN -> user_69dc903c3386c4d76f1d0580
2026-04-15T10:33:44.574Z - SOCKET_JOIN - Client fDwJl73DVLLVF5JhAAAN -> vendors_pool
2026-04-15T10:33:44.577Z - SOCKET_JOIN - Client fDwJl73DVLLVF5JhAAAN -> user_69dc903c3386c4d76f1d0580
2026-04-15T10:33:44.581Z - SOCKET_JOIN - Client fDwJl73DVLLVF5JhAAAN -> vendors_pool
2026-04-15T10:33:44.592Z - SOCKET_JOIN - Client fDwJl73DVLLVF5JhAAAN -> user_69dc903c3386c4d76f1d0580
2026-04-15T10:33:44.614Z - SOCKET_JOIN - Client fDwJl73DVLLVF5JhAAAN -> user_69dc903c3386c4d76f1d0580
2026-04-15T10:35:14.763Z - SOCKET_JOIN - Client 5GrP3HEWk3gTPX0DAAAC -> user_69dc903c3386c4d76f1d0580
2026-04-15T10:35:14.767Z - SOCKET_JOIN - Client RhfKDpwh2uhbkOkIAAAD -> user_69dcb58a0ed5ebb72f3af564
2026-04-15T10:35:14.772Z - SOCKET_JOIN - Client RhfKDpwh2uhbkOkIAAAD -> user_69dcb58a0ed5ebb72f3af564
2026-04-15T10:35:14.773Z - SOCKET_JOIN - Client RhfKDpwh2uhbkOkIAAAD -> user_69dcb58a0ed5ebb72f3af564
2026-04-15T10:35:14.868Z - SOCKET_JOIN - Client 5GrP3HEWk3gTPX0DAAAC -> user_69dc903c3386c4d76f1d0580
2026-04-15T10:35:33.978Z - SOCKET_JOIN - Client Qm0VGDGH1TgKVjmwAAAF -> user_69dc903c3386c4d76f1d0580
2026-04-15T10:35:34.087Z - SOCKET_JOIN - Client Qm0VGDGH1TgKVjmwAAAF -> vendors_pool
2026-04-15T10:35:34.104Z - SOCKET_JOIN - Client Qm0VGDGH1TgKVjmwAAAF -> user_69dc903c3386c4d76f1d0580
2026-04-15T10:35:34.105Z - SOCKET_JOIN - Client Qm0VGDGH1TgKVjmwAAAF -> vendors_pool
2026-04-15T10:35:34.106Z - SOCKET_JOIN - Client Qm0VGDGH1TgKVjmwAAAF -> user_69dc903c3386c4d76f1d0580
2026-04-15T10:35:34.107Z - SOCKET_JOIN - Client Qm0VGDGH1TgKVjmwAAAF -> user_69dc903c3386c4d76f1d0580
2026-04-15T10:37:13.991Z - SOCKET_JOIN - Client -eyFM5wBX7tHrJKlAAAH -> user_69dc903c3386c4d76f1d0580
2026-04-15T10:37:13.996Z - SOCKET_JOIN - Client -eyFM5wBX7tHrJKlAAAH -> vendors_pool
2026-04-15T10:37:13.997Z - SOCKET_JOIN - Client -eyFM5wBX7tHrJKlAAAH -> user_69dc903c3386c4d76f1d0580
2026-04-15T10:37:13.998Z - SOCKET_JOIN - Client -eyFM5wBX7tHrJKlAAAH -> vendors_pool
2026-04-15T10:37:13.998Z - SOCKET_JOIN - Client -eyFM5wBX7tHrJKlAAAH -> user_69dc903c3386c4d76f1d0580
2026-04-15T10:37:13.999Z - SOCKET_JOIN - Client -eyFM5wBX7tHrJKlAAAH -> user_69dc903c3386c4d76f1d0580
2026-04-15T10:48:05.267Z - SOCKET_JOIN - Client -eyFM5wBX7tHrJKlAAAH -> user_69dc903c3386c4d76f1d0580
2026-04-15T10:48:05.308Z - SOCKET_JOIN - Client 3LJ_v6YxcbzL-xCuAAAJ -> user_69dc903c3386c4d76f1d0580
2026-04-15T10:48:05.313Z - SOCKET_JOIN - Client 3LJ_v6YxcbzL-xCuAAAJ -> user_69dc903c3386c4d76f1d0580
2026-04-15T10:48:05.314Z - SOCKET_JOIN - Client 3LJ_v6YxcbzL-xCuAAAJ -> user_69dc903c3386c4d76f1d0580
2026-04-15T10:48:05.314Z - SOCKET_JOIN - Client 3LJ_v6YxcbzL-xCuAAAJ -> user_69dc903c3386c4d76f1d0580
2026-04-15T10:48:05.315Z - SOCKET_JOIN - Client 3LJ_v6YxcbzL-xCuAAAJ -> user_69dc903c3386c4d76f1d0580
2026-04-15T10:49:55.986Z - SOCKET_JOIN - Client hk6P3ndE8zVJtnULAAAL -> user_69dc903c3386c4d76f1d0580
2026-04-15T10:49:56.075Z - SOCKET_JOIN - Client hk6P3ndE8zVJtnULAAAL -> vendors_pool
2026-04-15T10:49:56.076Z - SOCKET_JOIN - Client hk6P3ndE8zVJtnULAAAL -> user_69dc903c3386c4d76f1d0580
2026-04-15T10:49:56.077Z - SOCKET_JOIN - Client hk6P3ndE8zVJtnULAAAL -> vendors_pool
2026-04-15T10:49:56.078Z - SOCKET_JOIN - Client hk6P3ndE8zVJtnULAAAL -> user_69dc903c3386c4d76f1d0580
2026-04-15T10:49:56.080Z - SOCKET_JOIN - Client hk6P3ndE8zVJtnULAAAL -> user_69dc903c3386c4d76f1d0580
2026-04-15T10:50:02.926Z - SOCKET_JOIN - Client hk6P3ndE8zVJtnULAAAL -> user_69dc903c3386c4d76f1d0580
2026-04-15T10:50:02.956Z - SOCKET_JOIN - Client 6hOQfN_UrAzbGStnAAAN -> user_69dc903c3386c4d76f1d0580
2026-04-15T10:50:03.058Z - SOCKET_JOIN - Client 6hOQfN_UrAzbGStnAAAN -> user_69dc903c3386c4d76f1d0580
2026-04-15T10:50:03.060Z - SOCKET_JOIN - Client 6hOQfN_UrAzbGStnAAAN -> user_69dc903c3386c4d76f1d0580
2026-04-15T10:50:03.062Z - SOCKET_JOIN - Client 6hOQfN_UrAzbGStnAAAN -> user_69dc903c3386c4d76f1d0580
2026-04-15T10:50:03.063Z - SOCKET_JOIN - Client 6hOQfN_UrAzbGStnAAAN -> user_69dc903c3386c4d76f1d0580
2026-04-15T10:50:30.102Z - SOCKET_JOIN - Client 0ep8s8VQiHeJERuTAAAP -> user_69dc903c3386c4d76f1d0580
2026-04-15T10:50:30.108Z - SOCKET_JOIN - Client 0ep8s8VQiHeJERuTAAAP -> user_69dc903c3386c4d76f1d0580
2026-04-15T10:50:30.110Z - SOCKET_JOIN - Client 0ep8s8VQiHeJERuTAAAP -> user_69dc903c3386c4d76f1d0580
2026-04-15T10:50:30.111Z - SOCKET_JOIN - Client 0ep8s8VQiHeJERuTAAAP -> user_69dc903c3386c4d76f1d0580
2026-04-15T10:50:30.111Z - SOCKET_JOIN - Client 0ep8s8VQiHeJERuTAAAP -> user_69dc903c3386c4d76f1d0580
2026-04-15T10:50:30.112Z - SOCKET_JOIN - Client 0ep8s8VQiHeJERuTAAAP -> user_69dc903c3386c4d76f1d0580
2026-04-15T10:50:30.112Z - SOCKET_JOIN - Client 0ep8s8VQiHeJERuTAAAP -> user_69dc903c3386c4d76f1d0580
2026-04-15T10:50:30.113Z - SOCKET_JOIN - Client 0ep8s8VQiHeJERuTAAAP -> user_69dc903c3386c4d76f1d0580
2026-04-15T10:55:01.766Z - SOCKET_JOIN - Client k_SbOmjqbbm0Rwi3AAAR -> user_69dc903c3386c4d76f1d0580
2026-04-15T10:55:01.793Z - SOCKET_JOIN - Client k_SbOmjqbbm0Rwi3AAAR -> vendors_pool
2026-04-15T10:55:01.795Z - SOCKET_JOIN - Client k_SbOmjqbbm0Rwi3AAAR -> user_69dc903c3386c4d76f1d0580
2026-04-15T10:55:01.798Z - SOCKET_JOIN - Client k_SbOmjqbbm0Rwi3AAAR -> vendors_pool
2026-04-15T10:55:01.800Z - SOCKET_JOIN - Client k_SbOmjqbbm0Rwi3AAAR -> user_69dc903c3386c4d76f1d0580
2026-04-15T10:55:01.802Z - SOCKET_JOIN - Client k_SbOmjqbbm0Rwi3AAAR -> user_69dc903c3386c4d76f1d0580
2026-04-15T11:14:04.779Z - SOCKET_JOIN - Client _5H5PoXoGCrP80JzAAAC -> user_69dcb58a0ed5ebb72f3af564
2026-04-15T11:14:04.782Z - SOCKET_JOIN - Client Swri-710N6ufW3gcAAAD -> user_69dc903c3386c4d76f1d0580
2026-04-15T11:14:04.841Z - SOCKET_JOIN - Client Swri-710N6ufW3gcAAAD -> user_69dc903c3386c4d76f1d0580
2026-04-15T11:14:04.879Z - SOCKET_JOIN - Client _5H5PoXoGCrP80JzAAAC -> user_69dcb58a0ed5ebb72f3af564
2026-04-15T11:14:04.880Z - SOCKET_JOIN - Client _5H5PoXoGCrP80JzAAAC -> user_69dcb58a0ed5ebb72f3af564
2026-04-15T11:20:56.286Z - SOCKET_JOIN - Client IqnT3hQ2-cDyBb9qAAAC -> user_69dcb58a0ed5ebb72f3af564
2026-04-15T11:20:56.291Z - SOCKET_JOIN - Client RA804dwMKY7Yz9XSAAAD -> user_69dc903c3386c4d76f1d0580
2026-04-15T11:20:56.293Z - SOCKET_JOIN - Client IqnT3hQ2-cDyBb9qAAAC -> user_69dcb58a0ed5ebb72f3af564
2026-04-15T11:20:56.293Z - SOCKET_JOIN - Client IqnT3hQ2-cDyBb9qAAAC -> user_69dcb58a0ed5ebb72f3af564
2026-04-15T11:20:56.296Z - SOCKET_JOIN - Client RA804dwMKY7Yz9XSAAAD -> user_69dc903c3386c4d76f1d0580
2026-04-15T11:23:51.560Z - SOCKET_JOIN - Client ivDRkyLOuL2VhWNHAAAF -> user_69dc903c3386c4d76f1d0580
2026-04-15T11:23:51.698Z - SOCKET_JOIN - Client ivDRkyLOuL2VhWNHAAAF -> vendors_pool
2026-04-15T11:23:51.699Z - SOCKET_JOIN - Client ivDRkyLOuL2VhWNHAAAF -> user_69dc903c3386c4d76f1d0580
2026-04-15T11:23:51.700Z - SOCKET_JOIN - Client ivDRkyLOuL2VhWNHAAAF -> vendors_pool
2026-04-15T11:23:51.705Z - SOCKET_JOIN - Client ivDRkyLOuL2VhWNHAAAF -> user_69dc903c3386c4d76f1d0580
2026-04-15T11:23:51.707Z - SOCKET_JOIN - Client ivDRkyLOuL2VhWNHAAAF -> user_69dc903c3386c4d76f1d0580
2026-04-15T11:54:32.785Z - SOCKET_JOIN - Client WaruppPaLycfZXF1AAAC -> user_69dc903c3386c4d76f1d0580
2026-04-15T11:54:32.791Z - SOCKET_JOIN - Client ebS1KoCVBJxAgTGEAAAD -> user_69dcb58a0ed5ebb72f3af564
2026-04-15T11:54:32.800Z - SOCKET_JOIN - Client ebS1KoCVBJxAgTGEAAAD -> user_69dcb58a0ed5ebb72f3af564
2026-04-15T11:54:32.804Z - SOCKET_JOIN - Client ebS1KoCVBJxAgTGEAAAD -> user_69dcb58a0ed5ebb72f3af564
2026-04-15T11:54:32.893Z - SOCKET_JOIN - Client WaruppPaLycfZXF1AAAC -> user_69dc903c3386c4d76f1d0580
2026-04-15T11:56:50.585Z - SOCKET_JOIN - Client T_-89etf04Lr2FPAAAAC -> user_69dcb58a0ed5ebb72f3af564
2026-04-15T11:56:50.597Z - SOCKET_JOIN - Client et0FXHE9jfSgSKG8AAAD -> user_69dc903c3386c4d76f1d0580
2026-04-15T11:56:50.604Z - SOCKET_JOIN - Client et0FXHE9jfSgSKG8AAAD -> user_69dc903c3386c4d76f1d0580
2026-04-15T11:56:50.731Z - SOCKET_JOIN - Client T_-89etf04Lr2FPAAAAC -> user_69dcb58a0ed5ebb72f3af564
2026-04-15T11:56:50.732Z - SOCKET_JOIN - Client T_-89etf04Lr2FPAAAAC -> user_69dcb58a0ed5ebb72f3af564
2026-04-15T12:27:55.846Z - SOCKET_JOIN - Client AG9gBD2mM1VI--P-AAAF -> user_69dcb58a0ed5ebb72f3af564
2026-04-15T12:27:55.969Z - SOCKET_JOIN - Client AG9gBD2mM1VI--P-AAAF -> user_69dcb58a0ed5ebb72f3af564
2026-04-15T12:27:55.970Z - SOCKET_JOIN - Client AG9gBD2mM1VI--P-AAAF -> user_69dcb58a0ed5ebb72f3af564
2026-04-15T12:27:55.970Z - SOCKET_JOIN - Client AG9gBD2mM1VI--P-AAAF -> user_69dcb58a0ed5ebb72f3af564
2026-04-15T12:27:55.971Z - SOCKET_JOIN - Client AG9gBD2mM1VI--P-AAAF -> user_69dcb58a0ed5ebb72f3af564
2026-04-15T12:27:55.974Z - SOCKET_JOIN - Client AG9gBD2mM1VI--P-AAAF -> user_69dcb58a0ed5ebb72f3af564
2026-04-15T14:58:28.208Z - SOCKET_JOIN - Client 79qmKmanmfbe-LQZAAAK -> user_69dc903c3386c4d76f1d0580
2026-04-15T14:58:28.212Z - SOCKET_JOIN - Client 79qmKmanmfbe-LQZAAAK -> vendors_pool
2026-04-15T14:58:28.214Z - SOCKET_JOIN - Client 79qmKmanmfbe-LQZAAAK -> user_69dc903c3386c4d76f1d0580
2026-04-15T14:58:28.216Z - SOCKET_JOIN - Client 79qmKmanmfbe-LQZAAAK -> vendors_pool
2026-04-15T14:58:28.217Z - SOCKET_JOIN - Client 79qmKmanmfbe-LQZAAAK -> user_69dc903c3386c4d76f1d0580
2026-04-15T14:58:28.219Z - SOCKET_JOIN - Client 79qmKmanmfbe-LQZAAAK -> user_69dc903c3386c4d76f1d0580
2026-04-15T14:58:28.276Z - SOCKET_JOIN - Client Cu2hnFA6rkH0jG2lAAAL -> user_69dcb58a0ed5ebb72f3af564
2026-04-15T14:58:28.391Z - SOCKET_JOIN - Client Cu2hnFA6rkH0jG2lAAAL -> user_69dcb58a0ed5ebb72f3af564
2026-04-15T14:58:28.393Z - SOCKET_JOIN - Client Cu2hnFA6rkH0jG2lAAAL -> user_69dcb58a0ed5ebb72f3af564
2026-04-15T14:58:28.395Z - SOCKET_JOIN - Client Cu2hnFA6rkH0jG2lAAAL -> user_69dcb58a0ed5ebb72f3af564
2026-04-15T14:58:28.397Z - SOCKET_JOIN - Client Cu2hnFA6rkH0jG2lAAAL -> user_69dcb58a0ed5ebb72f3af564
2026-04-15T14:58:28.398Z - SOCKET_JOIN - Client Cu2hnFA6rkH0jG2lAAAL -> user_69dcb58a0ed5ebb72f3af564
2026-04-16T04:20:58.772Z - SOCKET_JOIN - Client JJ6Pw_JOR0AWDwUEAAAO -> user_69dc903c3386c4d76f1d0580
2026-04-16T04:20:58.791Z - SOCKET_JOIN - Client JJ6Pw_JOR0AWDwUEAAAO -> user_69dc903c3386c4d76f1d0580
2026-04-16T04:20:58.876Z - SOCKET_JOIN - Client kyC6IKAglCwUY6b9AAAP -> user_69dcb58a0ed5ebb72f3af564
2026-04-16T04:20:58.890Z - SOCKET_JOIN - Client kyC6IKAglCwUY6b9AAAP -> user_69dcb58a0ed5ebb72f3af564
2026-04-16T04:33:08.869Z - SOCKET_JOIN - Client yq3p6ezoNcpDFKuDAAAR -> user_69dcb58a0ed5ebb72f3af564
2026-04-16T04:33:08.906Z - SOCKET_JOIN - Client yq3p6ezoNcpDFKuDAAAR -> user_69dcb58a0ed5ebb72f3af564
2026-04-16T04:33:08.909Z - SOCKET_JOIN - Client yq3p6ezoNcpDFKuDAAAR -> user_69dcb58a0ed5ebb72f3af564
2026-04-16T04:33:08.930Z - SOCKET_JOIN - Client yq3p6ezoNcpDFKuDAAAR -> user_69dcb58a0ed5ebb72f3af564
2026-04-16T04:33:08.937Z - SOCKET_JOIN - Client yq3p6ezoNcpDFKuDAAAR -> user_69dcb58a0ed5ebb72f3af564
2026-04-16T04:33:08.943Z - SOCKET_JOIN - Client yq3p6ezoNcpDFKuDAAAR -> user_69dcb58a0ed5ebb72f3af564
2026-04-16T04:36:48.945Z - SOCKET_JOIN - Client CQ4rRy2ByhljMDrpAAAT -> user_69dcb58a0ed5ebb72f3af564
2026-04-16T04:36:49.086Z - SOCKET_JOIN - Client CQ4rRy2ByhljMDrpAAAT -> user_69dcb58a0ed5ebb72f3af564
2026-04-16T04:36:49.087Z - SOCKET_JOIN - Client CQ4rRy2ByhljMDrpAAAT -> user_69dcb58a0ed5ebb72f3af564
2026-04-16T04:36:49.088Z - SOCKET_JOIN - Client CQ4rRy2ByhljMDrpAAAT -> user_69dcb58a0ed5ebb72f3af564
2026-04-16T04:36:49.088Z - SOCKET_JOIN - Client CQ4rRy2ByhljMDrpAAAT -> user_69dcb58a0ed5ebb72f3af564
2026-04-16T04:39:03.166Z - SOCKET_JOIN - Client -ayiAorSx-OeCXyuAAAC -> user_69dc903c3386c4d76f1d0580
2026-04-16T04:39:03.169Z - SOCKET_JOIN - Client mesfMJ916lADpTRxAAAD -> user_69dcb58a0ed5ebb72f3af564
2026-04-16T04:39:03.177Z - SOCKET_JOIN - Client mesfMJ916lADpTRxAAAD -> user_69dcb58a0ed5ebb72f3af564
2026-04-16T04:39:03.178Z - SOCKET_JOIN - Client mesfMJ916lADpTRxAAAD -> user_69dcb58a0ed5ebb72f3af564
2026-04-16T04:39:03.272Z - SOCKET_JOIN - Client -ayiAorSx-OeCXyuAAAC -> user_69dc903c3386c4d76f1d0580
2026-04-16T04:39:43.597Z - SOCKET_JOIN - Client H1jIzwZjFb9GDqLMAAAF -> user_69dc903c3386c4d76f1d0580
2026-04-16T04:39:43.634Z - SOCKET_JOIN - Client H1jIzwZjFb9GDqLMAAAF -> vendors_pool
2026-04-16T04:39:43.635Z - SOCKET_JOIN - Client H1jIzwZjFb9GDqLMAAAF -> user_69dc903c3386c4d76f1d0580
2026-04-16T04:39:43.637Z - SOCKET_JOIN - Client H1jIzwZjFb9GDqLMAAAF -> vendors_pool
2026-04-16T04:39:43.639Z - SOCKET_JOIN - Client H1jIzwZjFb9GDqLMAAAF -> user_69dc903c3386c4d76f1d0580
2026-04-16T04:39:43.640Z - SOCKET_JOIN - Client H1jIzwZjFb9GDqLMAAAF -> user_69dc903c3386c4d76f1d0580
2026-04-16T04:43:49.823Z - SOCKET_JOIN - Client a4Tcs-5_L4totHE_AAAC -> user_69dc903c3386c4d76f1d0580
2026-04-16T04:43:49.831Z - SOCKET_JOIN - Client mzdOpDEL2_KB5jNhAAAD -> user_69dcb58a0ed5ebb72f3af564
2026-04-16T04:43:49.833Z - SOCKET_JOIN - Client a4Tcs-5_L4totHE_AAAC -> user_69dc903c3386c4d76f1d0580
2026-04-16T04:43:49.835Z - SOCKET_JOIN - Client mzdOpDEL2_KB5jNhAAAD -> user_69dcb58a0ed5ebb72f3af564
2026-04-16T04:43:49.836Z - SOCKET_JOIN - Client mzdOpDEL2_KB5jNhAAAD -> user_69dcb58a0ed5ebb72f3af564
2026-04-16T04:49:00.033Z - SOCKET_JOIN - Client BOzbaXvkCQSMHWOlAAAF -> user_69dcb58a0ed5ebb72f3af564
2026-04-16T04:49:00.132Z - SOCKET_JOIN - Client BOzbaXvkCQSMHWOlAAAF -> user_69dcb58a0ed5ebb72f3af564
2026-04-16T04:49:00.133Z - SOCKET_JOIN - Client BOzbaXvkCQSMHWOlAAAF -> user_69dcb58a0ed5ebb72f3af564
2026-04-16T04:49:00.134Z - SOCKET_JOIN - Client BOzbaXvkCQSMHWOlAAAF -> user_69dcb58a0ed5ebb72f3af564
2026-04-16T04:49:00.135Z - SOCKET_JOIN - Client BOzbaXvkCQSMHWOlAAAF -> user_69dcb58a0ed5ebb72f3af564
2026-04-16T04:49:00.135Z - SOCKET_JOIN - Client BOzbaXvkCQSMHWOlAAAF -> user_69dcb58a0ed5ebb72f3af564
2026-04-16T04:53:18.098Z - SOCKET_JOIN - Client XlhbvX1_-07sl8MsAAAC -> user_69dc903c3386c4d76f1d0580
2026-04-16T04:53:18.101Z - SOCKET_JOIN - Client CUPDJZf-J-bAiu9tAAAD -> user_69dcb58a0ed5ebb72f3af564
2026-04-16T04:53:18.107Z - SOCKET_JOIN - Client CUPDJZf-J-bAiu9tAAAD -> user_69dcb58a0ed5ebb72f3af564
2026-04-16T04:53:18.108Z - SOCKET_JOIN - Client CUPDJZf-J-bAiu9tAAAD -> user_69dcb58a0ed5ebb72f3af564
2026-04-16T04:53:18.109Z - SOCKET_JOIN - Client CUPDJZf-J-bAiu9tAAAD -> user_69dcb58a0ed5ebb72f3af564
2026-04-16T04:53:18.216Z - SOCKET_JOIN - Client XlhbvX1_-07sl8MsAAAC -> user_69dc903c3386c4d76f1d0580
2026-04-16T04:55:34.163Z - SOCKET_JOIN - Client XlhbvX1_-07sl8MsAAAC -> user_69dc903c3386c4d76f1d0580
2026-04-16T04:55:34.219Z - SOCKET_JOIN - Client tITzzU6b0vEnaGwkAAAF -> user_69dc903c3386c4d76f1d0580
2026-04-16T04:55:34.336Z - SOCKET_JOIN - Client tITzzU6b0vEnaGwkAAAF -> user_69dc903c3386c4d76f1d0580
2026-04-16T04:55:34.338Z - SOCKET_JOIN - Client tITzzU6b0vEnaGwkAAAF -> user_69dc903c3386c4d76f1d0580
2026-04-16T04:55:34.339Z - SOCKET_JOIN - Client tITzzU6b0vEnaGwkAAAF -> user_69dc903c3386c4d76f1d0580
2026-04-16T04:55:34.339Z - SOCKET_JOIN - Client tITzzU6b0vEnaGwkAAAF -> user_69dc903c3386c4d76f1d0580
2026-04-16T04:55:52.180Z - SOCKET_JOIN - Client OcRf01x6M32VqeC5AAAH -> user_69dc903c3386c4d76f1d0580
2026-04-16T04:55:52.282Z - SOCKET_JOIN - Client OcRf01x6M32VqeC5AAAH -> user_69dc903c3386c4d76f1d0580
2026-04-16T04:55:52.284Z - SOCKET_JOIN - Client OcRf01x6M32VqeC5AAAH -> user_69dc903c3386c4d76f1d0580
2026-04-16T04:55:52.286Z - SOCKET_JOIN - Client OcRf01x6M32VqeC5AAAH -> user_69dc903c3386c4d76f1d0580
2026-04-16T04:55:52.286Z - SOCKET_JOIN - Client OcRf01x6M32VqeC5AAAH -> user_69dc903c3386c4d76f1d0580
2026-04-16T04:55:52.287Z - SOCKET_JOIN - Client OcRf01x6M32VqeC5AAAH -> user_69dc903c3386c4d76f1d0580
2026-04-16T04:55:52.288Z - SOCKET_JOIN - Client OcRf01x6M32VqeC5AAAH -> user_69dc903c3386c4d76f1d0580
2026-04-16T04:55:52.288Z - SOCKET_JOIN - Client OcRf01x6M32VqeC5AAAH -> user_69dc903c3386c4d76f1d0580
2026-04-16T04:57:05.090Z - SOCKET_JOIN - Client j5_G_3vUpkraMLFEAAAB -> user_69dcb58a0ed5ebb72f3af564
2026-04-16T04:57:05.201Z - SOCKET_JOIN - Client j5_G_3vUpkraMLFEAAAB -> user_69dcb58a0ed5ebb72f3af564
2026-04-16T04:57:05.202Z - SOCKET_JOIN - Client j5_G_3vUpkraMLFEAAAB -> user_69dcb58a0ed5ebb72f3af564
2026-04-16T04:57:05.203Z - SOCKET_JOIN - Client j5_G_3vUpkraMLFEAAAB -> user_69dcb58a0ed5ebb72f3af564
2026-04-16T05:25:05.993Z - SOCKET_JOIN - Client Q9DEFL5qb0zEhMjWAAAD -> user_69dcb58a0ed5ebb72f3af564
2026-04-16T05:25:05.996Z - SOCKET_JOIN - Client Q9DEFL5qb0zEhMjWAAAD -> user_69dcb58a0ed5ebb72f3af564
2026-04-16T05:25:05.996Z - SOCKET_JOIN - Client Q9DEFL5qb0zEhMjWAAAD -> user_69dcb58a0ed5ebb72f3af564
2026-04-16T05:25:05.997Z - SOCKET_JOIN - Client Q9DEFL5qb0zEhMjWAAAD -> user_69dcb58a0ed5ebb72f3af564
2026-04-16T05:25:05.997Z - SOCKET_JOIN - Client Q9DEFL5qb0zEhMjWAAAD -> user_69dcb58a0ed5ebb72f3af564
2026-04-16T05:25:05.999Z - SOCKET_JOIN - Client Q9DEFL5qb0zEhMjWAAAD -> user_69dcb58a0ed5ebb72f3af564
2026-04-16T05:25:06.000Z - SOCKET_JOIN - Client Q9DEFL5qb0zEhMjWAAAD -> user_69dcb58a0ed5ebb72f3af564
2026-04-16T05:26:16.861Z - SOCKET_JOIN - Client vgl_xeqS1GEsohWbAAAF -> user_69dc903c3386c4d76f1d0580
2026-04-16T05:26:16.962Z - SOCKET_JOIN - Client vgl_xeqS1GEsohWbAAAF -> vendors_pool
2026-04-16T05:26:16.963Z - SOCKET_JOIN - Client vgl_xeqS1GEsohWbAAAF -> user_69dc903c3386c4d76f1d0580
2026-04-16T05:26:16.964Z - SOCKET_JOIN - Client vgl_xeqS1GEsohWbAAAF -> vendors_pool
2026-04-16T05:26:16.965Z - SOCKET_JOIN - Client vgl_xeqS1GEsohWbAAAF -> user_69dc903c3386c4d76f1d0580
2026-04-16T05:26:16.965Z - SOCKET_JOIN - Client vgl_xeqS1GEsohWbAAAF -> user_69dc903c3386c4d76f1d0580
2026-04-16T05:26:16.965Z - SOCKET_JOIN - Client vgl_xeqS1GEsohWbAAAF -> user_69dc903c3386c4d76f1d0580
2026-04-16T05:26:16.966Z - SOCKET_JOIN - Client vgl_xeqS1GEsohWbAAAF -> user_69dc903c3386c4d76f1d0580
2026-04-16T05:26:16.966Z - SOCKET_JOIN - Client vgl_xeqS1GEsohWbAAAF -> user_69dc903c3386c4d76f1d0580
2026-04-16T05:26:16.967Z - SOCKET_JOIN - Client vgl_xeqS1GEsohWbAAAF -> user_69dc903c3386c4d76f1d0580
2026-04-16T05:26:16.967Z - SOCKET_JOIN - Client vgl_xeqS1GEsohWbAAAF -> user_69dc903c3386c4d76f1d0580
2026-04-16T05:26:16.968Z - SOCKET_JOIN - Client vgl_xeqS1GEsohWbAAAF -> user_69dc903c3386c4d76f1d0580
2026-04-16T05:29:29.834Z - SOCKET_JOIN - Client oY_sPll57m-EQ1GXAAAC -> user_69dc903c3386c4d76f1d0580
2026-04-16T05:29:29.836Z - SOCKET_JOIN - Client 9oH1dMN51hN2_zUtAAAD -> user_69dcb58a0ed5ebb72f3af564
2026-04-16T05:29:29.844Z - SOCKET_JOIN - Client 9oH1dMN51hN2_zUtAAAD -> user_69dcb58a0ed5ebb72f3af564
2026-04-16T05:29:29.844Z - SOCKET_JOIN - Client 9oH1dMN51hN2_zUtAAAD -> user_69dcb58a0ed5ebb72f3af564
2026-04-16T05:29:29.845Z - SOCKET_JOIN - Client 9oH1dMN51hN2_zUtAAAD -> user_69dcb58a0ed5ebb72f3af564
2026-04-16T05:29:29.846Z - SOCKET_JOIN - Client 9oH1dMN51hN2_zUtAAAD -> user_69dcb58a0ed5ebb72f3af564
2026-04-16T05:29:29.951Z - SOCKET_JOIN - Client oY_sPll57m-EQ1GXAAAC -> user_69dc903c3386c4d76f1d0580
2026-04-16T05:29:29.952Z - SOCKET_JOIN - Client oY_sPll57m-EQ1GXAAAC -> user_69dc903c3386c4d76f1d0580
2026-04-16T05:29:29.952Z - SOCKET_JOIN - Client oY_sPll57m-EQ1GXAAAC -> user_69dc903c3386c4d76f1d0580
2026-04-16T05:29:29.953Z - SOCKET_JOIN - Client oY_sPll57m-EQ1GXAAAC -> user_69dc903c3386c4d76f1d0580
2026-04-16T05:29:29.953Z - SOCKET_JOIN - Client oY_sPll57m-EQ1GXAAAC -> user_69dc903c3386c4d76f1d0580
2026-04-16T05:29:29.954Z - SOCKET_JOIN - Client oY_sPll57m-EQ1GXAAAC -> user_69dc903c3386c4d76f1d0580
2026-04-16T05:29:29.955Z - SOCKET_JOIN - Client oY_sPll57m-EQ1GXAAAC -> user_69dc903c3386c4d76f1d0580
2026-04-16T05:30:59.309Z - SOCKET_JOIN - Client u1Huu2mWdpdIPNKAAAAC -> user_69dcb58a0ed5ebb72f3af564
2026-04-16T05:30:59.316Z - SOCKET_JOIN - Client Wd1duM8Nlh7n7WolAAAD -> user_69dc903c3386c4d76f1d0580
2026-04-16T05:30:59.318Z - SOCKET_JOIN - Client u1Huu2mWdpdIPNKAAAAC -> user_69dcb58a0ed5ebb72f3af564
2026-04-16T05:30:59.319Z - SOCKET_JOIN - Client u1Huu2mWdpdIPNKAAAAC -> user_69dcb58a0ed5ebb72f3af564
2026-04-16T05:30:59.320Z - SOCKET_JOIN - Client u1Huu2mWdpdIPNKAAAAC -> user_69dcb58a0ed5ebb72f3af564
2026-04-16T05:30:59.321Z - SOCKET_JOIN - Client u1Huu2mWdpdIPNKAAAAC -> user_69dcb58a0ed5ebb72f3af564
2026-04-16T05:30:59.323Z - SOCKET_JOIN - Client Wd1duM8Nlh7n7WolAAAD -> user_69dc903c3386c4d76f1d0580
2026-04-16T05:30:59.324Z - SOCKET_JOIN - Client Wd1duM8Nlh7n7WolAAAD -> user_69dc903c3386c4d76f1d0580
2026-04-16T05:30:59.325Z - SOCKET_JOIN - Client Wd1duM8Nlh7n7WolAAAD -> user_69dc903c3386c4d76f1d0580
2026-04-16T05:30:59.325Z - SOCKET_JOIN - Client Wd1duM8Nlh7n7WolAAAD -> user_69dc903c3386c4d76f1d0580
2026-04-16T05:30:59.326Z - SOCKET_JOIN - Client Wd1duM8Nlh7n7WolAAAD -> user_69dc903c3386c4d76f1d0580
2026-04-16T05:30:59.326Z - SOCKET_JOIN - Client Wd1duM8Nlh7n7WolAAAD -> user_69dc903c3386c4d76f1d0580
2026-04-16T05:30:59.327Z - SOCKET_JOIN - Client Wd1duM8Nlh7n7WolAAAD -> user_69dc903c3386c4d76f1d0580
2026-04-16T05:31:23.587Z - SOCKET_JOIN - Client ZbHokoZ_4H0PQzWrAAAF -> user_69dc903c3386c4d76f1d0580
2026-04-16T05:31:23.593Z - SOCKET_JOIN - Client ZbHokoZ_4H0PQzWrAAAF -> vendors_pool
2026-04-16T05:31:23.595Z - SOCKET_JOIN - Client ZbHokoZ_4H0PQzWrAAAF -> user_69dc903c3386c4d76f1d0580
2026-04-16T05:31:23.596Z - SOCKET_JOIN - Client ZbHokoZ_4H0PQzWrAAAF -> vendors_pool
2026-04-16T05:31:23.597Z - SOCKET_JOIN - Client ZbHokoZ_4H0PQzWrAAAF -> user_69dc903c3386c4d76f1d0580
2026-04-16T05:31:23.597Z - SOCKET_JOIN - Client ZbHokoZ_4H0PQzWrAAAF -> user_69dc903c3386c4d76f1d0580
2026-04-16T05:35:02.925Z - SOCKET_JOIN - Client 2iDLa7FkUDPcdAouAAAH -> user_69dcb58a0ed5ebb72f3af564
2026-04-16T05:35:03.013Z - SOCKET_JOIN - Client 2iDLa7FkUDPcdAouAAAH -> user_69dcb58a0ed5ebb72f3af564
2026-04-16T05:35:03.014Z - SOCKET_JOIN - Client 2iDLa7FkUDPcdAouAAAH -> user_69dcb58a0ed5ebb72f3af564
2026-04-16T05:35:03.015Z - SOCKET_JOIN - Client 2iDLa7FkUDPcdAouAAAH -> user_69dcb58a0ed5ebb72f3af564
2026-04-16T05:35:03.015Z - SOCKET_JOIN - Client 2iDLa7FkUDPcdAouAAAH -> user_69dcb58a0ed5ebb72f3af564
2026-04-16T05:35:03.016Z - SOCKET_JOIN - Client 2iDLa7FkUDPcdAouAAAH -> user_69dcb58a0ed5ebb72f3af564
2026-04-16T05:35:03.016Z - SOCKET_JOIN - Client 2iDLa7FkUDPcdAouAAAH -> user_69dcb58a0ed5ebb72f3af564
2026-04-16T05:35:03.017Z - SOCKET_JOIN - Client 2iDLa7FkUDPcdAouAAAH -> user_69dcb58a0ed5ebb72f3af564
2026-04-16T05:37:39.505Z - SOCKET_JOIN - Client ZbHokoZ_4H0PQzWrAAAF -> user_69dc903c3386c4d76f1d0580
2026-04-16T05:37:39.548Z - SOCKET_JOIN - Client wwzXOJ87-ZiVJlxCAAAJ -> user_69dc903c3386c4d76f1d0580
2026-04-16T05:37:39.650Z - SOCKET_JOIN - Client wwzXOJ87-ZiVJlxCAAAJ -> user_69dc903c3386c4d76f1d0580
2026-04-16T05:37:39.651Z - SOCKET_JOIN - Client wwzXOJ87-ZiVJlxCAAAJ -> user_69dc903c3386c4d76f1d0580
2026-04-16T05:37:39.652Z - SOCKET_JOIN - Client wwzXOJ87-ZiVJlxCAAAJ -> user_69dc903c3386c4d76f1d0580
2026-04-16T05:37:39.653Z - SOCKET_JOIN - Client wwzXOJ87-ZiVJlxCAAAJ -> user_69dc903c3386c4d76f1d0580
2026-04-16T05:39:08.897Z - SOCKET_JOIN - Client Lmu9hoJYA7ZIl80HAAAC -> user_69dcb58a0ed5ebb72f3af564
2026-04-16T05:39:08.899Z - SOCKET_JOIN - Client bYhKNBoNd4RNYb7CAAAD -> user_69dc903c3386c4d76f1d0580
2026-04-16T05:39:08.904Z - SOCKET_JOIN - Client bYhKNBoNd4RNYb7CAAAD -> user_69dc903c3386c4d76f1d0580
2026-04-16T05:39:08.905Z - SOCKET_JOIN - Client bYhKNBoNd4RNYb7CAAAD -> user_69dc903c3386c4d76f1d0580
2026-04-16T05:39:08.906Z - SOCKET_JOIN - Client bYhKNBoNd4RNYb7CAAAD -> user_69dc903c3386c4d76f1d0580
2026-04-16T05:39:09.006Z - SOCKET_JOIN - Client Lmu9hoJYA7ZIl80HAAAC -> user_69dcb58a0ed5ebb72f3af564
2026-04-16T05:39:09.007Z - SOCKET_JOIN - Client Lmu9hoJYA7ZIl80HAAAC -> user_69dcb58a0ed5ebb72f3af564
2026-04-16T05:39:09.007Z - SOCKET_JOIN - Client Lmu9hoJYA7ZIl80HAAAC -> user_69dcb58a0ed5ebb72f3af564
2026-04-16T05:39:09.008Z - SOCKET_JOIN - Client Lmu9hoJYA7ZIl80HAAAC -> user_69dcb58a0ed5ebb72f3af564
2026-04-16T05:39:09.009Z - SOCKET_JOIN - Client Lmu9hoJYA7ZIl80HAAAC -> user_69dcb58a0ed5ebb72f3af564
2026-04-16T05:43:49.878Z - SOCKET_JOIN - Client PnDFWCYt48-w8SFHAAAF -> user_69dcb58a0ed5ebb72f3af564
2026-04-16T05:43:50.000Z - SOCKET_JOIN - Client PnDFWCYt48-w8SFHAAAF -> user_69dcb58a0ed5ebb72f3af564
2026-04-16T05:43:50.001Z - SOCKET_JOIN - Client PnDFWCYt48-w8SFHAAAF -> user_69dcb58a0ed5ebb72f3af564
2026-04-16T05:43:50.002Z - SOCKET_JOIN - Client PnDFWCYt48-w8SFHAAAF -> user_69dcb58a0ed5ebb72f3af564
2026-04-16T05:43:50.002Z - SOCKET_JOIN - Client PnDFWCYt48-w8SFHAAAF -> user_69dcb58a0ed5ebb72f3af564
2026-04-16T05:43:50.003Z - SOCKET_JOIN - Client PnDFWCYt48-w8SFHAAAF -> user_69dcb58a0ed5ebb72f3af564
2026-04-16T05:43:50.004Z - SOCKET_JOIN - Client PnDFWCYt48-w8SFHAAAF -> user_69dcb58a0ed5ebb72f3af564
2026-04-16T05:43:50.004Z - SOCKET_JOIN - Client PnDFWCYt48-w8SFHAAAF -> user_69dcb58a0ed5ebb72f3af564
2026-04-16T05:43:50.005Z - SOCKET_JOIN - Client PnDFWCYt48-w8SFHAAAF -> user_69dcb58a0ed5ebb72f3af564
2026-04-16T05:44:00.994Z - SOCKET_JOIN - Client HE1LPcNL7grx6wEvAAAH -> user_69dcb58a0ed5ebb72f3af564
2026-04-16T05:44:00.995Z - SOCKET_JOIN - Client HE1LPcNL7grx6wEvAAAH -> user_69dcb58a0ed5ebb72f3af564
2026-04-16T05:44:00.996Z - SOCKET_JOIN - Client HE1LPcNL7grx6wEvAAAH -> user_69dcb58a0ed5ebb72f3af564
2026-04-16T05:44:00.997Z - SOCKET_JOIN - Client HE1LPcNL7grx6wEvAAAH -> user_69dcb58a0ed5ebb72f3af564
2026-04-16T05:44:00.997Z - SOCKET_JOIN - Client HE1LPcNL7grx6wEvAAAH -> user_69dcb58a0ed5ebb72f3af564
2026-04-16T05:44:00.998Z - SOCKET_JOIN - Client HE1LPcNL7grx6wEvAAAH -> user_69dcb58a0ed5ebb72f3af564
2026-04-16T05:44:00.999Z - SOCKET_JOIN - Client HE1LPcNL7grx6wEvAAAH -> user_69dcb58a0ed5ebb72f3af564
2026-04-16T05:44:01.000Z - SOCKET_JOIN - Client HE1LPcNL7grx6wEvAAAH -> user_69dcb58a0ed5ebb72f3af564
2026-04-16T05:44:01.001Z - SOCKET_JOIN - Client HE1LPcNL7grx6wEvAAAH -> user_69dcb58a0ed5ebb72f3af564
2026-04-16T05:44:01.002Z - SOCKET_JOIN - Client HE1LPcNL7grx6wEvAAAH -> user_69dcb58a0ed5ebb72f3af564
2026-04-16T05:47:12.382Z - SOCKET_JOIN - Client iHQXuza0EO5Lhj4SAAAC -> user_69dcb58a0ed5ebb72f3af564
2026-04-16T05:47:12.385Z - SOCKET_JOIN - Client rKuSH1w4LPt3EYKoAAAD -> user_69dc903c3386c4d76f1d0580
2026-04-16T05:47:12.390Z - SOCKET_JOIN - Client rKuSH1w4LPt3EYKoAAAD -> user_69dc903c3386c4d76f1d0580
2026-04-16T05:47:12.391Z - SOCKET_JOIN - Client rKuSH1w4LPt3EYKoAAAD -> user_69dc903c3386c4d76f1d0580
2026-04-16T05:47:12.392Z - SOCKET_JOIN - Client rKuSH1w4LPt3EYKoAAAD -> user_69dc903c3386c4d76f1d0580
2026-04-16T05:47:12.509Z - SOCKET_JOIN - Client iHQXuza0EO5Lhj4SAAAC -> user_69dcb58a0ed5ebb72f3af564
2026-04-16T05:47:12.510Z - SOCKET_JOIN - Client iHQXuza0EO5Lhj4SAAAC -> user_69dcb58a0ed5ebb72f3af564
2026-04-16T05:47:12.511Z - SOCKET_JOIN - Client iHQXuza0EO5Lhj4SAAAC -> user_69dcb58a0ed5ebb72f3af564
2026-04-16T05:47:12.511Z - SOCKET_JOIN - Client iHQXuza0EO5Lhj4SAAAC -> user_69dcb58a0ed5ebb72f3af564
2026-04-16T05:47:12.512Z - SOCKET_JOIN - Client iHQXuza0EO5Lhj4SAAAC -> user_69dcb58a0ed5ebb72f3af564
2026-04-16T05:47:12.513Z - SOCKET_JOIN - Client iHQXuza0EO5Lhj4SAAAC -> user_69dcb58a0ed5ebb72f3af564
2026-04-16T05:47:12.513Z - SOCKET_JOIN - Client iHQXuza0EO5Lhj4SAAAC -> user_69dcb58a0ed5ebb72f3af564
2026-04-16T05:47:33.370Z - SOCKET_JOIN - Client vB5TpP4u_gydPgKtAAAF -> user_69dc903c3386c4d76f1d0580
2026-04-16T05:47:33.475Z - SOCKET_JOIN - Client vB5TpP4u_gydPgKtAAAF -> user_69dc903c3386c4d76f1d0580
2026-04-16T05:47:33.476Z - SOCKET_JOIN - Client vB5TpP4u_gydPgKtAAAF -> user_69dc903c3386c4d76f1d0580
2026-04-16T05:47:33.477Z - SOCKET_JOIN - Client vB5TpP4u_gydPgKtAAAF -> user_69dc903c3386c4d76f1d0580
2026-04-16T05:47:33.477Z - SOCKET_JOIN - Client vB5TpP4u_gydPgKtAAAF -> user_69dc903c3386c4d76f1d0580
2026-04-16T05:47:33.478Z - SOCKET_JOIN - Client vB5TpP4u_gydPgKtAAAF -> user_69dc903c3386c4d76f1d0580
2026-04-16T05:47:33.479Z - SOCKET_JOIN - Client vB5TpP4u_gydPgKtAAAF -> user_69dc903c3386c4d76f1d0580
2026-04-16T05:47:33.479Z - SOCKET_JOIN - Client vB5TpP4u_gydPgKtAAAF -> user_69dc903c3386c4d76f1d0580
2026-04-16T05:49:29.016Z - SOCKET_JOIN - Client ZBOEwCeD7YN-bloQAAAH -> user_69dcb58a0ed5ebb72f3af564
2026-04-16T05:49:29.077Z - SOCKET_JOIN - Client ZBOEwCeD7YN-bloQAAAH -> user_69dcb58a0ed5ebb72f3af564
2026-04-16T05:49:29.078Z - SOCKET_JOIN - Client ZBOEwCeD7YN-bloQAAAH -> user_69dcb58a0ed5ebb72f3af564
2026-04-16T05:49:29.079Z - SOCKET_JOIN - Client ZBOEwCeD7YN-bloQAAAH -> user_69dcb58a0ed5ebb72f3af564
2026-04-16T05:49:29.079Z - SOCKET_JOIN - Client ZBOEwCeD7YN-bloQAAAH -> user_69dcb58a0ed5ebb72f3af564
2026-04-16T05:49:29.080Z - SOCKET_JOIN - Client ZBOEwCeD7YN-bloQAAAH -> user_69dcb58a0ed5ebb72f3af564
2026-04-16T05:49:29.080Z - SOCKET_JOIN - Client ZBOEwCeD7YN-bloQAAAH -> user_69dcb58a0ed5ebb72f3af564
2026-04-16T05:49:29.080Z - SOCKET_JOIN - Client ZBOEwCeD7YN-bloQAAAH -> user_69dcb58a0ed5ebb72f3af564
2026-04-16T05:49:29.081Z - SOCKET_JOIN - Client ZBOEwCeD7YN-bloQAAAH -> user_69dcb58a0ed5ebb72f3af564
2026-04-16T05:49:29.081Z - SOCKET_JOIN - Client ZBOEwCeD7YN-bloQAAAH -> user_69dcb58a0ed5ebb72f3af564
2026-04-16T05:49:29.082Z - SOCKET_JOIN - Client ZBOEwCeD7YN-bloQAAAH -> user_69dcb58a0ed5ebb72f3af564
2026-04-16T05:57:34.879Z - SOCKET_JOIN - Client bT4RK6OoVPV56xOZAAAJ -> user_69dcb58a0ed5ebb72f3af564
2026-04-16T05:57:34.982Z - SOCKET_JOIN - Client bT4RK6OoVPV56xOZAAAJ -> user_69dcb58a0ed5ebb72f3af564
2026-04-16T05:57:34.984Z - SOCKET_JOIN - Client bT4RK6OoVPV56xOZAAAJ -> user_69dcb58a0ed5ebb72f3af564
2026-04-16T05:57:34.984Z - SOCKET_JOIN - Client bT4RK6OoVPV56xOZAAAJ -> user_69dcb58a0ed5ebb72f3af564
2026-04-16T05:57:34.984Z - SOCKET_JOIN - Client bT4RK6OoVPV56xOZAAAJ -> user_69dcb58a0ed5ebb72f3af564
2026-04-16T05:57:34.985Z - SOCKET_JOIN - Client bT4RK6OoVPV56xOZAAAJ -> user_69dcb58a0ed5ebb72f3af564
2026-04-16T05:57:34.985Z - SOCKET_JOIN - Client bT4RK6OoVPV56xOZAAAJ -> user_69dcb58a0ed5ebb72f3af564
2026-04-16T05:57:34.986Z - SOCKET_JOIN - Client bT4RK6OoVPV56xOZAAAJ -> user_69dcb58a0ed5ebb72f3af564
2026-04-16T05:57:34.987Z - SOCKET_JOIN - Client bT4RK6OoVPV56xOZAAAJ -> user_69dcb58a0ed5ebb72f3af564
2026-04-16T05:57:34.987Z - SOCKET_JOIN - Client bT4RK6OoVPV56xOZAAAJ -> user_69dcb58a0ed5ebb72f3af564
2026-04-16T05:57:34.988Z - SOCKET_JOIN - Client bT4RK6OoVPV56xOZAAAJ -> user_69dcb58a0ed5ebb72f3af564
2026-04-16T05:57:34.988Z - SOCKET_JOIN - Client bT4RK6OoVPV56xOZAAAJ -> user_69dcb58a0ed5ebb72f3af564
2026-04-16T06:26:33.753Z - SOCKET_JOIN - Client yN4UA6uxWZBG8ayzAAAL -> user_69dc903c3386c4d76f1d0580
2026-04-16T06:26:33.846Z - SOCKET_JOIN - Client yN4UA6uxWZBG8ayzAAAL -> user_69dc903c3386c4d76f1d0580
2026-04-16T06:26:33.847Z - SOCKET_JOIN - Client yN4UA6uxWZBG8ayzAAAL -> user_69dc903c3386c4d76f1d0580
2026-04-16T06:26:33.848Z - SOCKET_JOIN - Client yN4UA6uxWZBG8ayzAAAL -> user_69dc903c3386c4d76f1d0580
2026-04-16T06:26:33.848Z - SOCKET_JOIN - Client yN4UA6uxWZBG8ayzAAAL -> user_69dc903c3386c4d76f1d0580
2026-04-16T06:26:33.849Z - SOCKET_JOIN - Client yN4UA6uxWZBG8ayzAAAL -> user_69dc903c3386c4d76f1d0580
2026-04-16T06:26:33.850Z - SOCKET_JOIN - Client yN4UA6uxWZBG8ayzAAAL -> user_69dc903c3386c4d76f1d0580
2026-04-16T06:26:33.850Z - SOCKET_JOIN - Client yN4UA6uxWZBG8ayzAAAL -> user_69dc903c3386c4d76f1d0580
2026-04-16T06:26:33.851Z - SOCKET_JOIN - Client yN4UA6uxWZBG8ayzAAAL -> user_69dc903c3386c4d76f1d0580
2026-04-16T06:26:33.851Z - SOCKET_JOIN - Client yN4UA6uxWZBG8ayzAAAL -> user_69dc903c3386c4d76f1d0580
2026-04-16T06:26:37.950Z - SOCKET_JOIN - Client hF6yb3nhulpo-1dLAAAN -> user_69dc903c3386c4d76f1d0580
2026-04-16T06:26:38.054Z - SOCKET_JOIN - Client hF6yb3nhulpo-1dLAAAN -> user_69dc903c3386c4d76f1d0580
2026-04-16T06:26:38.057Z - SOCKET_JOIN - Client hF6yb3nhulpo-1dLAAAN -> user_69dc903c3386c4d76f1d0580
2026-04-16T06:26:38.058Z - SOCKET_JOIN - Client hF6yb3nhulpo-1dLAAAN -> user_69dc903c3386c4d76f1d0580
2026-04-16T06:26:38.058Z - SOCKET_JOIN - Client hF6yb3nhulpo-1dLAAAN -> user_69dc903c3386c4d76f1d0580
2026-04-16T06:26:38.059Z - SOCKET_JOIN - Client hF6yb3nhulpo-1dLAAAN -> user_69dc903c3386c4d76f1d0580
2026-04-16T06:26:38.060Z - SOCKET_JOIN - Client hF6yb3nhulpo-1dLAAAN -> user_69dc903c3386c4d76f1d0580
2026-04-16T06:26:38.060Z - SOCKET_JOIN - Client hF6yb3nhulpo-1dLAAAN -> user_69dc903c3386c4d76f1d0580
2026-04-16T06:26:38.060Z - SOCKET_JOIN - Client hF6yb3nhulpo-1dLAAAN -> user_69dc903c3386c4d76f1d0580
2026-04-16T06:26:38.061Z - SOCKET_JOIN - Client hF6yb3nhulpo-1dLAAAN -> user_69dc903c3386c4d76f1d0580
2026-04-16T06:26:38.062Z - SOCKET_JOIN - Client hF6yb3nhulpo-1dLAAAN -> user_69dc903c3386c4d76f1d0580
2026-04-16T06:26:38.063Z - SOCKET_JOIN - Client hF6yb3nhulpo-1dLAAAN -> user_69dc903c3386c4d76f1d0580
2026-04-16T06:26:44.316Z - SOCKET_JOIN - Client 6AN_J5gU9STtX_RtAAAP -> user_69dc903c3386c4d76f1d0580
2026-04-16T06:26:44.421Z - SOCKET_JOIN - Client 6AN_J5gU9STtX_RtAAAP -> user_69dc903c3386c4d76f1d0580
2026-04-16T06:26:44.422Z - SOCKET_JOIN - Client 6AN_J5gU9STtX_RtAAAP -> user_69dc903c3386c4d76f1d0580
2026-04-16T06:26:44.422Z - SOCKET_JOIN - Client 6AN_J5gU9STtX_RtAAAP -> user_69dc903c3386c4d76f1d0580
2026-04-16T06:26:44.423Z - SOCKET_JOIN - Client 6AN_J5gU9STtX_RtAAAP -> user_69dc903c3386c4d76f1d0580
2026-04-16T06:26:44.424Z - SOCKET_JOIN - Client 6AN_J5gU9STtX_RtAAAP -> user_69dc903c3386c4d76f1d0580
2026-04-16T06:26:44.424Z - SOCKET_JOIN - Client 6AN_J5gU9STtX_RtAAAP -> user_69dc903c3386c4d76f1d0580
2026-04-16T06:26:44.424Z - SOCKET_JOIN - Client 6AN_J5gU9STtX_RtAAAP -> user_69dc903c3386c4d76f1d0580
2026-04-16T06:26:44.425Z - SOCKET_JOIN - Client 6AN_J5gU9STtX_RtAAAP -> user_69dc903c3386c4d76f1d0580
2026-04-16T06:26:44.425Z - SOCKET_JOIN - Client 6AN_J5gU9STtX_RtAAAP -> user_69dc903c3386c4d76f1d0580
2026-04-16T06:26:44.426Z - SOCKET_JOIN - Client 6AN_J5gU9STtX_RtAAAP -> user_69dc903c3386c4d76f1d0580
2026-04-16T06:26:44.427Z - SOCKET_JOIN - Client 6AN_J5gU9STtX_RtAAAP -> user_69dc903c3386c4d76f1d0580
2026-04-16T06:26:44.427Z - SOCKET_JOIN - Client 6AN_J5gU9STtX_RtAAAP -> user_69dc903c3386c4d76f1d0580
2026-04-16T06:26:44.428Z - SOCKET_JOIN - Client 6AN_J5gU9STtX_RtAAAP -> user_69dc903c3386c4d76f1d0580
2026-04-16T06:28:34.076Z - SOCKET_JOIN - Client 8ocsyVQuCHXlVlIaAAAC -> user_69dcb58a0ed5ebb72f3af564
2026-04-16T06:28:34.080Z - SOCKET_JOIN - Client sGeKraPhdX7OF5TAAAAD -> user_69dc903c3386c4d76f1d0580
2026-04-16T06:28:34.086Z - SOCKET_JOIN - Client sGeKraPhdX7OF5TAAAAD -> user_69dc903c3386c4d76f1d0580
2026-04-16T06:28:34.088Z - SOCKET_JOIN - Client sGeKraPhdX7OF5TAAAAD -> user_69dc903c3386c4d76f1d0580
2026-04-16T06:28:34.088Z - SOCKET_JOIN - Client sGeKraPhdX7OF5TAAAAD -> user_69dc903c3386c4d76f1d0580
2026-04-16T06:28:34.089Z - SOCKET_JOIN - Client sGeKraPhdX7OF5TAAAAD -> user_69dc903c3386c4d76f1d0580
2026-04-16T06:28:34.089Z - SOCKET_JOIN - Client sGeKraPhdX7OF5TAAAAD -> user_69dc903c3386c4d76f1d0580
2026-04-16T06:28:34.090Z - SOCKET_JOIN - Client sGeKraPhdX7OF5TAAAAD -> user_69dc903c3386c4d76f1d0580
2026-04-16T06:28:34.091Z - SOCKET_JOIN - Client sGeKraPhdX7OF5TAAAAD -> user_69dc903c3386c4d76f1d0580
2026-04-16T06:28:34.091Z - SOCKET_JOIN - Client sGeKraPhdX7OF5TAAAAD -> user_69dc903c3386c4d76f1d0580
2026-04-16T06:28:34.092Z - SOCKET_JOIN - Client sGeKraPhdX7OF5TAAAAD -> user_69dc903c3386c4d76f1d0580
2026-04-16T06:28:34.092Z - SOCKET_JOIN - Client sGeKraPhdX7OF5TAAAAD -> user_69dc903c3386c4d76f1d0580
2026-04-16T06:28:34.093Z - SOCKET_JOIN - Client sGeKraPhdX7OF5TAAAAD -> user_69dc903c3386c4d76f1d0580
2026-04-16T06:28:34.191Z - SOCKET_JOIN - Client 8ocsyVQuCHXlVlIaAAAC -> user_69dcb58a0ed5ebb72f3af564
2026-04-16T06:28:34.192Z - SOCKET_JOIN - Client 8ocsyVQuCHXlVlIaAAAC -> user_69dcb58a0ed5ebb72f3af564
2026-04-16T06:28:34.193Z - SOCKET_JOIN - Client 8ocsyVQuCHXlVlIaAAAC -> user_69dcb58a0ed5ebb72f3af564
2026-04-16T06:28:34.194Z - SOCKET_JOIN - Client 8ocsyVQuCHXlVlIaAAAC -> user_69dcb58a0ed5ebb72f3af564
2026-04-16T06:28:34.195Z - SOCKET_JOIN - Client 8ocsyVQuCHXlVlIaAAAC -> user_69dcb58a0ed5ebb72f3af564
2026-04-16T06:28:34.195Z - SOCKET_JOIN - Client 8ocsyVQuCHXlVlIaAAAC -> user_69dcb58a0ed5ebb72f3af564
2026-04-16T06:28:34.196Z - SOCKET_JOIN - Client 8ocsyVQuCHXlVlIaAAAC -> user_69dcb58a0ed5ebb72f3af564
2026-04-16T06:28:34.197Z - SOCKET_JOIN - Client 8ocsyVQuCHXlVlIaAAAC -> user_69dcb58a0ed5ebb72f3af564
2026-04-16T06:28:34.197Z - SOCKET_JOIN - Client 8ocsyVQuCHXlVlIaAAAC -> user_69dcb58a0ed5ebb72f3af564
2026-04-16T06:28:44.883Z - SOCKET_JOIN - Client YvicmUd33aXtVWFiAAAF -> user_69dc903c3386c4d76f1d0580
2026-04-16T06:28:45.011Z - SOCKET_JOIN - Client YvicmUd33aXtVWFiAAAF -> user_69dc903c3386c4d76f1d0580
2026-04-16T06:28:45.013Z - SOCKET_JOIN - Client YvicmUd33aXtVWFiAAAF -> user_69dc903c3386c4d76f1d0580
2026-04-16T06:28:45.014Z - SOCKET_JOIN - Client YvicmUd33aXtVWFiAAAF -> user_69dc903c3386c4d76f1d0580
2026-04-16T06:28:45.015Z - SOCKET_JOIN - Client YvicmUd33aXtVWFiAAAF -> user_69dc903c3386c4d76f1d0580
2026-04-16T06:28:45.016Z - SOCKET_JOIN - Client YvicmUd33aXtVWFiAAAF -> user_69dc903c3386c4d76f1d0580
2026-04-16T06:28:45.017Z - SOCKET_JOIN - Client YvicmUd33aXtVWFiAAAF -> user_69dc903c3386c4d76f1d0580
2026-04-16T06:28:45.017Z - SOCKET_JOIN - Client YvicmUd33aXtVWFiAAAF -> user_69dc903c3386c4d76f1d0580
2026-04-16T06:28:45.018Z - SOCKET_JOIN - Client YvicmUd33aXtVWFiAAAF -> user_69dc903c3386c4d76f1d0580
2026-04-16T06:28:45.018Z - SOCKET_JOIN - Client YvicmUd33aXtVWFiAAAF -> user_69dc903c3386c4d76f1d0580
2026-04-16T06:28:45.019Z - SOCKET_JOIN - Client YvicmUd33aXtVWFiAAAF -> user_69dc903c3386c4d76f1d0580
2026-04-16T06:28:45.019Z - SOCKET_JOIN - Client YvicmUd33aXtVWFiAAAF -> user_69dc903c3386c4d76f1d0580
2026-04-16T06:28:45.020Z - SOCKET_JOIN - Client YvicmUd33aXtVWFiAAAF -> user_69dc903c3386c4d76f1d0580
2026-04-16T06:28:45.020Z - SOCKET_JOIN - Client YvicmUd33aXtVWFiAAAF -> user_69dc903c3386c4d76f1d0580
2026-04-16T06:28:45.021Z - SOCKET_JOIN - Client YvicmUd33aXtVWFiAAAF -> user_69dc903c3386c4d76f1d0580
2026-04-16T06:28:45.021Z - SOCKET_JOIN - Client YvicmUd33aXtVWFiAAAF -> user_69dc903c3386c4d76f1d0580
2026-04-16T07:03:22.802Z - SOCKET_JOIN - Client Ci89P_PkcKvpsjQwAAAP -> user_69dc903c3386c4d76f1d0580
2026-04-16T07:03:22.902Z - SOCKET_JOIN - Client Ci89P_PkcKvpsjQwAAAP -> user_69dc903c3386c4d76f1d0580
2026-04-16T07:03:22.903Z - SOCKET_JOIN - Client Ci89P_PkcKvpsjQwAAAP -> user_69dc903c3386c4d76f1d0580
2026-04-16T07:03:22.904Z - SOCKET_JOIN - Client Ci89P_PkcKvpsjQwAAAP -> user_69dc903c3386c4d76f1d0580
2026-04-16T07:03:22.905Z - SOCKET_JOIN - Client Ci89P_PkcKvpsjQwAAAP -> user_69dc903c3386c4d76f1d0580
2026-04-16T07:03:22.905Z - SOCKET_JOIN - Client Ci89P_PkcKvpsjQwAAAP -> user_69dc903c3386c4d76f1d0580
2026-04-16T07:03:22.906Z - SOCKET_JOIN - Client Ci89P_PkcKvpsjQwAAAP -> user_69dc903c3386c4d76f1d0580
2026-04-16T07:03:22.906Z - SOCKET_JOIN - Client Ci89P_PkcKvpsjQwAAAP -> user_69dc903c3386c4d76f1d0580
2026-04-16T07:03:22.907Z - SOCKET_JOIN - Client Ci89P_PkcKvpsjQwAAAP -> user_69dc903c3386c4d76f1d0580
2026-04-16T07:03:22.908Z - SOCKET_JOIN - Client Ci89P_PkcKvpsjQwAAAP -> user_69dc903c3386c4d76f1d0580
2026-04-16T07:03:22.908Z - SOCKET_JOIN - Client Ci89P_PkcKvpsjQwAAAP -> user_69dc903c3386c4d76f1d0580
2026-04-16T07:03:22.909Z - SOCKET_JOIN - Client Ci89P_PkcKvpsjQwAAAP -> user_69dc903c3386c4d76f1d0580
2026-04-16T07:03:22.911Z - SOCKET_JOIN - Client Ci89P_PkcKvpsjQwAAAP -> user_69dc903c3386c4d76f1d0580
2026-04-16T07:03:22.912Z - SOCKET_JOIN - Client Ci89P_PkcKvpsjQwAAAP -> user_69dc903c3386c4d76f1d0580
2026-04-16T07:03:22.913Z - SOCKET_JOIN - Client Ci89P_PkcKvpsjQwAAAP -> user_69dc903c3386c4d76f1d0580
2026-04-16T07:03:22.913Z - SOCKET_JOIN - Client Ci89P_PkcKvpsjQwAAAP -> user_69dc903c3386c4d76f1d0580
2026-04-16T07:03:22.914Z - SOCKET_JOIN - Client Ci89P_PkcKvpsjQwAAAP -> user_69dc903c3386c4d76f1d0580
2026-04-16T07:03:22.915Z - SOCKET_JOIN - Client Ci89P_PkcKvpsjQwAAAP -> user_69dc903c3386c4d76f1d0580
2026-04-16T07:03:29.972Z - SOCKET_JOIN - Client HLZ2D18EHAA5BsICAAAR -> user_69dc903c3386c4d76f1d0580
2026-04-16T07:03:29.974Z - SOCKET_JOIN - Client HLZ2D18EHAA5BsICAAAR -> user_69dc903c3386c4d76f1d0580
2026-04-16T07:03:29.975Z - SOCKET_JOIN - Client HLZ2D18EHAA5BsICAAAR -> user_69dc903c3386c4d76f1d0580
2026-04-16T07:03:29.975Z - SOCKET_JOIN - Client HLZ2D18EHAA5BsICAAAR -> user_69dc903c3386c4d76f1d0580
2026-04-16T07:03:29.978Z - SOCKET_JOIN - Client HLZ2D18EHAA5BsICAAAR -> user_69dc903c3386c4d76f1d0580
2026-04-16T07:03:29.979Z - SOCKET_JOIN - Client HLZ2D18EHAA5BsICAAAR -> user_69dc903c3386c4d76f1d0580
2026-04-16T07:03:29.980Z - SOCKET_JOIN - Client HLZ2D18EHAA5BsICAAAR -> user_69dc903c3386c4d76f1d0580
2026-04-16T07:03:29.981Z - SOCKET_JOIN - Client HLZ2D18EHAA5BsICAAAR -> user_69dc903c3386c4d76f1d0580
2026-04-16T07:03:29.981Z - SOCKET_JOIN - Client HLZ2D18EHAA5BsICAAAR -> user_69dc903c3386c4d76f1d0580
2026-04-16T07:03:29.982Z - SOCKET_JOIN - Client HLZ2D18EHAA5BsICAAAR -> user_69dc903c3386c4d76f1d0580
2026-04-16T07:03:29.982Z - SOCKET_JOIN - Client HLZ2D18EHAA5BsICAAAR -> user_69dc903c3386c4d76f1d0580
2026-04-16T07:03:29.983Z - SOCKET_JOIN - Client HLZ2D18EHAA5BsICAAAR -> user_69dc903c3386c4d76f1d0580
2026-04-16T07:03:29.984Z - SOCKET_JOIN - Client HLZ2D18EHAA5BsICAAAR -> user_69dc903c3386c4d76f1d0580
2026-04-16T07:03:29.985Z - SOCKET_JOIN - Client HLZ2D18EHAA5BsICAAAR -> user_69dc903c3386c4d76f1d0580
2026-04-16T07:03:29.985Z - SOCKET_JOIN - Client HLZ2D18EHAA5BsICAAAR -> user_69dc903c3386c4d76f1d0580
2026-04-16T07:03:29.986Z - SOCKET_JOIN - Client HLZ2D18EHAA5BsICAAAR -> user_69dc903c3386c4d76f1d0580
2026-04-16T07:03:29.987Z - SOCKET_JOIN - Client HLZ2D18EHAA5BsICAAAR -> user_69dc903c3386c4d76f1d0580
2026-04-16T07:03:29.987Z - SOCKET_JOIN - Client HLZ2D18EHAA5BsICAAAR -> user_69dc903c3386c4d76f1d0580
2026-04-16T07:03:29.988Z - SOCKET_JOIN - Client HLZ2D18EHAA5BsICAAAR -> user_69dc903c3386c4d76f1d0580
2026-04-16T07:03:29.988Z - SOCKET_JOIN - Client HLZ2D18EHAA5BsICAAAR -> user_69dc903c3386c4d76f1d0580
2026-04-16T07:07:51.845Z - SOCKET_JOIN - Client QduCavVdTWl7SxtUAAAK -> user_69dcb58a0ed5ebb72f3af564
2026-04-16T07:11:00.215Z - SOCKET_JOIN - Client 1Q6tDZdZ8ymv3mnUAAAV -> vendors_pool
2026-04-16T07:11:00.263Z - SOCKET_JOIN - Client 1Q6tDZdZ8ymv3mnUAAAV -> vendors_pool
2026-04-16T07:15:37.311Z - SOCKET_JOIN - Client VZaySuEilOek9dHmAAAX -> vendors_pool
2026-04-16T07:15:37.328Z - SOCKET_JOIN - Client VZaySuEilOek9dHmAAAX -> user_69dc903c3386c4d76f1d0580
2026-04-16T07:15:37.329Z - SOCKET_JOIN - Client VZaySuEilOek9dHmAAAX -> vendors_pool
2026-04-16T07:15:37.330Z - SOCKET_JOIN - Client VZaySuEilOek9dHmAAAX -> user_69dc903c3386c4d76f1d0580
2026-04-16T07:15:40.005Z - SOCKET_JOIN - Client te30WY3cQW36qAaYAAAZ -> vendors_pool
2026-04-16T07:15:40.018Z - SOCKET_JOIN - Client te30WY3cQW36qAaYAAAZ -> user_69dc903c3386c4d76f1d0580
2026-04-16T07:15:40.019Z - SOCKET_JOIN - Client te30WY3cQW36qAaYAAAZ -> vendors_pool
2026-04-16T07:15:40.020Z - SOCKET_JOIN - Client te30WY3cQW36qAaYAAAZ -> user_69dc903c3386c4d76f1d0580
2026-04-16T07:18:21.613Z - SOCKET_JOIN - Client 6HaTWxGG4YkroAe3AAAb -> vendors_pool
2026-04-16T07:18:21.636Z - SOCKET_JOIN - Client 6HaTWxGG4YkroAe3AAAb -> user_69dc903c3386c4d76f1d0580
2026-04-16T07:18:21.637Z - SOCKET_JOIN - Client 6HaTWxGG4YkroAe3AAAb -> vendors_pool
2026-04-16T07:18:21.639Z - SOCKET_JOIN - Client 6HaTWxGG4YkroAe3AAAb -> user_69dc903c3386c4d76f1d0580
2026-04-16T07:25:25.853Z - SOCKET_JOIN - Client QduCavVdTWl7SxtUAAAK -> user_69dcb58a0ed5ebb72f3af564
2026-04-16T07:55:07.839Z - SOCKET_JOIN - Client QduCavVdTWl7SxtUAAAK -> user_69dcb58a0ed5ebb72f3af564
2026-04-16T07:57:14.826Z - SOCKET_JOIN - Client dTOz24SvisvA4vHQAAAh -> vendors_pool
2026-04-16T07:57:14.847Z - SOCKET_JOIN - Client dTOz24SvisvA4vHQAAAh -> user_69dc903c3386c4d76f1d0580
2026-04-16T07:57:14.848Z - SOCKET_JOIN - Client dTOz24SvisvA4vHQAAAh -> vendors_pool
2026-04-16T07:57:14.849Z - SOCKET_JOIN - Client dTOz24SvisvA4vHQAAAh -> user_69dc903c3386c4d76f1d0580
2026-04-16T08:00:23.823Z - SOCKET_JOIN - Client dTOz24SvisvA4vHQAAAh -> vendors_pool
2026-04-16T08:00:23.848Z - SOCKET_JOIN - Client dTOz24SvisvA4vHQAAAh -> user_69dc903c3386c4d76f1d0580
2026-04-16T08:00:23.849Z - SOCKET_JOIN - Client dTOz24SvisvA4vHQAAAh -> vendors_pool
2026-04-16T08:00:23.849Z - SOCKET_JOIN - Client dTOz24SvisvA4vHQAAAh -> user_69dc903c3386c4d76f1d0580
2026-04-16T08:00:32.804Z - SOCKET_JOIN - Client dTOz24SvisvA4vHQAAAh -> vendors_pool
2026-04-16T08:00:32.808Z - SOCKET_JOIN - Client dTOz24SvisvA4vHQAAAh -> user_69dc903c3386c4d76f1d0580
2026-04-16T08:00:32.809Z - SOCKET_JOIN - Client dTOz24SvisvA4vHQAAAh -> vendors_pool
2026-04-16T08:00:32.809Z - SOCKET_JOIN - Client dTOz24SvisvA4vHQAAAh -> user_69dc903c3386c4d76f1d0580
2026-04-16T08:01:58.350Z - SOCKET_JOIN - Client Yb_peDl16fA752kYAAAJ -> vendors_pool
2026-04-16T08:01:58.359Z - SOCKET_JOIN - Client Yb_peDl16fA752kYAAAJ -> user_69dc903c3386c4d76f1d0580
2026-04-16T08:01:58.360Z - SOCKET_JOIN - Client Yb_peDl16fA752kYAAAJ -> vendors_pool
2026-04-16T08:01:58.361Z - SOCKET_JOIN - Client Yb_peDl16fA752kYAAAJ -> user_69dc903c3386c4d76f1d0580
2026-04-16T08:07:10.871Z - SOCKET_JOIN - Client 1yn1CUCUn2ZGhiOsAAAQ -> vendors_pool
2026-04-16T08:07:10.876Z - SOCKET_JOIN - Client HNtM-HGv9pY2k_mSAAAR -> user_69dcb58a0ed5ebb72f3af564
2026-04-16T08:07:10.883Z - SOCKET_JOIN - Client 1yn1CUCUn2ZGhiOsAAAQ -> user_69dc903c3386c4d76f1d0580
2026-04-16T08:07:10.884Z - SOCKET_JOIN - Client 1yn1CUCUn2ZGhiOsAAAQ -> vendors_pool
2026-04-16T08:07:10.884Z - SOCKET_JOIN - Client 1yn1CUCUn2ZGhiOsAAAQ -> user_69dc903c3386c4d76f1d0580
2026-04-16T08:07:10.990Z - SOCKET_JOIN - Client HNtM-HGv9pY2k_mSAAAR -> user_69dcb58a0ed5ebb72f3af564
2026-04-16T08:25:44.656Z - SOCKET_JOIN - Client 7RbG3UJoQx_h5xAqAAAh -> user_69dcb58a0ed5ebb72f3af564
2026-04-16T08:25:44.782Z - SOCKET_JOIN - Client 7RbG3UJoQx_h5xAqAAAh -> user_69dcb58a0ed5ebb72f3af564
2026-04-16T08:25:44.908Z - SOCKET_JOIN - Client _w8me2ZY5655ma8eAAAg -> vendors_pool
2026-04-16T08:25:44.977Z - SOCKET_JOIN - Client _w8me2ZY5655ma8eAAAg -> user_69dc903c3386c4d76f1d0580
2026-04-16T08:25:44.981Z - SOCKET_JOIN - Client _w8me2ZY5655ma8eAAAg -> vendors_pool
2026-04-16T08:25:44.983Z - SOCKET_JOIN - Client _w8me2ZY5655ma8eAAAg -> user_69dc903c3386c4d76f1d0580
2026-04-16T08:38:55.996Z - Global broadcast sent for Order #EZ-8919
2026-04-16T08:38:56.120Z - Broadcasting to vendor room: user_69dc903c3386c4d76f1d0580
2026-04-16T08:39:04.441Z - SOCKET_JOIN - Client Ee5aBjfAR2AEJbYgAAAL -> vendors_pool
2026-04-16T08:39:04.461Z - SOCKET_JOIN - Client Ee5aBjfAR2AEJbYgAAAL -> user_69dc903c3386c4d76f1d0580
2026-04-16T08:39:04.464Z - SOCKET_JOIN - Client Ee5aBjfAR2AEJbYgAAAL -> vendors_pool
2026-04-16T08:39:04.467Z - SOCKET_JOIN - Client Ee5aBjfAR2AEJbYgAAAL -> user_69dc903c3386c4d76f1d0580
2026-04-16T08:42:21.898Z - SOCKET_JOIN - Client Ee5aBjfAR2AEJbYgAAAL -> vendors_pool
2026-04-16T08:42:22.035Z - SOCKET_JOIN - Client Ee5aBjfAR2AEJbYgAAAL -> user_69dc903c3386c4d76f1d0580
2026-04-16T09:32:56.522Z - SOCKET_JOIN - Client m6btzFxLGrYq-3DpAAAL -> vendors_pool
2026-04-16T09:32:56.603Z - SOCKET_JOIN - Client m6btzFxLGrYq-3DpAAAL -> user_69dc903c3386c4d76f1d0580
2026-04-16T09:32:56.623Z - SOCKET_JOIN - Client m6btzFxLGrYq-3DpAAAL -> vendors_pool
2026-04-16T09:32:56.633Z - SOCKET_JOIN - Client m6btzFxLGrYq-3DpAAAL -> user_69dc903c3386c4d76f1d0580
2026-04-16T09:41:34.606Z - SOCKET_JOIN - Client HmwQuyVXqG_Sd-0YAAAR -> vendors_pool
2026-04-16T09:41:34.648Z - SOCKET_JOIN - Client HmwQuyVXqG_Sd-0YAAAR -> user_69dc903c3386c4d76f1d0580
2026-04-16T09:41:34.651Z - SOCKET_JOIN - Client HmwQuyVXqG_Sd-0YAAAR -> vendors_pool
2026-04-16T09:41:34.653Z - SOCKET_JOIN - Client HmwQuyVXqG_Sd-0YAAAR -> user_69dc903c3386c4d76f1d0580
2026-04-16T14:48:13.968Z - SOCKET_JOIN - Client ZkGyoHOw_vQy9gS-AAAH -> vendors_pool
2026-04-16T14:48:13.974Z - SOCKET_JOIN - Client ZkGyoHOw_vQy9gS-AAAH -> user_69e0f69491a1f019d22b2997
2026-04-17T04:41:45.618Z - SOCKET_JOIN - Client QPiKD3_yKQawPlr-AAAP -> vendors_pool
2026-04-17T04:41:45.686Z - SOCKET_JOIN - Client QPiKD3_yKQawPlr-AAAP -> user_69e0f69491a1f019d22b2997
2026-04-17T04:41:45.688Z - SOCKET_JOIN - Client QPiKD3_yKQawPlr-AAAP -> vendors_pool
2026-04-17T04:41:45.689Z - SOCKET_JOIN - Client QPiKD3_yKQawPlr-AAAP -> user_69e0f69491a1f019d22b2997
2026-04-17T04:54:24.550Z - SOCKET_JOIN - Client 1AeW4PU8gN37Q86cAAAR -> vendors_pool
2026-04-17T04:54:24.583Z - SOCKET_JOIN - Client 1AeW4PU8gN37Q86cAAAR -> user_69e0f69491a1f019d22b2997
2026-04-17T04:54:24.585Z - SOCKET_JOIN - Client 1AeW4PU8gN37Q86cAAAR -> vendors_pool
2026-04-17T04:54:24.588Z - SOCKET_JOIN - Client 1AeW4PU8gN37Q86cAAAR -> user_69e0f69491a1f019d22b2997
2026-04-17T05:53:53.001Z - SOCKET_JOIN - Client 8iVTNUPk4Z2P3WfRAAAD -> vendors_pool
2026-04-17T05:53:53.044Z - SOCKET_JOIN - Client 8iVTNUPk4Z2P3WfRAAAD -> user_69e0f69491a1f019d22b2997
2026-04-17T05:53:53.045Z - SOCKET_JOIN - Client 8iVTNUPk4Z2P3WfRAAAD -> vendors_pool
2026-04-17T05:53:53.047Z - SOCKET_JOIN - Client 8iVTNUPk4Z2P3WfRAAAD -> user_69e0f69491a1f019d22b2997
2026-04-17T06:14:49.289Z - SOCKET_JOIN - Client ItpXFpyqjFXBOEbGAAAH -> vendors_pool
2026-04-17T06:14:49.332Z - SOCKET_JOIN - Client ItpXFpyqjFXBOEbGAAAH -> user_69e0f69491a1f019d22b2997
2026-04-17T06:14:49.335Z - SOCKET_JOIN - Client ItpXFpyqjFXBOEbGAAAH -> vendors_pool
2026-04-17T06:14:49.338Z - SOCKET_JOIN - Client ItpXFpyqjFXBOEbGAAAH -> user_69e0f69491a1f019d22b2997
2026-04-17T06:31:15.681Z - SOCKET_JOIN - Client 3RLOuEzGe1mZE1J-AAAH -> vendors_pool
2026-04-17T06:31:15.693Z - SOCKET_JOIN - Client 3RLOuEzGe1mZE1J-AAAH -> user_69e0f69491a1f019d22b2997
2026-04-17T06:31:15.694Z - SOCKET_JOIN - Client 3RLOuEzGe1mZE1J-AAAH -> vendors_pool
2026-04-17T06:31:15.696Z - SOCKET_JOIN - Client 3RLOuEzGe1mZE1J-AAAH -> user_69e0f69491a1f019d22b2997
2026-04-17T06:35:08.641Z - SOCKET_JOIN - Client 3ZK6m3Gj_V_kimDJAAAB -> vendors_pool
2026-04-17T06:35:08.654Z - SOCKET_JOIN - Client 3ZK6m3Gj_V_kimDJAAAB -> user_69e0f69491a1f019d22b2997
2026-04-17T06:35:08.656Z - SOCKET_JOIN - Client 3ZK6m3Gj_V_kimDJAAAB -> vendors_pool
2026-04-17T06:35:08.657Z - SOCKET_JOIN - Client 3ZK6m3Gj_V_kimDJAAAB -> user_69e0f69491a1f019d22b2997
2026-04-17T06:35:17.658Z - SOCKET_JOIN - Client w8nYZdYun9Qmr3djAAAH -> vendors_pool
2026-04-17T06:35:17.698Z - SOCKET_JOIN - Client w8nYZdYun9Qmr3djAAAH -> user_69e0f69491a1f019d22b2997
2026-04-17T06:35:17.709Z - SOCKET_JOIN - Client w8nYZdYun9Qmr3djAAAH -> vendors_pool
2026-04-17T06:35:17.729Z - SOCKET_JOIN - Client w8nYZdYun9Qmr3djAAAH -> user_69e0f69491a1f019d22b2997
2026-04-17T06:40:32.021Z - SOCKET_JOIN - Client uGudAtyM5p8PgvJYAAAJ -> vendors_pool
2026-04-17T06:40:32.041Z - SOCKET_JOIN - Client uGudAtyM5p8PgvJYAAAJ -> user_69e0f69491a1f019d22b2997
2026-04-17T06:40:32.043Z - SOCKET_JOIN - Client uGudAtyM5p8PgvJYAAAJ -> vendors_pool
2026-04-17T06:40:32.045Z - SOCKET_JOIN - Client uGudAtyM5p8PgvJYAAAJ -> user_69e0f69491a1f019d22b2997
2026-04-17T06:40:38.871Z - SOCKET_JOIN - Client dco20FjZPoAWPuvQAAAL -> vendors_pool
2026-04-17T06:40:38.885Z - SOCKET_JOIN - Client dco20FjZPoAWPuvQAAAL -> user_69e0f69491a1f019d22b2997
2026-04-17T06:40:38.892Z - SOCKET_JOIN - Client dco20FjZPoAWPuvQAAAL -> vendors_pool
2026-04-17T06:40:38.894Z - SOCKET_JOIN - Client dco20FjZPoAWPuvQAAAL -> user_69e0f69491a1f019d22b2997
2026-04-17T06:43:41.437Z - SOCKET_JOIN - Client 4Oc2Z7ApmrT5VnfwAAAN -> vendors_pool
2026-04-17T06:43:41.467Z - SOCKET_JOIN - Client 4Oc2Z7ApmrT5VnfwAAAN -> user_69e0f69491a1f019d22b2997
2026-04-17T06:43:41.469Z - SOCKET_JOIN - Client 4Oc2Z7ApmrT5VnfwAAAN -> vendors_pool
2026-04-17T06:43:41.472Z - SOCKET_JOIN - Client 4Oc2Z7ApmrT5VnfwAAAN -> user_69e0f69491a1f019d22b2997
2026-04-17T06:48:02.538Z - SOCKET_JOIN - Client 7rBJvq_ilheDYuyXAAAH -> vendors_pool
2026-04-17T06:48:02.541Z - SOCKET_JOIN - Client 7rBJvq_ilheDYuyXAAAH -> user_69e0f69491a1f019d22b2997
2026-04-17T06:48:02.541Z - SOCKET_JOIN - Client 7rBJvq_ilheDYuyXAAAH -> vendors_pool
2026-04-17T06:48:02.542Z - SOCKET_JOIN - Client 7rBJvq_ilheDYuyXAAAH -> user_69e0f69491a1f019d22b2997
2026-04-17T07:11:50.158Z - SOCKET_JOIN - Client 7rBJvq_ilheDYuyXAAAH -> vendors_pool
2026-04-17T07:11:50.165Z - SOCKET_JOIN - Client 7rBJvq_ilheDYuyXAAAH -> user_69e1dd2ae6131840501423d4
2026-04-17T07:22:17.101Z - Global broadcast sent for Order #EZ-5211
2026-04-17T08:07:22.486Z - SOCKET_JOIN - Client JnCbx39LywQDKmaZAAAF -> vendors_pool
2026-04-17T08:07:22.530Z - SOCKET_JOIN - Client JnCbx39LywQDKmaZAAAF -> user_69dc903c3386c4d76f1d0580
2026-04-17T08:07:22.532Z - SOCKET_JOIN - Client JnCbx39LywQDKmaZAAAF -> vendors_pool
2026-04-17T08:07:22.537Z - SOCKET_JOIN - Client JnCbx39LywQDKmaZAAAF -> user_69dc903c3386c4d76f1d0580
2026-04-17T08:58:15.457Z - SOCKET_JOIN - Client PUcFYVfRnjjquiWVAAAV -> vendors_pool
2026-04-17T08:58:15.576Z - SOCKET_JOIN - Client PUcFYVfRnjjquiWVAAAV -> user_69e1dd2ae6131840501423d4
2026-04-17T08:58:15.578Z - SOCKET_JOIN - Client PUcFYVfRnjjquiWVAAAV -> vendors_pool
2026-04-17T08:58:15.579Z - SOCKET_JOIN - Client PUcFYVfRnjjquiWVAAAV -> user_69e1dd2ae6131840501423d4
2026-04-17T09:28:15.473Z - SOCKET_JOIN - Client 0Ly2hp-8TuU3Q3hjAAAD -> vendors_pool
2026-04-17T09:28:15.478Z - SOCKET_JOIN - Client 0Ly2hp-8TuU3Q3hjAAAD -> user_69dc903c3386c4d76f1d0580
2026-04-17T09:28:15.488Z - SOCKET_JOIN - Client 0Ly2hp-8TuU3Q3hjAAAD -> vendors_pool
2026-04-17T09:28:15.493Z - SOCKET_JOIN - Client 0Ly2hp-8TuU3Q3hjAAAD -> user_69dc903c3386c4d76f1d0580
2026-04-17T09:41:34.400Z - SOCKET_JOIN - Client JH0A7t_C7DGnQM7mAAAH -> vendors_pool
2026-04-17T09:41:34.407Z - SOCKET_JOIN - Client JH0A7t_C7DGnQM7mAAAH -> user_69dc903c3386c4d76f1d0580
2026-04-17T09:41:34.413Z - SOCKET_JOIN - Client JH0A7t_C7DGnQM7mAAAH -> vendors_pool
2026-04-17T09:41:34.417Z - SOCKET_JOIN - Client JH0A7t_C7DGnQM7mAAAH -> user_69dc903c3386c4d76f1d0580
2026-04-17T12:11:23.128Z - SOCKET_JOIN - Client NTB5Qptloz6FdALIAAAH -> vendors_pool
2026-04-17T12:11:23.202Z - SOCKET_JOIN - Client NTB5Qptloz6FdALIAAAH -> user_69e1dd2ae6131840501423d4
2026-04-17T12:11:23.203Z - SOCKET_JOIN - Client NTB5Qptloz6FdALIAAAH -> vendors_pool
2026-04-17T12:11:23.204Z - SOCKET_JOIN - Client NTB5Qptloz6FdALIAAAH -> user_69e1dd2ae6131840501423d4
2026-04-17T12:24:39.165Z - SOCKET_JOIN - Client iLQwUEl2-60Fjb10AAAR -> vendors_pool
2026-04-19T04:37:06.661Z - SOCKET_JOIN - Client 9JWxpI8n2DZSQ66cAAAF -> vendors_pool
2026-04-19T04:37:06.675Z - SOCKET_JOIN - Client 9JWxpI8n2DZSQ66cAAAF -> user_69e1dd2ae6131840501423d4
2026-04-19T04:37:06.676Z - SOCKET_JOIN - Client 9JWxpI8n2DZSQ66cAAAF -> vendors_pool
2026-04-19T04:37:06.676Z - SOCKET_JOIN - Client 9JWxpI8n2DZSQ66cAAAF -> user_69e1dd2ae6131840501423d4
2026-04-19T04:39:41.344Z - SOCKET_JOIN - Client _yqCq_6njDtrZ2hQAAAH -> vendors_pool
2026-04-19T04:39:41.356Z - SOCKET_JOIN - Client _yqCq_6njDtrZ2hQAAAH -> user_69e1dd2ae6131840501423d4
2026-04-19T04:39:41.357Z - SOCKET_JOIN - Client _yqCq_6njDtrZ2hQAAAH -> vendors_pool
2026-04-19T04:39:41.357Z - SOCKET_JOIN - Client _yqCq_6njDtrZ2hQAAAH -> user_69e1dd2ae6131840501423d4
2026-04-19T04:48:19.279Z - SOCKET_JOIN - Client _yqCq_6njDtrZ2hQAAAH -> vendors_pool
2026-04-19T04:48:19.301Z - SOCKET_JOIN - Client _yqCq_6njDtrZ2hQAAAH -> user_69e1dd2ae6131840501423d4
2026-04-19T04:48:19.302Z - SOCKET_JOIN - Client _yqCq_6njDtrZ2hQAAAH -> vendors_pool
2026-04-19T04:48:19.303Z - SOCKET_JOIN - Client _yqCq_6njDtrZ2hQAAAH -> user_69e1dd2ae6131840501423d4
2026-04-19T05:08:41.689Z - Global broadcast sent for Order #EZ-8353
2026-04-19T05:08:41.786Z - Broadcasting to vendor room: user_69e1dd2ae6131840501423d4
2026-04-19T05:08:41.787Z - Broadcasting to vendor room: user_69e20027bb91aadaa4af9b90
2026-04-19T05:08:41.788Z - Broadcasting to vendor room: user_69e21130a096f2d55cf7abba
2026-04-19T05:08:41.790Z - Broadcasting to vendor room: user_69e213ce7b667a004a9b679c
2026-04-19T05:08:41.791Z - Broadcasting to vendor room: user_69e2208dd4515c87a6cb6921
2026-04-19T05:08:48.179Z - SOCKET_JOIN - Client 7WcQmKesnuyp066sAAAJ -> order_69e46359eb3da810023e4893
2026-04-19T05:08:48.185Z - SOCKET_JOIN - Client 7WcQmKesnuyp066sAAAJ -> order_69e46359eb3da810023e4893
2026-04-19T05:08:56.917Z - --- Matching for 22.7002, 75.9078 (Found 1 active riders) ---
2026-04-19T05:08:56.918Z - Rider: Marcus V., Pos: 23.2696,77.3882, Dist: 164.237km
2026-04-19T05:11:55.906Z - Global broadcast sent for Order #EZ-8435
2026-04-19T05:11:55.980Z - Broadcasting to vendor room: user_69e1dd2ae6131840501423d4
2026-04-19T05:11:55.981Z - Broadcasting to vendor room: user_69e20027bb91aadaa4af9b90
2026-04-19T05:11:55.982Z - Broadcasting to vendor room: user_69e21130a096f2d55cf7abba
2026-04-19T05:11:55.983Z - Broadcasting to vendor room: user_69e213ce7b667a004a9b679c
2026-04-19T05:11:55.983Z - Broadcasting to vendor room: user_69e2208dd4515c87a6cb6921
2026-04-19T05:11:56.078Z - Global broadcast sent for Order #EZ-7299
2026-04-19T05:11:56.148Z - Broadcasting to vendor room: user_69e1dd2ae6131840501423d4
2026-04-19T05:11:56.150Z - Broadcasting to vendor room: user_69e20027bb91aadaa4af9b90
2026-04-19T05:11:56.150Z - Broadcasting to vendor room: user_69e21130a096f2d55cf7abba
2026-04-19T05:11:56.151Z - Broadcasting to vendor room: user_69e213ce7b667a004a9b679c
2026-04-19T05:11:56.152Z - Broadcasting to vendor room: user_69e2208dd4515c87a6cb6921
2026-04-19T05:19:07.997Z - Global broadcast sent for Order #EZ-7804
2026-04-19T05:19:08.066Z - Broadcasting to vendor room: user_69e1dd2ae6131840501423d4
2026-04-19T05:19:08.067Z - Broadcasting to vendor room: user_69e20027bb91aadaa4af9b90
2026-04-19T05:19:08.068Z - Broadcasting to vendor room: user_69e21130a096f2d55cf7abba
2026-04-19T05:19:08.069Z - Broadcasting to vendor room: user_69e213ce7b667a004a9b679c
2026-04-19T05:19:08.069Z - Broadcasting to vendor room: user_69e2208dd4515c87a6cb6921
2026-04-19T05:22:13.161Z - Global broadcast sent for Order #EZ-8642
2026-04-19T05:22:13.236Z - Broadcasting to vendor room: user_69e1dd2ae6131840501423d4
2026-04-19T05:22:13.237Z - Broadcasting to vendor room: user_69e20027bb91aadaa4af9b90
2026-04-19T05:22:13.237Z - Broadcasting to vendor room: user_69e21130a096f2d55cf7abba
2026-04-19T05:22:13.238Z - Broadcasting to vendor room: user_69e213ce7b667a004a9b679c
2026-04-19T05:22:13.239Z - Broadcasting to vendor room: user_69e2208dd4515c87a6cb6921
2026-04-19T05:25:05.377Z - SOCKET_JOIN - Client _yqCq_6njDtrZ2hQAAAH -> vendors_pool
2026-04-19T05:25:05.455Z - SOCKET_JOIN - Client _yqCq_6njDtrZ2hQAAAH -> user_69e1dd2ae6131840501423d4
2026-04-19T05:25:05.456Z - SOCKET_JOIN - Client _yqCq_6njDtrZ2hQAAAH -> vendors_pool
2026-04-19T05:25:05.457Z - SOCKET_JOIN - Client _yqCq_6njDtrZ2hQAAAH -> user_69e1dd2ae6131840501423d4
2026-04-19T05:34:38.383Z - --- Matching for 22.7002, 75.9078 (Found 1 active riders) ---
2026-04-19T05:34:38.394Z - Rider: Marcus V., Pos: 23.2696,77.3882, Dist: 164.237km
2026-04-19T05:34:54.103Z - Global broadcast sent for Order #EZ-5335
2026-04-19T05:34:54.178Z - Broadcasting to vendor room: user_69e1dd2ae6131840501423d4
2026-04-19T05:34:54.178Z - Broadcasting to vendor room: user_69e20027bb91aadaa4af9b90
2026-04-19T05:34:54.179Z - Broadcasting to vendor room: user_69e21130a096f2d55cf7abba
2026-04-19T05:34:54.179Z - Broadcasting to vendor room: user_69e213ce7b667a004a9b679c
2026-04-19T05:34:54.180Z - Broadcasting to vendor room: user_69e2208dd4515c87a6cb6921
2026-04-19T05:35:47.333Z - SOCKET_JOIN - Client _yqCq_6njDtrZ2hQAAAH -> vendors_pool
2026-04-19T05:35:47.448Z - SOCKET_JOIN - Client _yqCq_6njDtrZ2hQAAAH -> user_69e1dd2ae6131840501423d4
2026-04-19T06:52:36.933Z - SOCKET_JOIN - Client 9k5puHpnuNRHzjeFAAAR -> vendors_pool
2026-04-19T06:52:37.314Z - SOCKET_JOIN - Client 9k5puHpnuNRHzjeFAAAR -> user_69e1dd2ae6131840501423d4
2026-04-19T06:52:37.316Z - SOCKET_JOIN - Client 9k5puHpnuNRHzjeFAAAR -> vendors_pool
2026-04-19T06:52:37.318Z - SOCKET_JOIN - Client 9k5puHpnuNRHzjeFAAAR -> user_69e1dd2ae6131840501423d4
2026-04-19T09:13:00.509Z - SOCKET_JOIN - Client HF_x4GkSVPao74HTAAAf -> vendors_pool
2026-04-19T09:13:00.535Z - SOCKET_JOIN - Client HF_x4GkSVPao74HTAAAf -> user_69e1dd2ae6131840501423d4
2026-04-19T09:13:00.537Z - SOCKET_JOIN - Client HF_x4GkSVPao74HTAAAf -> vendors_pool
2026-04-19T09:13:00.539Z - SOCKET_JOIN - Client HF_x4GkSVPao74HTAAAf -> user_69e1dd2ae6131840501423d4
2026-04-19T12:35:24.607Z - SOCKET_JOIN - Client b79TxCIRvwuiS9JFAAAl -> vendors_pool
2026-04-19T12:35:24.720Z - SOCKET_JOIN - Client b79TxCIRvwuiS9JFAAAl -> user_69e1dd2ae6131840501423d4
2026-04-19T12:35:24.731Z - SOCKET_JOIN - Client b79TxCIRvwuiS9JFAAAl -> vendors_pool
2026-04-19T12:35:24.736Z - SOCKET_JOIN - Client b79TxCIRvwuiS9JFAAAl -> user_69e1dd2ae6131840501423d4
2026-04-19T14:32:23.961Z - SOCKET_JOIN - Client J8Bpp9un63VGbQIVAAAP -> vendors_pool
2026-04-19T14:32:24.026Z - SOCKET_JOIN - Client J8Bpp9un63VGbQIVAAAP -> user_69e1dd2ae6131840501423d4
2026-04-19T14:32:24.026Z - SOCKET_JOIN - Client J8Bpp9un63VGbQIVAAAP -> vendors_pool
2026-04-19T14:32:24.027Z - SOCKET_JOIN - Client J8Bpp9un63VGbQIVAAAP -> user_69e1dd2ae6131840501423d4
2026-04-19T14:38:26.927Z - SOCKET_JOIN - Client J8Bpp9un63VGbQIVAAAP -> vendors_pool
2026-04-19T14:38:27.010Z - SOCKET_JOIN - Client J8Bpp9un63VGbQIVAAAP -> user_69e1dd2ae6131840501423d4
2026-04-19T14:38:27.011Z - SOCKET_JOIN - Client J8Bpp9un63VGbQIVAAAP -> vendors_pool
2026-04-19T14:38:27.011Z - SOCKET_JOIN - Client J8Bpp9un63VGbQIVAAAP -> user_69e1dd2ae6131840501423d4
2026-04-19T15:56:34.012Z - SOCKET_JOIN - Client 0dzM0iprozlcZyUzAAAN -> vendors_pool
2026-04-19T15:56:34.104Z - SOCKET_JOIN - Client 0dzM0iprozlcZyUzAAAN -> user_69e1dd2ae6131840501423d4
2026-04-19T15:56:34.109Z - SOCKET_JOIN - Client 0dzM0iprozlcZyUzAAAN -> vendors_pool
2026-04-19T15:56:34.109Z - SOCKET_JOIN - Client 0dzM0iprozlcZyUzAAAN -> user_69e1dd2ae6131840501423d4
2026-04-20T05:10:38.020Z - SOCKET_JOIN - Client hvkK2EOZqT8LQrVGAAAR -> vendors_pool
2026-04-20T05:10:38.101Z - SOCKET_JOIN - Client hvkK2EOZqT8LQrVGAAAR -> user_69e1dd2ae6131840501423d4
2026-04-20T05:10:38.105Z - SOCKET_JOIN - Client hvkK2EOZqT8LQrVGAAAR -> vendors_pool
2026-04-20T05:10:38.106Z - SOCKET_JOIN - Client hvkK2EOZqT8LQrVGAAAR -> user_69e1dd2ae6131840501423d4
2026-04-20T05:54:05.860Z - SOCKET_JOIN - Client dWEG9AVIIGSySU3bAAAd -> vendors_pool
2026-04-20T05:54:05.986Z - SOCKET_JOIN - Client dWEG9AVIIGSySU3bAAAd -> user_69e1dd2ae6131840501423d4
2026-04-20T05:54:05.988Z - SOCKET_JOIN - Client dWEG9AVIIGSySU3bAAAd -> vendors_pool
2026-04-20T05:54:05.989Z - SOCKET_JOIN - Client dWEG9AVIIGSySU3bAAAd -> user_69e1dd2ae6131840501423d4
2026-04-20T06:15:06.862Z - SOCKET_JOIN - Client BvXWenWOJ5NiG24lAAAJ -> vendors_pool
2026-04-20T06:15:06.975Z - SOCKET_JOIN - Client BvXWenWOJ5NiG24lAAAJ -> user_69e1dd2ae6131840501423d4
2026-04-20T06:15:06.976Z - SOCKET_JOIN - Client BvXWenWOJ5NiG24lAAAJ -> vendors_pool
2026-04-20T06:15:06.978Z - SOCKET_JOIN - Client BvXWenWOJ5NiG24lAAAJ -> user_69e1dd2ae6131840501423d4
2026-04-20T09:49:19.140Z - SOCKET_JOIN - Client cCgXRTaRHyLar4YIAAAJ -> vendors_pool
2026-04-20T09:49:19.176Z - SOCKET_JOIN - Client cCgXRTaRHyLar4YIAAAJ -> user_69e1dd2ae6131840501423d4
2026-04-20T09:49:19.178Z - SOCKET_JOIN - Client cCgXRTaRHyLar4YIAAAJ -> vendors_pool
2026-04-20T09:49:19.178Z - SOCKET_JOIN - Client cCgXRTaRHyLar4YIAAAJ -> user_69e1dd2ae6131840501423d4
2026-04-20T10:53:47.233Z - SOCKET_JOIN - Client ZhrDYFzNVZiY0-wgAAAL -> vendors_pool
2026-04-20T10:53:47.236Z - SOCKET_JOIN - Client ZhrDYFzNVZiY0-wgAAAL -> user_69e601a81a1bb29d837aeb17
2026-04-20T11:03:16.403Z - SOCKET_JOIN - Client oRxI3uW2nfWtG1_3AAAR -> vendors_pool
2026-04-20T11:03:16.444Z - SOCKET_JOIN - Client oRxI3uW2nfWtG1_3AAAR -> user_69e601a81a1bb29d837aeb17
2026-04-20T11:03:16.446Z - SOCKET_JOIN - Client oRxI3uW2nfWtG1_3AAAR -> vendors_pool
2026-04-20T11:03:16.448Z - SOCKET_JOIN - Client oRxI3uW2nfWtG1_3AAAR -> user_69e601a81a1bb29d837aeb17
2026-04-20T11:11:13.161Z - SOCKET_JOIN - Client GE4i5nqDi8WCkQUyAAAJ -> vendors_pool
2026-04-20T11:11:13.247Z - SOCKET_JOIN - Client GE4i5nqDi8WCkQUyAAAJ -> user_69e601a81a1bb29d837aeb17
2026-04-20T11:11:13.295Z - SOCKET_JOIN - Client GE4i5nqDi8WCkQUyAAAJ -> vendors_pool
2026-04-20T11:11:13.365Z - SOCKET_JOIN - Client GE4i5nqDi8WCkQUyAAAJ -> user_69e601a81a1bb29d837aeb17
2026-04-20T16:24:42.929Z - SOCKET_JOIN - Client OxmYS7Q2AdMw2516AAAZ -> vendors_pool
2026-04-20T16:24:43.123Z - SOCKET_JOIN - Client OxmYS7Q2AdMw2516AAAZ -> user_69e1dd2ae6131840501423d4
2026-04-20T16:24:43.125Z - SOCKET_JOIN - Client OxmYS7Q2AdMw2516AAAZ -> vendors_pool
2026-04-20T16:24:43.131Z - SOCKET_JOIN - Client OxmYS7Q2AdMw2516AAAZ -> user_69e1dd2ae6131840501423d4
2026-04-21T06:58:56.108Z - Global broadcast sent for Order #EZ-2912
2026-04-21T06:58:56.231Z - Broadcasting to vendor room: user_69e601a81a1bb29d837aeb17
2026-04-22T06:48:03.732Z - 🚀 SERVER RESTARTED AT 2026-04-22T06:48:03.730Z ON PORT 5001
2026-04-22T06:51:25.638Z - 🚀 SERVER RESTARTED AT 2026-04-22T06:51:25.637Z ON PORT 5001
2026-04-22T06:52:30.556Z - 🚀 SERVER RESTARTED AT 2026-04-22T06:52:30.555Z ON PORT 5001
2026-04-22T08:50:51.075Z - 🚀 SERVER RESTARTED AT 2026-04-22T08:50:51.074Z ON PORT 5001
2026-04-22T09:10:30.249Z - 🚀 SERVER RESTARTED AT 2026-04-22T09:10:30.248Z ON PORT 5001
2026-04-22T09:15:15.818Z - SOCKET_JOIN - Client 7yn4TY0W5JmYwO7QAAAN -> user_69d3617833bbc2bff8ea4c07
2026-04-22T09:15:15.851Z - SOCKET_JOIN - Client 7yn4TY0W5JmYwO7QAAAN -> admins_pool
2026-04-22T09:15:15.853Z - SOCKET_JOIN - Client 7yn4TY0W5JmYwO7QAAAN -> user_69d3617833bbc2bff8ea4c07
2026-04-22T09:15:15.857Z - SOCKET_JOIN - Client 7yn4TY0W5JmYwO7QAAAN -> admins_pool
2026-04-22T09:50:07.141Z - SOCKET_JOIN - Client DWmWmAslbu9tmdGiAAAP -> user_69d3617833bbc2bff8ea4c07
2026-04-22T09:50:07.168Z - SOCKET_JOIN - Client DWmWmAslbu9tmdGiAAAP -> admins_pool
2026-04-22T09:50:07.169Z - SOCKET_JOIN - Client DWmWmAslbu9tmdGiAAAP -> user_69d3617833bbc2bff8ea4c07
2026-04-22T09:50:07.170Z - SOCKET_JOIN - Client DWmWmAslbu9tmdGiAAAP -> admins_pool
2026-04-22T09:53:43.786Z - SOCKET_JOIN - Client DWmWmAslbu9tmdGiAAAP -> user_69d3617833bbc2bff8ea4c07
2026-04-22T09:53:43.787Z - SOCKET_JOIN - Client DWmWmAslbu9tmdGiAAAP -> admins_pool
2026-04-22T10:05:12.891Z - SOCKET_JOIN - Client DWmWmAslbu9tmdGiAAAP -> user_69d3617833bbc2bff8ea4c07
2026-04-22T10:05:12.919Z - SOCKET_JOIN - Client DWmWmAslbu9tmdGiAAAP -> admins_pool
2026-04-22T10:05:12.920Z - SOCKET_JOIN - Client DWmWmAslbu9tmdGiAAAP -> user_69d3617833bbc2bff8ea4c07
2026-04-22T10:05:12.921Z - SOCKET_JOIN - Client DWmWmAslbu9tmdGiAAAP -> admins_pool
2026-04-22T10:08:16.942Z - SOCKET_JOIN - Client pYvuZVed0yKwvV8WAAAR -> user_69d3617833bbc2bff8ea4c07
2026-04-22T10:08:16.959Z - SOCKET_JOIN - Client pYvuZVed0yKwvV8WAAAR -> admins_pool
2026-04-22T10:08:16.965Z - SOCKET_JOIN - Client pYvuZVed0yKwvV8WAAAR -> user_69d3617833bbc2bff8ea4c07
2026-04-22T10:08:16.967Z - SOCKET_JOIN - Client pYvuZVed0yKwvV8WAAAR -> admins_pool
2026-04-22T10:16:00.579Z - SOCKET_JOIN - Client -M3NOUeW733Sv2GIAAAT -> user_69d3617833bbc2bff8ea4c07
2026-04-22T10:16:00.587Z - SOCKET_JOIN - Client -M3NOUeW733Sv2GIAAAT -> admins_pool
2026-04-22T10:16:00.589Z - SOCKET_JOIN - Client -M3NOUeW733Sv2GIAAAT -> user_69d3617833bbc2bff8ea4c07
2026-04-22T10:16:00.590Z - SOCKET_JOIN - Client -M3NOUeW733Sv2GIAAAT -> admins_pool
2026-04-22T10:17:47.732Z - SOCKET_JOIN - Client 7_o4xmE1UyO8QlcpAAAV -> user_69d3617833bbc2bff8ea4c07
2026-04-22T10:17:47.742Z - SOCKET_JOIN - Client 7_o4xmE1UyO8QlcpAAAV -> admins_pool
2026-04-22T10:17:47.743Z - SOCKET_JOIN - Client 7_o4xmE1UyO8QlcpAAAV -> user_69d3617833bbc2bff8ea4c07
2026-04-22T10:17:47.744Z - SOCKET_JOIN - Client 7_o4xmE1UyO8QlcpAAAV -> admins_pool
2026-04-22T10:32:55.491Z - SOCKET_JOIN - Client UtA9gv3e0GnBuXBOAAAZ -> user_69d3617833bbc2bff8ea4c07
2026-04-22T10:32:55.499Z - SOCKET_JOIN - Client UtA9gv3e0GnBuXBOAAAZ -> admins_pool
2026-04-22T10:32:55.500Z - SOCKET_JOIN - Client UtA9gv3e0GnBuXBOAAAZ -> user_69d3617833bbc2bff8ea4c07
2026-04-22T10:32:55.501Z - SOCKET_JOIN - Client UtA9gv3e0GnBuXBOAAAZ -> admins_pool
2026-04-22T10:36:17.189Z - 🚀 SERVER RESTARTED AT 2026-04-22T10:36:17.188Z ON PORT 5001
2026-04-22T10:43:59.341Z - 🚀 SERVER RESTARTED AT 2026-04-22T10:43:59.340Z ON PORT 5001
2026-04-22T11:09:25.543Z - 🚀 SERVER RESTARTED AT 2026-04-22T11:09:25.542Z ON PORT 5001
2026-04-22T11:17:23.994Z - SOCKET_JOIN - Client 7_CZmrDYxPgNd3TcAAAP -> user_69d3617833bbc2bff8ea4c07
2026-04-22T11:17:24.005Z - SOCKET_JOIN - Client 7_CZmrDYxPgNd3TcAAAP -> admins_pool
2026-04-22T11:17:24.005Z - SOCKET_JOIN - Client 7_CZmrDYxPgNd3TcAAAP -> user_69d3617833bbc2bff8ea4c07
2026-04-22T11:17:24.006Z - SOCKET_JOIN - Client 7_CZmrDYxPgNd3TcAAAP -> admins_pool
2026-04-22T11:17:32.749Z - SOCKET_JOIN - Client 8jXIRpR8eadHdCE2AAAO -> vendors_pool
2026-04-22T11:17:32.776Z - SOCKET_JOIN - Client 8jXIRpR8eadHdCE2AAAO -> user_69e60f272c76f5ab4ec7389f
2026-04-22T11:17:32.776Z - SOCKET_JOIN - Client 8jXIRpR8eadHdCE2AAAO -> vendors_pool
2026-04-22T11:17:32.777Z - SOCKET_JOIN - Client 8jXIRpR8eadHdCE2AAAO -> user_69e60f272c76f5ab4ec7389f
2026-04-22T11:18:31.857Z - 🚀 SERVER RESTARTED AT 2026-04-22T11:18:31.856Z ON PORT 5001
2026-04-22T11:18:43.340Z - SOCKET_JOIN - Client xry0OeFkhIFKjyB4AAAH -> vendors_pool
2026-04-22T11:18:43.359Z - SOCKET_JOIN - Client xry0OeFkhIFKjyB4AAAH -> user_69e60f272c76f5ab4ec7389f
2026-04-22T11:18:43.360Z - SOCKET_JOIN - Client xry0OeFkhIFKjyB4AAAH -> vendors_pool
2026-04-22T11:18:43.361Z - SOCKET_JOIN - Client xry0OeFkhIFKjyB4AAAH -> user_69e60f272c76f5ab4ec7389f
2026-04-22T11:24:49.131Z - SOCKET_JOIN - Client xry0OeFkhIFKjyB4AAAH -> vendors_pool
2026-04-22T11:24:49.148Z - SOCKET_JOIN - Client xry0OeFkhIFKjyB4AAAH -> user_69e60f272c76f5ab4ec7389f
2026-04-22T11:24:49.149Z - SOCKET_JOIN - Client xry0OeFkhIFKjyB4AAAH -> vendors_pool
2026-04-22T11:24:49.150Z - SOCKET_JOIN - Client xry0OeFkhIFKjyB4AAAH -> user_69e60f272c76f5ab4ec7389f
2026-04-22T11:45:14.918Z - 🚀 SERVER RESTARTED AT 2026-04-22T11:45:14.913Z ON PORT 5001
2026-04-22T11:50:32.183Z - 🚀 SERVER RESTARTED AT 2026-04-22T11:50:32.180Z ON PORT 5001
2026-04-22T11:58:30.922Z - 🚀 SERVER RESTARTED AT 2026-04-22T11:58:30.919Z ON PORT 5001
2026-04-22T12:05:11.517Z - 🚀 SERVER RESTARTED AT 2026-04-22T12:05:11.514Z ON PORT 5001
2026-04-22T12:15:41.616Z - 🚀 SERVER RESTARTED AT 2026-04-22T12:15:41.610Z ON PORT 5001
2026-04-22T12:19:46.211Z - SOCKET_JOIN - Client wvpsgi1xFfCDnMm-AAAa -> user_69d3617833bbc2bff8ea4c07
2026-04-22T12:19:46.400Z - SOCKET_JOIN - Client wvpsgi1xFfCDnMm-AAAa -> admins_pool
2026-04-22T12:19:46.408Z - SOCKET_JOIN - Client wvpsgi1xFfCDnMm-AAAa -> user_69d3617833bbc2bff8ea4c07
2026-04-22T12:19:46.410Z - SOCKET_JOIN - Client wvpsgi1xFfCDnMm-AAAa -> admins_pool
2026-04-22T12:19:49.765Z - SOCKET_JOIN - Client msIsDH4RU7jcWJnNAAAh -> vendors_pool
2026-04-22T12:19:49.894Z - SOCKET_JOIN - Client msIsDH4RU7jcWJnNAAAh -> user_69e60f272c76f5ab4ec7389f
2026-04-22T12:19:49.896Z - SOCKET_JOIN - Client msIsDH4RU7jcWJnNAAAh -> vendors_pool
2026-04-22T12:19:49.897Z - SOCKET_JOIN - Client msIsDH4RU7jcWJnNAAAh -> user_69e60f272c76f5ab4ec7389f
2026-04-23T04:48:52.147Z - 🚀 SERVER RESTARTED AT 2026-04-23T04:48:52.146Z ON PORT 5001
2026-04-23T04:54:11.044Z - SOCKET_JOIN - Client 6Cq1fRpWtXkPpPZWAAAB -> user_69d3617833bbc2bff8ea4c07
2026-04-23T04:54:11.059Z - SOCKET_JOIN - Client 6Cq1fRpWtXkPpPZWAAAB -> admins_pool
2026-04-23T04:54:11.060Z - SOCKET_JOIN - Client 6Cq1fRpWtXkPpPZWAAAB -> user_69d3617833bbc2bff8ea4c07
2026-04-23T04:54:11.060Z - SOCKET_JOIN - Client 6Cq1fRpWtXkPpPZWAAAB -> admins_pool
2026-04-23T04:56:33.479Z - SOCKET_JOIN - Client -3biL7TzyBjlgL_iAAAD -> user_69d3617833bbc2bff8ea4c07
2026-04-23T04:56:33.491Z - SOCKET_JOIN - Client -3biL7TzyBjlgL_iAAAD -> admins_pool
2026-04-23T04:56:33.494Z - SOCKET_JOIN - Client -3biL7TzyBjlgL_iAAAD -> user_69d3617833bbc2bff8ea4c07
2026-04-23T04:56:33.495Z - SOCKET_JOIN - Client -3biL7TzyBjlgL_iAAAD -> admins_pool
2026-04-23T04:56:41.992Z - SOCKET_JOIN - Client 9gZMQt0B5deYksOzAAAF -> user_69d3617833bbc2bff8ea4c07
2026-04-23T04:56:42.004Z - SOCKET_JOIN - Client 9gZMQt0B5deYksOzAAAF -> admins_pool
2026-04-23T04:56:42.006Z - SOCKET_JOIN - Client 9gZMQt0B5deYksOzAAAF -> user_69d3617833bbc2bff8ea4c07
2026-04-23T04:56:42.007Z - SOCKET_JOIN - Client 9gZMQt0B5deYksOzAAAF -> admins_pool
2026-04-23T05:04:51.495Z - 🚀 SERVER RESTARTED AT 2026-04-23T05:04:51.494Z ON PORT 5001
2026-04-23T05:06:33.965Z - SOCKET_JOIN - Client K510zSZlop1jeGy-AAAD -> user_69d3617833bbc2bff8ea4c07
2026-04-23T05:06:33.998Z - SOCKET_JOIN - Client K510zSZlop1jeGy-AAAD -> admins_pool
2026-04-23T05:06:33.999Z - SOCKET_JOIN - Client K510zSZlop1jeGy-AAAD -> user_69d3617833bbc2bff8ea4c07
2026-04-23T05:06:34.000Z - SOCKET_JOIN - Client K510zSZlop1jeGy-AAAD -> admins_pool
2026-04-23T05:10:29.872Z - SOCKET_JOIN - Client oZZeRV4TYapxbrhTAAAF -> user_69d3617833bbc2bff8ea4c07
2026-04-23T05:10:29.880Z - SOCKET_JOIN - Client oZZeRV4TYapxbrhTAAAF -> admins_pool
2026-04-23T05:10:29.884Z - SOCKET_JOIN - Client oZZeRV4TYapxbrhTAAAF -> user_69d3617833bbc2bff8ea4c07
2026-04-23T05:10:29.887Z - SOCKET_JOIN - Client oZZeRV4TYapxbrhTAAAF -> admins_pool
2026-04-23T05:11:02.075Z - SOCKET_JOIN - Client y1fdPem6J--470c-AAAH -> user_69d3617833bbc2bff8ea4c07
2026-04-23T05:11:02.086Z - SOCKET_JOIN - Client y1fdPem6J--470c-AAAH -> admins_pool
2026-04-23T05:11:02.088Z - SOCKET_JOIN - Client y1fdPem6J--470c-AAAH -> user_69d3617833bbc2bff8ea4c07
2026-04-23T05:11:02.089Z - SOCKET_JOIN - Client y1fdPem6J--470c-AAAH -> admins_pool
2026-04-23T05:11:52.196Z - 🚀 SERVER RESTARTED AT 2026-04-23T05:11:52.195Z ON PORT 5001
2026-04-23T05:12:03.362Z - 🚀 SERVER RESTARTED AT 2026-04-23T05:12:03.361Z ON PORT 5001
2026-04-23T05:12:08.193Z - SOCKET_JOIN - Client krbMpUIPm1gZm26nAAAD -> user_69d3617833bbc2bff8ea4c07
2026-04-23T05:12:08.231Z - SOCKET_JOIN - Client krbMpUIPm1gZm26nAAAD -> admins_pool
2026-04-23T05:12:08.232Z - SOCKET_JOIN - Client krbMpUIPm1gZm26nAAAD -> user_69d3617833bbc2bff8ea4c07
2026-04-23T05:12:08.233Z - SOCKET_JOIN - Client krbMpUIPm1gZm26nAAAD -> admins_pool
2026-04-23T05:14:26.664Z - SOCKET_JOIN - Client H_p2TZSUIC4wc_6EAAAF -> vendors_pool
2026-04-23T05:14:26.678Z - SOCKET_JOIN - Client H_p2TZSUIC4wc_6EAAAF -> user_69e1dd2ae6131840501423d4
2026-04-23T05:14:26.679Z - SOCKET_JOIN - Client H_p2TZSUIC4wc_6EAAAF -> vendors_pool
2026-04-23T05:14:26.679Z - SOCKET_JOIN - Client H_p2TZSUIC4wc_6EAAAF -> user_69e1dd2ae6131840501423d4
2026-04-23T05:20:13.182Z - SOCKET_JOIN - Client H_p2TZSUIC4wc_6EAAAF -> vendors_pool
2026-04-23T05:20:13.183Z - SOCKET_JOIN - Client H_p2TZSUIC4wc_6EAAAF -> user_69e1dd2ae6131840501423d4
2026-04-23T05:20:13.184Z - SOCKET_JOIN - Client H_p2TZSUIC4wc_6EAAAF -> vendors_pool
2026-04-23T05:20:13.184Z - SOCKET_JOIN - Client H_p2TZSUIC4wc_6EAAAF -> user_69e1dd2ae6131840501423d4
2026-04-23T05:20:49.530Z - SOCKET_JOIN - Client H_p2TZSUIC4wc_6EAAAF -> vendors_pool
2026-04-23T05:20:49.532Z - SOCKET_JOIN - Client H_p2TZSUIC4wc_6EAAAF -> user_69e1dd2ae6131840501423d4
2026-04-23T05:20:49.533Z - SOCKET_JOIN - Client H_p2TZSUIC4wc_6EAAAF -> vendors_pool
2026-04-23T05:20:49.534Z - SOCKET_JOIN - Client H_p2TZSUIC4wc_6EAAAF -> user_69e1dd2ae6131840501423d4
2026-04-23T05:41:23.817Z - 🚀 SERVER RESTARTED AT 2026-04-23T05:41:23.816Z ON PORT 5001
2026-04-23T05:42:10.192Z - SOCKET_JOIN - Client 65fJxRgKR_KVJE-1AAAH -> user_69d3617833bbc2bff8ea4c07
2026-04-23T05:42:10.196Z - SOCKET_JOIN - Client 65fJxRgKR_KVJE-1AAAH -> admins_pool
2026-04-23T05:42:10.198Z - SOCKET_JOIN - Client 65fJxRgKR_KVJE-1AAAH -> user_69d3617833bbc2bff8ea4c07
2026-04-23T05:42:10.198Z - SOCKET_JOIN - Client 65fJxRgKR_KVJE-1AAAH -> admins_pool
2026-04-23T05:55:14.354Z - 🚀 SERVER RESTARTED AT 2026-04-23T05:55:14.352Z ON PORT 5001
2026-04-23T06:16:38.393Z - SOCKET_JOIN - Client CfJ4xGTdm_1MUeoWAAAJ -> vendors_pool
2026-04-23T06:16:38.409Z - SOCKET_JOIN - Client CfJ4xGTdm_1MUeoWAAAJ -> user_69e60f272c76f5ab4ec7389f
2026-04-23T06:16:38.412Z - SOCKET_JOIN - Client CfJ4xGTdm_1MUeoWAAAJ -> vendors_pool
2026-04-23T06:16:38.413Z - SOCKET_JOIN - Client CfJ4xGTdm_1MUeoWAAAJ -> user_69e60f272c76f5ab4ec7389f
2026-04-23T06:17:46.474Z - Global broadcast sent for Order #EZ-6872
2026-04-23T06:17:46.610Z - Broadcasting to vendor room: user_69dc8e783386c4d76f1d057b
2026-04-23T06:17:46.612Z - Broadcasting to vendor room: user_69e0f63491a1f019d22b298d
2026-04-23T06:17:46.613Z - Broadcasting to vendor room: user_69e0f69491a1f019d22b2997
2026-04-23T06:17:46.615Z - Broadcasting to vendor room: user_69e1db9fe6131840501423ca
2026-04-23T06:17:46.616Z - Broadcasting to vendor room: user_69e60f272c76f5ab4ec738a0
2026-04-23T06:18:08.643Z - --- Matching for 0, 0 (Found 1 active riders) ---
2026-04-23T06:18:08.645Z - Rider: Marcus V., Pos: 23.2696,77.3882, Dist: 8720.899km
2026-04-23T06:22:02.545Z - 🚀 SERVER RESTARTED AT 2026-04-23T06:22:02.543Z ON PORT 5001
2026-04-23T06:22:20.400Z - Global broadcast sent for Order #EZ-5399
2026-04-23T06:22:20.536Z - Broadcasting to vendor room: user_69dc8e783386c4d76f1d057b
2026-04-23T06:22:20.538Z - Broadcasting to vendor room: user_69e0f63491a1f019d22b298d
2026-04-23T06:22:20.539Z - Broadcasting to vendor room: user_69e0f69491a1f019d22b2997
2026-04-23T06:22:20.541Z - Broadcasting to vendor room: user_69e1db9fe6131840501423ca
2026-04-23T06:22:20.543Z - Broadcasting to vendor room: user_69e60f272c76f5ab4ec738a0
2026-04-23T06:22:31.736Z - SOCKET_JOIN - Client MhAtItKnF6m9gkbsAAAJ -> vendors_pool
2026-04-23T06:22:31.863Z - SOCKET_JOIN - Client MhAtItKnF6m9gkbsAAAJ -> user_69e60f272c76f5ab4ec7389f
2026-04-23T06:22:31.866Z - SOCKET_JOIN - Client MhAtItKnF6m9gkbsAAAJ -> vendors_pool
2026-04-23T06:22:31.872Z - SOCKET_JOIN - Client MhAtItKnF6m9gkbsAAAJ -> user_69e60f272c76f5ab4ec7389f
2026-04-23T06:22:44.754Z - Global broadcast sent for Order #EZ-9094
2026-04-23T06:22:45.201Z - Broadcasting to vendor room: user_69dc8e783386c4d76f1d057b
2026-04-23T06:22:45.203Z - Broadcasting to vendor room: user_69e0f63491a1f019d22b298d
2026-04-23T06:22:45.205Z - Broadcasting to vendor room: user_69e0f69491a1f019d22b2997
2026-04-23T06:22:45.206Z - Broadcasting to vendor room: user_69e1db9fe6131840501423ca
2026-04-23T06:22:45.207Z - Broadcasting to vendor room: user_69e60f272c76f5ab4ec738a0
2026-04-23T06:23:29.380Z - SOCKET_JOIN - Client 2aeymLC7PLnRvSKzAAAL -> user_69d3617833bbc2bff8ea4c07
2026-04-23T06:23:29.407Z - SOCKET_JOIN - Client 2aeymLC7PLnRvSKzAAAL -> admins_pool
2026-04-23T06:23:29.411Z - SOCKET_JOIN - Client 2aeymLC7PLnRvSKzAAAL -> user_69d3617833bbc2bff8ea4c07
2026-04-23T06:23:29.415Z - SOCKET_JOIN - Client 2aeymLC7PLnRvSKzAAAL -> admins_pool
2026-04-23T06:30:10.231Z - 🚀 SERVER RESTARTED AT 2026-04-23T06:30:10.228Z ON PORT 5001
2026-04-23T06:30:35.176Z - Global broadcast sent for Order #EZ-8555
2026-04-23T06:30:35.292Z - Broadcasting to vendor room: user_69dc8e783386c4d76f1d057b
2026-04-23T06:30:35.294Z - Broadcasting to vendor room: user_69e0f63491a1f019d22b298d
2026-04-23T06:30:35.296Z - Broadcasting to vendor room: user_69e0f69491a1f019d22b2997
2026-04-23T06:30:35.297Z - Broadcasting to vendor room: user_69e1db9fe6131840501423ca
2026-04-23T06:30:35.298Z - Broadcasting to vendor room: user_69e60f272c76f5ab4ec738a0
2026-04-23T06:30:43.447Z - SOCKET_JOIN - Client mkTJCCoFTlZAOwIDAAAH -> vendors_pool
2026-04-23T06:30:43.564Z - SOCKET_JOIN - Client mkTJCCoFTlZAOwIDAAAH -> user_69e60f272c76f5ab4ec7389f
2026-04-23T06:30:43.566Z - SOCKET_JOIN - Client mkTJCCoFTlZAOwIDAAAH -> vendors_pool
2026-04-23T06:30:43.567Z - SOCKET_JOIN - Client mkTJCCoFTlZAOwIDAAAH -> user_69e60f272c76f5ab4ec7389f
2026-04-23T06:33:54.039Z - SOCKET_JOIN - Client J8UDPs8EmYFeXB5PAAAL -> vendors_pool
2026-04-23T06:33:54.120Z - SOCKET_JOIN - Client J8UDPs8EmYFeXB5PAAAL -> user_69e60f272c76f5ab4ec7389f
2026-04-23T06:33:54.122Z - SOCKET_JOIN - Client J8UDPs8EmYFeXB5PAAAL -> vendors_pool
2026-04-23T06:33:54.123Z - SOCKET_JOIN - Client J8UDPs8EmYFeXB5PAAAL -> user_69e60f272c76f5ab4ec7389f
2026-04-23T06:36:02.632Z - SOCKET_JOIN - Client bMZTDOllSQW7f3c5AAAN -> vendors_pool
2026-04-23T06:36:02.724Z - SOCKET_JOIN - Client bMZTDOllSQW7f3c5AAAN -> user_69e60f272c76f5ab4ec7389f
2026-04-23T06:36:02.727Z - SOCKET_JOIN - Client bMZTDOllSQW7f3c5AAAN -> vendors_pool
2026-04-23T06:36:02.729Z - SOCKET_JOIN - Client bMZTDOllSQW7f3c5AAAN -> user_69e60f272c76f5ab4ec7389f
2026-04-23T06:37:50.770Z - SOCKET_JOIN - Client bMZTDOllSQW7f3c5AAAN -> vendors_pool
2026-04-23T06:37:50.867Z - SOCKET_JOIN - Client bMZTDOllSQW7f3c5AAAN -> user_69e60f272c76f5ab4ec7389f
2026-04-23T06:37:50.870Z - SOCKET_JOIN - Client bMZTDOllSQW7f3c5AAAN -> vendors_pool
2026-04-23T06:37:50.871Z - SOCKET_JOIN - Client bMZTDOllSQW7f3c5AAAN -> user_69e60f272c76f5ab4ec7389f
2026-04-23T06:38:54.525Z - SOCKET_JOIN - Client kugEPEtN28TRQH-2AAAP -> vendors_pool
2026-04-23T06:38:54.609Z - SOCKET_JOIN - Client kugEPEtN28TRQH-2AAAP -> user_69e60f272c76f5ab4ec7389f
2026-04-23T06:38:54.611Z - SOCKET_JOIN - Client kugEPEtN28TRQH-2AAAP -> vendors_pool
2026-04-23T06:38:54.615Z - SOCKET_JOIN - Client kugEPEtN28TRQH-2AAAP -> user_69e60f272c76f5ab4ec7389f
2026-04-23T06:39:10.209Z - Global broadcast sent for Order #EZ-5413
2026-04-23T06:39:10.307Z - Broadcasting to vendor room: user_69dc8e783386c4d76f1d057b
2026-04-23T06:39:10.309Z - Broadcasting to vendor room: user_69e0f63491a1f019d22b298d
2026-04-23T06:39:10.311Z - Broadcasting to vendor room: user_69e0f69491a1f019d22b2997
2026-04-23T06:39:10.313Z - Broadcasting to vendor room: user_69e1db9fe6131840501423ca
2026-04-23T06:39:10.315Z - Broadcasting to vendor room: user_69e60f272c76f5ab4ec738a0
2026-04-23T06:41:33.854Z - Global broadcast sent for Order #EZ-9635
2026-04-23T06:41:34.061Z - Broadcasting to vendor room: user_69dc8e783386c4d76f1d057b
2026-04-23T06:41:34.062Z - Broadcasting to vendor room: user_69e0f63491a1f019d22b298d
2026-04-23T06:41:34.063Z - Broadcasting to vendor room: user_69e0f69491a1f019d22b2997
2026-04-23T06:41:34.064Z - Broadcasting to vendor room: user_69e1db9fe6131840501423ca
2026-04-23T06:41:34.065Z - Broadcasting to vendor room: user_69e60f272c76f5ab4ec738a0
2026-04-23T06:41:43.702Z - SOCKET_JOIN - Client EddW5pR1J758c-PbAAAR -> vendors_pool
2026-04-23T06:41:43.781Z - SOCKET_JOIN - Client EddW5pR1J758c-PbAAAR -> user_69e60f272c76f5ab4ec7389f
2026-04-23T06:41:43.784Z - SOCKET_JOIN - Client EddW5pR1J758c-PbAAAR -> vendors_pool
2026-04-23T06:41:43.804Z - SOCKET_JOIN - Client EddW5pR1J758c-PbAAAR -> user_69e60f272c76f5ab4ec7389f
2026-04-23T06:41:54.553Z - Global broadcast sent for Order #EZ-1342
2026-04-23T06:41:54.663Z - Broadcasting to vendor room: user_69dc8e783386c4d76f1d057b
2026-04-23T06:41:54.665Z - Broadcasting to vendor room: user_69e0f63491a1f019d22b298d
2026-04-23T06:41:54.666Z - Broadcasting to vendor room: user_69e0f69491a1f019d22b2997
2026-04-23T06:41:54.667Z - Broadcasting to vendor room: user_69e1db9fe6131840501423ca
2026-04-23T06:41:54.668Z - Broadcasting to vendor room: user_69e60f272c76f5ab4ec738a0
2026-04-23T06:44:41.758Z - SOCKET_JOIN - Client EddW5pR1J758c-PbAAAR -> vendors_pool
2026-04-23T06:44:41.873Z - SOCKET_JOIN - Client EddW5pR1J758c-PbAAAR -> user_69e60f272c76f5ab4ec7389f
2026-04-23T06:44:41.874Z - SOCKET_JOIN - Client EddW5pR1J758c-PbAAAR -> vendors_pool
2026-04-23T06:44:41.875Z - SOCKET_JOIN - Client EddW5pR1J758c-PbAAAR -> user_69e60f272c76f5ab4ec7389f
2026-04-23T06:45:08.524Z - Global broadcast sent for Order #EZ-2577
2026-04-23T06:45:09.622Z - Broadcasting to vendor room: user_69dc8e783386c4d76f1d057b
2026-04-23T06:45:09.624Z - Broadcasting to vendor room: user_69e0f63491a1f019d22b298d
2026-04-23T06:45:09.626Z - Broadcasting to vendor room: user_69e0f69491a1f019d22b2997
2026-04-23T06:45:09.628Z - Broadcasting to vendor room: user_69e1db9fe6131840501423ca
2026-04-23T06:45:09.630Z - Broadcasting to vendor room: user_69e60f272c76f5ab4ec738a0
2026-04-23T06:45:10.727Z - Global broadcast sent for Order #EZ-1128
2026-04-23T06:45:11.298Z - Broadcasting to vendor room: user_69dc8e783386c4d76f1d057b
2026-04-23T06:45:11.300Z - Broadcasting to vendor room: user_69e0f63491a1f019d22b298d
2026-04-23T06:45:11.301Z - Broadcasting to vendor room: user_69e0f69491a1f019d22b2997
2026-04-23T06:45:11.302Z - Broadcasting to vendor room: user_69e1db9fe6131840501423ca
2026-04-23T06:45:11.303Z - Broadcasting to vendor room: user_69e60f272c76f5ab4ec738a0
2026-04-23T06:45:25.899Z - --- Matching for 0, 0 (Found 1 active riders) ---
2026-04-23T06:45:25.901Z - Rider: Marcus V., Pos: 23.2696,77.3882, Dist: 8720.899km
2026-04-23T06:45:41.253Z - Global broadcast sent for Order #EZ-1074
2026-04-23T06:45:41.352Z - Broadcasting to vendor room: user_69dc8e783386c4d76f1d057b
2026-04-23T06:45:41.354Z - Broadcasting to vendor room: user_69e0f63491a1f019d22b298d
2026-04-23T06:45:41.355Z - Broadcasting to vendor room: user_69e0f69491a1f019d22b2997
2026-04-23T06:45:41.357Z - Broadcasting to vendor room: user_69e1db9fe6131840501423ca
2026-04-23T06:45:41.358Z - Broadcasting to vendor room: user_69e60f272c76f5ab4ec738a0
2026-04-23T07:00:44.864Z - Global broadcast sent for Order #EZ-6776
2026-04-23T07:00:44.978Z - Broadcasting to vendor room: user_69e1dd2ae6131840501423d4
2026-04-23T07:00:44.981Z - Broadcasting to vendor room: user_69e20027bb91aadaa4af9b90
2026-04-23T07:00:44.983Z - Broadcasting to vendor room: user_69e21130a096f2d55cf7abba
2026-04-23T07:00:44.985Z - Broadcasting to vendor room: user_69e213ce7b667a004a9b679c
2026-04-23T07:00:44.987Z - Broadcasting to vendor room: user_69e2208dd4515c87a6cb6921
2026-04-23T07:08:55.140Z - SOCKET_JOIN - Client tvdRscIFM6YF8S3aAAAT -> vendors_pool
2026-04-23T07:08:55.142Z - SOCKET_JOIN - Client tvdRscIFM6YF8S3aAAAT -> user_69e9c577a5db074d8f820ebb
2026-04-23T07:08:55.145Z - SOCKET_JOIN - Client tvdRscIFM6YF8S3aAAAT -> vendors_pool
2026-04-23T07:08:55.147Z - SOCKET_JOIN - Client tvdRscIFM6YF8S3aAAAT -> user_69e9c577a5db074d8f820ebb
2026-04-23T07:10:38.965Z - SOCKET_JOIN - Client HTN8MnJTEHydD5wjAAAV -> user_69d3617833bbc2bff8ea4c07
2026-04-23T07:10:38.979Z - SOCKET_JOIN - Client HTN8MnJTEHydD5wjAAAV -> admins_pool
2026-04-23T07:10:38.984Z - SOCKET_JOIN - Client HTN8MnJTEHydD5wjAAAV -> user_69d3617833bbc2bff8ea4c07
2026-04-23T07:10:38.986Z - SOCKET_JOIN - Client HTN8MnJTEHydD5wjAAAV -> admins_pool
2026-04-23T07:13:15.234Z - SOCKET_JOIN - Client kVwN-Dq26LprIqeLAAAX -> vendors_pool
2026-04-23T07:13:15.266Z - SOCKET_JOIN - Client kVwN-Dq26LprIqeLAAAX -> user_69e60f272c76f5ab4ec7389f
2026-04-23T07:13:15.268Z - SOCKET_JOIN - Client kVwN-Dq26LprIqeLAAAX -> vendors_pool
2026-04-23T07:13:15.270Z - SOCKET_JOIN - Client kVwN-Dq26LprIqeLAAAX -> user_69e60f272c76f5ab4ec7389f
2026-04-23T07:14:52.320Z - SOCKET_JOIN - Client tvdRscIFM6YF8S3aAAAT -> vendors_pool
2026-04-23T07:14:52.335Z - SOCKET_JOIN - Client tvdRscIFM6YF8S3aAAAT -> user_69e9c577a5db074d8f820ebb
2026-04-23T07:14:52.337Z - SOCKET_JOIN - Client tvdRscIFM6YF8S3aAAAT -> vendors_pool
2026-04-23T07:14:52.341Z - SOCKET_JOIN - Client tvdRscIFM6YF8S3aAAAT -> user_69e9c577a5db074d8f820ebb
2026-04-23T07:15:11.358Z - SOCKET_JOIN - Client kVwN-Dq26LprIqeLAAAX -> vendors_pool
2026-04-23T07:15:11.414Z - SOCKET_JOIN - Client kVwN-Dq26LprIqeLAAAX -> user_69e60f272c76f5ab4ec7389d
2026-04-23T07:15:11.415Z - SOCKET_JOIN - Client kVwN-Dq26LprIqeLAAAX -> vendors_pool
2026-04-23T07:15:11.417Z - SOCKET_JOIN - Client kVwN-Dq26LprIqeLAAAX -> user_69e60f272c76f5ab4ec7389d
2026-04-23T07:15:31.664Z - SOCKET_JOIN - Client EddW5pR1J758c-PbAAAR -> vendors_pool
2026-04-23T07:15:31.782Z - SOCKET_JOIN - Client EddW5pR1J758c-PbAAAR -> user_69e60f272c76f5ab4ec7389d
2026-04-23T07:16:32.890Z - SOCKET_JOIN - Client EddW5pR1J758c-PbAAAR -> vendors_pool
2026-04-23T07:16:32.898Z - SOCKET_JOIN - Client EddW5pR1J758c-PbAAAR -> user_69e60f272c76f5ab4ec7389e
2026-04-23T07:30:37.086Z - SOCKET_JOIN - Client eEVzu9jTIrvAMXY2AAAZ -> user_69d3617833bbc2bff8ea4c07
2026-04-23T07:30:37.102Z - SOCKET_JOIN - Client eEVzu9jTIrvAMXY2AAAZ -> admins_pool
2026-04-23T07:30:37.110Z - SOCKET_JOIN - Client eEVzu9jTIrvAMXY2AAAZ -> user_69d3617833bbc2bff8ea4c07
2026-04-23T07:30:37.113Z - SOCKET_JOIN - Client eEVzu9jTIrvAMXY2AAAZ -> admins_pool
2026-04-23T07:38:15.045Z - SOCKET_JOIN - Client OAVgZbnU1295IefNAAAb -> vendors_pool
2026-04-23T07:38:15.150Z - SOCKET_JOIN - Client OAVgZbnU1295IefNAAAb -> user_69e9c577a5db074d8f820ebb
2026-04-23T07:38:15.156Z - SOCKET_JOIN - Client OAVgZbnU1295IefNAAAb -> vendors_pool
2026-04-23T07:38:15.193Z - SOCKET_JOIN - Client OAVgZbnU1295IefNAAAb -> user_69e9c577a5db074d8f820ebb
2026-04-23T07:40:19.286Z - 🚀 SERVER RESTARTED AT 2026-04-23T07:40:19.284Z ON PORT 5001
2026-04-23T07:40:27.936Z - SOCKET_JOIN - Client 8yj0hjG65N0cUYf-AAAJ -> vendors_pool
2026-04-23T07:40:27.994Z - SOCKET_JOIN - Client 8yj0hjG65N0cUYf-AAAJ -> user_69e9c577a5db074d8f820ebb
2026-04-23T07:40:27.996Z - SOCKET_JOIN - Client 8yj0hjG65N0cUYf-AAAJ -> vendors_pool
2026-04-23T07:40:27.999Z - SOCKET_JOIN - Client 8yj0hjG65N0cUYf-AAAJ -> user_69e9c577a5db074d8f820ebb
2026-04-23T07:47:14.659Z - SOCKET_JOIN - Client RS1d5oNlDYUADrn4AAAL -> user_69d3617833bbc2bff8ea4c07
2026-04-23T07:47:14.677Z - SOCKET_JOIN - Client RS1d5oNlDYUADrn4AAAL -> admins_pool
2026-04-23T07:47:14.679Z - SOCKET_JOIN - Client RS1d5oNlDYUADrn4AAAL -> user_69d3617833bbc2bff8ea4c07
2026-04-23T07:47:14.681Z - SOCKET_JOIN - Client RS1d5oNlDYUADrn4AAAL -> admins_pool
2026-04-23T07:56:46.536Z - SOCKET_JOIN - Client xcw1t7wK9xtFvfVQAAAN -> user_69d3617833bbc2bff8ea4c07
2026-04-23T07:56:46.549Z - SOCKET_JOIN - Client xcw1t7wK9xtFvfVQAAAN -> admins_pool
2026-04-23T07:56:46.553Z - SOCKET_JOIN - Client xcw1t7wK9xtFvfVQAAAN -> user_69d3617833bbc2bff8ea4c07
2026-04-23T07:56:46.554Z - SOCKET_JOIN - Client xcw1t7wK9xtFvfVQAAAN -> admins_pool
2026-04-23T07:57:18.800Z - SOCKET_JOIN - Client zHMy0uEaJ2VEvrpHAAAP -> user_69d3617833bbc2bff8ea4c07
2026-04-23T07:57:18.814Z - SOCKET_JOIN - Client zHMy0uEaJ2VEvrpHAAAP -> admins_pool
2026-04-23T07:57:18.817Z - SOCKET_JOIN - Client zHMy0uEaJ2VEvrpHAAAP -> user_69d3617833bbc2bff8ea4c07
2026-04-23T07:57:18.819Z - SOCKET_JOIN - Client zHMy0uEaJ2VEvrpHAAAP -> admins_pool
2026-04-23T08:17:21.514Z - SOCKET_JOIN - Client Mfjl08dU0Xf6sjsiAAAR -> vendors_pool
2026-04-23T08:17:21.558Z - SOCKET_JOIN - Client Mfjl08dU0Xf6sjsiAAAR -> user_69e9c577a5db074d8f820ebb
2026-04-23T08:17:21.560Z - SOCKET_JOIN - Client Mfjl08dU0Xf6sjsiAAAR -> vendors_pool
2026-04-23T08:17:21.563Z - SOCKET_JOIN - Client Mfjl08dU0Xf6sjsiAAAR -> user_69e9c577a5db074d8f820ebb
2026-04-23T08:17:47.789Z - SOCKET_JOIN - Client DhQEWXuGGpWLmnItAAAT -> user_69d3617833bbc2bff8ea4c07
2026-04-23T08:17:47.816Z - SOCKET_JOIN - Client DhQEWXuGGpWLmnItAAAT -> admins_pool
2026-04-23T08:17:47.819Z - SOCKET_JOIN - Client DhQEWXuGGpWLmnItAAAT -> user_69d3617833bbc2bff8ea4c07
2026-04-23T08:17:47.820Z - SOCKET_JOIN - Client DhQEWXuGGpWLmnItAAAT -> admins_pool
2026-04-23T08:18:06.553Z - SOCKET_JOIN - Client XomRIDHVrESFwSU_AAAV -> user_69d3617833bbc2bff8ea4c07
2026-04-23T08:18:06.565Z - SOCKET_JOIN - Client XomRIDHVrESFwSU_AAAV -> admins_pool
2026-04-23T08:18:06.567Z - SOCKET_JOIN - Client XomRIDHVrESFwSU_AAAV -> user_69d3617833bbc2bff8ea4c07
2026-04-23T08:18:06.569Z - SOCKET_JOIN - Client XomRIDHVrESFwSU_AAAV -> admins_pool
2026-04-23T08:21:02.274Z - SOCKET_JOIN - Client Mfjl08dU0Xf6sjsiAAAR -> vendors_pool
2026-04-23T08:21:02.277Z - SOCKET_JOIN - Client Mfjl08dU0Xf6sjsiAAAR -> user_69e9d660a908611968100d8c
2026-04-23T08:21:02.279Z - SOCKET_JOIN - Client Mfjl08dU0Xf6sjsiAAAR -> vendors_pool
2026-04-23T08:21:02.280Z - SOCKET_JOIN - Client Mfjl08dU0Xf6sjsiAAAR -> user_69e9d660a908611968100d8c
2026-04-23T08:31:27.907Z - SOCKET_JOIN - Client Pm3Ho-KtUOI54CE0AAAX -> user_69d3617833bbc2bff8ea4c07
2026-04-23T08:31:27.952Z - SOCKET_JOIN - Client Pm3Ho-KtUOI54CE0AAAX -> admins_pool
2026-04-23T08:31:27.953Z - SOCKET_JOIN - Client Pm3Ho-KtUOI54CE0AAAX -> user_69d3617833bbc2bff8ea4c07
2026-04-23T08:31:27.955Z - SOCKET_JOIN - Client Pm3Ho-KtUOI54CE0AAAX -> admins_pool
2026-04-23T08:46:07.884Z - 🚀 SERVER RESTARTED AT 2026-04-23T08:46:07.882Z ON PORT 5001
2026-04-23T08:46:15.737Z - SOCKET_JOIN - Client fO6wNyDKhC09TaPxAAAL -> user_69d3617833bbc2bff8ea4c07
2026-04-23T08:46:15.886Z - SOCKET_JOIN - Client fO6wNyDKhC09TaPxAAAL -> admins_pool
2026-04-23T08:46:15.890Z - SOCKET_JOIN - Client fO6wNyDKhC09TaPxAAAL -> user_69d3617833bbc2bff8ea4c07
2026-04-23T08:46:15.892Z - SOCKET_JOIN - Client fO6wNyDKhC09TaPxAAAL -> admins_pool
2026-04-23T08:50:20.628Z - SOCKET_JOIN - Client E2F_LW9U5oYopZcRAAAP -> vendors_pool
2026-04-23T08:50:20.656Z - SOCKET_JOIN - Client E2F_LW9U5oYopZcRAAAP -> user_69e9d660a908611968100d8c
2026-04-23T08:55:19.193Z - SOCKET_JOIN - Client s83D1Umk0acFQcXJAAAR -> vendors_pool
2026-04-23T08:55:19.209Z - SOCKET_JOIN - Client s83D1Umk0acFQcXJAAAR -> user_69e9d660a908611968100d8c
2026-04-23T08:55:19.210Z - SOCKET_JOIN - Client s83D1Umk0acFQcXJAAAR -> vendors_pool
2026-04-23T08:55:19.211Z - SOCKET_JOIN - Client s83D1Umk0acFQcXJAAAR -> user_69e9d660a908611968100d8c
2026-04-23T08:55:34.532Z - 🚀 SERVER RESTARTED AT 2026-04-23T08:55:34.530Z ON PORT 5001
2026-04-23T08:55:39.031Z - SOCKET_JOIN - Client cAtaQD8MtcRfE5pTAAAJ -> vendors_pool
2026-04-23T08:55:39.129Z - SOCKET_JOIN - Client cAtaQD8MtcRfE5pTAAAJ -> user_69e9d660a908611968100d8c
2026-04-23T08:55:39.130Z - SOCKET_JOIN - Client cAtaQD8MtcRfE5pTAAAJ -> vendors_pool
2026-04-23T08:55:39.130Z - SOCKET_JOIN - Client cAtaQD8MtcRfE5pTAAAJ -> user_69e9d660a908611968100d8c
2026-04-23T08:57:58.645Z - SOCKET_JOIN - Client Q02JdtsbW1lleRKdAAAL -> vendors_pool
2026-04-23T08:57:58.674Z - SOCKET_JOIN - Client Q02JdtsbW1lleRKdAAAL -> user_69e9d660a908611968100d8c
2026-04-23T08:57:58.675Z - SOCKET_JOIN - Client Q02JdtsbW1lleRKdAAAL -> vendors_pool
2026-04-23T08:57:58.675Z - SOCKET_JOIN - Client Q02JdtsbW1lleRKdAAAL -> user_69e9d660a908611968100d8c
2026-04-23T08:59:12.651Z - SOCKET_JOIN - Client OOLUinAK_S6SRPNQAAAN -> vendors_pool
2026-04-23T08:59:12.682Z - SOCKET_JOIN - Client OOLUinAK_S6SRPNQAAAN -> user_69e9d660a908611968100d8c
2026-04-23T08:59:12.684Z - SOCKET_JOIN - Client OOLUinAK_S6SRPNQAAAN -> vendors_pool
2026-04-23T08:59:12.684Z - SOCKET_JOIN - Client OOLUinAK_S6SRPNQAAAN -> user_69e9d660a908611968100d8c
2026-04-23T09:12:51.498Z - SOCKET_JOIN - Client NTWape7SJwSdtGalAAAP -> vendors_pool
2026-04-23T09:12:51.519Z - SOCKET_JOIN - Client NTWape7SJwSdtGalAAAP -> user_69e9d660a908611968100d8c
2026-04-23T09:12:51.523Z - SOCKET_JOIN - Client NTWape7SJwSdtGalAAAP -> vendors_pool
2026-04-23T09:12:51.526Z - SOCKET_JOIN - Client NTWape7SJwSdtGalAAAP -> user_69e9d660a908611968100d8c
2026-04-23T09:13:40.898Z - SOCKET_JOIN - Client a2XhCBnnYmWwJ1nQAAAR -> user_69d3617833bbc2bff8ea4c07
2026-04-23T09:13:40.907Z - SOCKET_JOIN - Client a2XhCBnnYmWwJ1nQAAAR -> admins_pool
2026-04-23T09:13:40.908Z - SOCKET_JOIN - Client a2XhCBnnYmWwJ1nQAAAR -> user_69d3617833bbc2bff8ea4c07
2026-04-23T09:13:40.909Z - SOCKET_JOIN - Client a2XhCBnnYmWwJ1nQAAAR -> admins_pool
2026-04-23T09:14:42.405Z - SOCKET_JOIN - Client 7liCkAS60pH_oTMIAAAT -> user_69d3617833bbc2bff8ea4c07
2026-04-23T09:14:42.409Z - SOCKET_JOIN - Client 7liCkAS60pH_oTMIAAAT -> admins_pool
2026-04-23T09:14:42.409Z - SOCKET_JOIN - Client 7liCkAS60pH_oTMIAAAT -> user_69d3617833bbc2bff8ea4c07
2026-04-23T09:14:42.410Z - SOCKET_JOIN - Client 7liCkAS60pH_oTMIAAAT -> admins_pool
2026-04-23T09:14:58.564Z - SOCKET_JOIN - Client z6bp-KrH6JbH0z8bAAAV -> user_69d3617833bbc2bff8ea4c07
2026-04-23T09:14:58.570Z - SOCKET_JOIN - Client z6bp-KrH6JbH0z8bAAAV -> admins_pool
2026-04-23T09:14:58.571Z - SOCKET_JOIN - Client z6bp-KrH6JbH0z8bAAAV -> user_69d3617833bbc2bff8ea4c07
2026-04-23T09:14:58.571Z - SOCKET_JOIN - Client z6bp-KrH6JbH0z8bAAAV -> admins_pool
2026-04-23T09:20:38.897Z - SOCKET_JOIN - Client OpS86kpuS90kk9eJAAAX -> vendors_pool
2026-04-23T09:20:38.934Z - SOCKET_JOIN - Client OpS86kpuS90kk9eJAAAX -> user_69e9d660a908611968100d8c
2026-04-23T09:20:38.942Z - SOCKET_JOIN - Client OpS86kpuS90kk9eJAAAX -> vendors_pool
2026-04-23T09:20:38.947Z - SOCKET_JOIN - Client OpS86kpuS90kk9eJAAAX -> user_69e9d660a908611968100d8c
2026-04-23T09:21:57.433Z - SOCKET_JOIN - Client nwr-6ekd6OOC1JZVAAAZ -> vendors_pool
2026-04-23T09:21:57.473Z - SOCKET_JOIN - Client nwr-6ekd6OOC1JZVAAAZ -> user_69e9d660a908611968100d8c
2026-04-23T09:21:57.474Z - SOCKET_JOIN - Client nwr-6ekd6OOC1JZVAAAZ -> vendors_pool
2026-04-23T09:21:57.476Z - SOCKET_JOIN - Client nwr-6ekd6OOC1JZVAAAZ -> user_69e9d660a908611968100d8c
2026-04-23T09:22:28.506Z - 🚀 SERVER RESTARTED AT 2026-04-23T09:22:28.503Z ON PORT 5001
2026-04-23T09:22:29.948Z - SOCKET_JOIN - Client sEo_LAsMEEOZj4sHAAAD -> vendors_pool
2026-04-23T09:22:30.182Z - SOCKET_JOIN - Client sEo_LAsMEEOZj4sHAAAD -> user_69e9d660a908611968100d8c
2026-04-23T09:22:30.198Z - SOCKET_JOIN - Client sEo_LAsMEEOZj4sHAAAD -> vendors_pool
2026-04-23T09:22:30.201Z - SOCKET_JOIN - Client sEo_LAsMEEOZj4sHAAAD -> user_69e9d660a908611968100d8c
2026-04-23T09:22:39.727Z - SOCKET_JOIN - Client VW3qxSEQ7_-VYrgFAAAJ -> user_69d3617833bbc2bff8ea4c07
2026-04-23T09:22:39.749Z - SOCKET_JOIN - Client VW3qxSEQ7_-VYrgFAAAJ -> admins_pool
2026-04-23T09:22:39.750Z - SOCKET_JOIN - Client VW3qxSEQ7_-VYrgFAAAJ -> user_69d3617833bbc2bff8ea4c07
2026-04-23T09:22:39.754Z - SOCKET_JOIN - Client VW3qxSEQ7_-VYrgFAAAJ -> admins_pool
2026-04-23T09:33:20.502Z - 🚀 SERVER RESTARTED AT 2026-04-23T09:33:20.500Z ON PORT 5001
2026-04-23T09:33:39.046Z - SOCKET_JOIN - Client oGysyYSew0ts8vhdAAAH -> vendors_pool
2026-04-23T09:33:39.082Z - SOCKET_JOIN - Client oGysyYSew0ts8vhdAAAH -> user_69e60f272c76f5ab4ec7389e
2026-04-23T10:18:39.327Z - SOCKET_JOIN - Client mgYw1SiYv-0QuzyWAAAV -> vendors_pool
2026-04-23T10:18:39.341Z - SOCKET_JOIN - Client mgYw1SiYv-0QuzyWAAAV -> user_69e9d660a908611968100d8c
2026-04-23T10:18:39.342Z - SOCKET_JOIN - Client mgYw1SiYv-0QuzyWAAAV -> vendors_pool
2026-04-23T10:18:39.344Z - SOCKET_JOIN - Client mgYw1SiYv-0QuzyWAAAV -> user_69e9d660a908611968100d8c
2026-04-23T10:18:56.370Z - SOCKET_JOIN - Client _UbK_Y0-QrujUPmEAAAX -> vendors_pool
2026-04-23T10:18:56.390Z - SOCKET_JOIN - Client _UbK_Y0-QrujUPmEAAAX -> user_69e9d660a908611968100d8c
2026-04-23T10:18:56.391Z - SOCKET_JOIN - Client _UbK_Y0-QrujUPmEAAAX -> vendors_pool
2026-04-23T10:18:56.392Z - SOCKET_JOIN - Client _UbK_Y0-QrujUPmEAAAX -> user_69e9d660a908611968100d8c
2026-04-23T10:19:09.161Z - SOCKET_JOIN - Client GCqF151mCwtBNxQ7AAAZ -> user_69d3617833bbc2bff8ea4c07
2026-04-23T10:19:09.170Z - SOCKET_JOIN - Client GCqF151mCwtBNxQ7AAAZ -> admins_pool
2026-04-23T10:19:09.173Z - SOCKET_JOIN - Client GCqF151mCwtBNxQ7AAAZ -> user_69d3617833bbc2bff8ea4c07
2026-04-23T10:19:09.178Z - SOCKET_JOIN - Client GCqF151mCwtBNxQ7AAAZ -> admins_pool
2026-04-23T10:23:11.875Z - SOCKET_JOIN - Client -lvIswfjSdgas3VSAAAb -> user_69d3617833bbc2bff8ea4c07
2026-04-23T10:23:11.882Z - SOCKET_JOIN - Client -lvIswfjSdgas3VSAAAb -> admins_pool
2026-04-23T10:23:11.885Z - SOCKET_JOIN - Client -lvIswfjSdgas3VSAAAb -> user_69d3617833bbc2bff8ea4c07
2026-04-23T10:23:11.887Z - SOCKET_JOIN - Client -lvIswfjSdgas3VSAAAb -> admins_pool
2026-04-23T10:23:21.901Z - SOCKET_JOIN - Client yIoVeGN8bJNVnZ5GAAAd -> vendors_pool
2026-04-23T10:23:21.918Z - SOCKET_JOIN - Client yIoVeGN8bJNVnZ5GAAAd -> user_69e9d660a908611968100d8c
2026-04-23T10:23:21.919Z - SOCKET_JOIN - Client yIoVeGN8bJNVnZ5GAAAd -> vendors_pool
2026-04-23T10:23:21.920Z - SOCKET_JOIN - Client yIoVeGN8bJNVnZ5GAAAd -> user_69e9d660a908611968100d8c
2026-04-23T10:33:35.182Z - 🚀 SERVER RESTARTED AT 2026-04-23T10:33:35.181Z ON PORT 5001
2026-04-23T10:34:26.227Z - SOCKET_JOIN - Client bi1DdgdaP1U-ETIIAAAJ -> user_69d3617833bbc2bff8ea4c07
2026-04-23T10:34:26.238Z - SOCKET_JOIN - Client bi1DdgdaP1U-ETIIAAAJ -> admins_pool
2026-04-23T10:34:26.239Z - SOCKET_JOIN - Client bi1DdgdaP1U-ETIIAAAJ -> user_69d3617833bbc2bff8ea4c07
2026-04-23T10:34:26.239Z - SOCKET_JOIN - Client bi1DdgdaP1U-ETIIAAAJ -> admins_pool
2026-04-23T10:34:33.002Z - SOCKET_JOIN - Client FfB-0RRJTPwFEtyKAAAL -> vendors_pool
2026-04-23T10:34:33.017Z - SOCKET_JOIN - Client FfB-0RRJTPwFEtyKAAAL -> user_69e9d660a908611968100d8c
2026-04-23T10:34:33.019Z - SOCKET_JOIN - Client FfB-0RRJTPwFEtyKAAAL -> vendors_pool
2026-04-23T10:34:33.020Z - SOCKET_JOIN - Client FfB-0RRJTPwFEtyKAAAL -> user_69e9d660a908611968100d8c
2026-04-23T10:37:12.019Z - SOCKET_JOIN - Client vIO6YEaVvnR98t5-AAAN -> vendors_pool
2026-04-23T10:37:12.034Z - SOCKET_JOIN - Client vIO6YEaVvnR98t5-AAAN -> user_69e9d660a908611968100d8c
2026-04-23T10:37:12.035Z - SOCKET_JOIN - Client vIO6YEaVvnR98t5-AAAN -> vendors_pool
2026-04-23T10:37:12.036Z - SOCKET_JOIN - Client vIO6YEaVvnR98t5-AAAN -> user_69e9d660a908611968100d8c
2026-04-23T11:02:38.605Z - Global broadcast sent for Order #EZ-7585
2026-04-23T11:02:38.742Z - Broadcasting to vendor room: user_69e1dd2ae6131840501423d4
2026-04-23T11:02:38.744Z - Broadcasting to vendor room: user_69e1fcfcdb62a48e3aae6cfe
2026-04-23T11:02:38.746Z - Broadcasting to vendor room: user_69e20027bb91aadaa4af9b90
2026-04-23T11:02:38.747Z - Broadcasting to vendor room: user_69e21130a096f2d55cf7abba
2026-04-23T11:02:38.747Z - Broadcasting to vendor room: user_69e213ce7b667a004a9b679c
2026-04-23T11:02:38.749Z - Broadcasting to vendor room: user_69e2208dd4515c87a6cb6921
2026-04-23T11:02:38.750Z - Broadcasting to vendor room: user_69e60f272c76f5ab4ec7389d
2026-04-23T11:02:58.107Z - --- Matching for 22.7002, 75.9078 (Found 1 active riders) ---
2026-04-23T11:02:58.108Z - Rider: Marcus V., Pos: 23.2696,77.3882, Dist: 164.237km
2026-04-23T11:14:30.451Z - 🚀 SERVER RESTARTED AT 2026-04-23T11:14:30.450Z ON PORT 5001
2026-04-23T11:15:45.653Z - SOCKET_JOIN - Client jaVjezuSH5eQzL5vAAAE -> vendors_pool
2026-04-23T11:15:45.688Z - SOCKET_JOIN - Client jaVjezuSH5eQzL5vAAAE -> user_69e9d660a908611968100d8c
2026-04-23T11:32:05.236Z - 🚀 SERVER RESTARTED AT 2026-04-23T11:32:05.235Z ON PORT 5001
2026-04-23T11:51:15.049Z - SOCKET_JOIN - Client 2Zs0rF0MO7WNrJrNAAAJ -> vendors_pool
2026-04-23T11:51:15.121Z - SOCKET_JOIN - Client 2Zs0rF0MO7WNrJrNAAAJ -> user_69e9d660a908611968100d8c
2026-04-23T11:51:15.123Z - SOCKET_JOIN - Client 2Zs0rF0MO7WNrJrNAAAJ -> vendors_pool
2026-04-23T11:51:15.125Z - SOCKET_JOIN - Client 2Zs0rF0MO7WNrJrNAAAJ -> user_69e9d660a908611968100d8c
2026-04-23T13:38:09.154Z - SOCKET_JOIN - Client pPxxr-pb4b5kdhXPAAAN -> vendors_pool
2026-04-23T13:38:09.165Z - SOCKET_JOIN - Client pPxxr-pb4b5kdhXPAAAN -> user_69e9d660a908611968100d8c
2026-04-23T13:38:09.169Z - SOCKET_JOIN - Client pPxxr-pb4b5kdhXPAAAN -> vendors_pool
2026-04-23T13:38:09.172Z - SOCKET_JOIN - Client pPxxr-pb4b5kdhXPAAAN -> user_69e9d660a908611968100d8c
2026-04-23T13:38:18.789Z - SOCKET_JOIN - Client P33LwvaBGcbUqgZYAAAW -> user_69d3617833bbc2bff8ea4c07
2026-04-23T13:38:18.810Z - SOCKET_JOIN - Client P33LwvaBGcbUqgZYAAAW -> admins_pool
2026-04-23T13:38:18.821Z - SOCKET_JOIN - Client P33LwvaBGcbUqgZYAAAW -> user_69d3617833bbc2bff8ea4c07
2026-04-23T13:38:18.825Z - SOCKET_JOIN - Client P33LwvaBGcbUqgZYAAAW -> admins_pool
2026-04-23T13:38:21.075Z - SOCKET_JOIN - Client _gfouLB_ieLN2aXjAAAZ -> vendors_pool
2026-04-23T13:38:21.371Z - SOCKET_JOIN - Client _gfouLB_ieLN2aXjAAAZ -> user_69e9d660a908611968100d8c
2026-04-23T13:38:21.373Z - SOCKET_JOIN - Client _gfouLB_ieLN2aXjAAAZ -> vendors_pool
2026-04-23T13:38:21.375Z - SOCKET_JOIN - Client _gfouLB_ieLN2aXjAAAZ -> user_69e9d660a908611968100d8c
2026-04-23T13:38:41.575Z - Global broadcast sent for Order #EZ-6383
2026-04-23T13:38:41.669Z - Broadcasting to vendor room: user_69e1dd2ae6131840501423d4
2026-04-23T13:38:41.672Z - Broadcasting to vendor room: user_69e1fcfcdb62a48e3aae6cfe
2026-04-23T13:38:41.674Z - Broadcasting to vendor room: user_69e20027bb91aadaa4af9b90
2026-04-23T13:38:41.676Z - Broadcasting to vendor room: user_69e21130a096f2d55cf7abba
2026-04-23T13:38:41.678Z - Broadcasting to vendor room: user_69e213ce7b667a004a9b679c
2026-04-23T13:38:41.680Z - Broadcasting to vendor room: user_69e2208dd4515c87a6cb6921
2026-04-23T13:38:41.681Z - Broadcasting to vendor room: user_69e60f272c76f5ab4ec7389d
2026-04-23T13:38:58.247Z - --- Matching for 22.7002, 75.9078 (Found 1 active riders) ---
2026-04-23T13:38:58.249Z - Rider: Marcus V., Pos: 23.2696,77.3882, Dist: 164.237km
2026-04-23T13:39:22.335Z - SOCKET_JOIN - Client wzkUBQ-Fm8htdmuxAAAX -> order_69ea20e10b7550887b6b8a2d
2026-04-23T13:39:22.347Z - SOCKET_JOIN - Client wzkUBQ-Fm8htdmuxAAAX -> order_69ea20e10b7550887b6b8a2d
2026-04-23T13:39:57.644Z - --- Matching for 28.6139, 77.209 (Found 1 active riders) ---
2026-04-23T13:39:57.645Z - Rider: Marcus V., Pos: 23.2696,77.3882, Dist: 594.529km
2026-04-23T13:40:56.827Z - SOCKET_JOIN - Client 5qDfnLYzcQ_HLc-IAAAb -> order_69ea20e10b7550887b6b8a2d
2026-04-23T13:40:56.913Z - SOCKET_JOIN - Client 5qDfnLYzcQ_HLc-IAAAb -> order_69ea20e10b7550887b6b8a2d
2026-04-23T14:15:00.823Z - SOCKET_JOIN - Client G1LxDT6RUXPFPE2QAAAl -> vendors_pool
2026-04-23T14:15:00.963Z - SOCKET_JOIN - Client G1LxDT6RUXPFPE2QAAAl -> user_69e9d660a908611968100d8c
2026-04-23T14:15:01.067Z - SOCKET_JOIN - Client G1LxDT6RUXPFPE2QAAAl -> vendors_pool
2026-04-23T14:15:01.107Z - SOCKET_JOIN - Client G1LxDT6RUXPFPE2QAAAl -> user_69e9d660a908611968100d8c
2026-04-23T14:15:03.440Z - SOCKET_JOIN - Client 9GMRzl_kXTLEDonKAAAn -> user_69d3617833bbc2bff8ea4c07
2026-04-23T14:15:03.445Z - SOCKET_JOIN - Client 9GMRzl_kXTLEDonKAAAn -> admins_pool
2026-04-23T14:15:03.449Z - SOCKET_JOIN - Client 9GMRzl_kXTLEDonKAAAn -> user_69d3617833bbc2bff8ea4c07
2026-04-23T14:15:03.451Z - SOCKET_JOIN - Client 9GMRzl_kXTLEDonKAAAn -> admins_pool
2026-04-23T14:15:05.561Z - SOCKET_JOIN - Client l8YZALz_TZg6_Ne7AAAr -> vendors_pool
2026-04-23T14:15:05.703Z - SOCKET_JOIN - Client l8YZALz_TZg6_Ne7AAAr -> user_69e9d660a908611968100d8c
2026-04-23T14:15:05.704Z - SOCKET_JOIN - Client l8YZALz_TZg6_Ne7AAAr -> vendors_pool
2026-04-23T14:15:05.706Z - SOCKET_JOIN - Client l8YZALz_TZg6_Ne7AAAr -> user_69e9d660a908611968100d8c
2026-04-23T14:18:43.054Z - SOCKET_JOIN - Client II-H-3u1z4R2Mg7VAAAt -> vendors_pool
2026-04-23T14:18:43.174Z - SOCKET_JOIN - Client II-H-3u1z4R2Mg7VAAAt -> user_69e9d660a908611968100d8c
2026-04-23T14:18:43.235Z - SOCKET_JOIN - Client II-H-3u1z4R2Mg7VAAAt -> vendors_pool
2026-04-23T14:18:43.266Z - SOCKET_JOIN - Client II-H-3u1z4R2Mg7VAAAt -> user_69e9d660a908611968100d8c
2026-04-23T14:20:13.426Z - SOCKET_JOIN - Client II-H-3u1z4R2Mg7VAAAt -> vendors_pool
2026-04-23T14:20:13.433Z - SOCKET_JOIN - Client II-H-3u1z4R2Mg7VAAAt -> user_69e9d660a908611968100d8c
2026-04-23T14:20:13.436Z - SOCKET_JOIN - Client II-H-3u1z4R2Mg7VAAAt -> vendors_pool
2026-04-23T14:20:13.445Z - SOCKET_JOIN - Client II-H-3u1z4R2Mg7VAAAt -> user_69e9d660a908611968100d8c
2026-04-23T14:23:01.094Z - SOCKET_JOIN - Client w6awJSFdtWY4lrJ1AAAv -> vendors_pool
2026-04-23T14:23:01.182Z - SOCKET_JOIN - Client w6awJSFdtWY4lrJ1AAAv -> user_69e60f272c76f5ab4ec7389f
2026-04-23T14:23:01.235Z - SOCKET_JOIN - Client w6awJSFdtWY4lrJ1AAAv -> vendors_pool
2026-04-23T14:23:01.275Z - SOCKET_JOIN - Client w6awJSFdtWY4lrJ1AAAv -> user_69e60f272c76f5ab4ec7389f
2026-04-23T14:23:02.537Z - SOCKET_JOIN - Client w6awJSFdtWY4lrJ1AAAv -> vendors_pool
2026-04-23T14:23:03.300Z - SOCKET_JOIN - Client w6awJSFdtWY4lrJ1AAAv -> user_69e60f272c76f5ab4ec7389f
2026-04-23T14:23:03.356Z - SOCKET_JOIN - Client w6awJSFdtWY4lrJ1AAAv -> vendors_pool
2026-04-23T14:23:03.426Z - SOCKET_JOIN - Client w6awJSFdtWY4lrJ1AAAv -> user_69e60f272c76f5ab4ec7389f
2026-04-24T04:29:27.472Z - SOCKET_JOIN - Client M5G9P9c0ehDsB1jHAAA9 -> vendors_pool
2026-04-24T04:29:27.557Z - SOCKET_JOIN - Client M5G9P9c0ehDsB1jHAAA9 -> user_69e60f272c76f5ab4ec7389f
2026-04-24T04:29:27.560Z - SOCKET_JOIN - Client M5G9P9c0ehDsB1jHAAA9 -> vendors_pool
2026-04-24T04:29:27.564Z - SOCKET_JOIN - Client M5G9P9c0ehDsB1jHAAA9 -> user_69e60f272c76f5ab4ec7389f
2026-04-24T04:47:10.153Z - 🚀 SERVER RESTARTED AT 2026-04-24T04:47:10.151Z ON PORT 5001
2026-04-24T04:47:17.844Z - SOCKET_JOIN - Client QWH_ihhXZj65UlGRAAAB -> vendors_pool
2026-04-24T04:47:17.884Z - SOCKET_JOIN - Client QWH_ihhXZj65UlGRAAAB -> user_69e60f272c76f5ab4ec7389f
2026-04-24T04:47:17.886Z - SOCKET_JOIN - Client QWH_ihhXZj65UlGRAAAB -> vendors_pool
2026-04-24T04:47:17.888Z - SOCKET_JOIN - Client QWH_ihhXZj65UlGRAAAB -> user_69e60f272c76f5ab4ec7389f
2026-04-24T04:47:38.124Z - 🚀 SERVER RESTARTED AT 2026-04-24T04:47:38.122Z ON PORT 5001
2026-04-24T05:12:06.417Z - SOCKET_JOIN - Client yvW_aRwMChJ1JamoAAAF -> vendors_pool
2026-04-24T05:12:06.473Z - SOCKET_JOIN - Client yvW_aRwMChJ1JamoAAAF -> user_69e60f272c76f5ab4ec7389f
2026-04-24T05:12:06.475Z - SOCKET_JOIN - Client yvW_aRwMChJ1JamoAAAF -> vendors_pool
2026-04-24T05:12:06.476Z - SOCKET_JOIN - Client yvW_aRwMChJ1JamoAAAF -> user_69e60f272c76f5ab4ec7389f
2026-04-24T05:17:47.946Z - 🚀 SERVER RESTARTED AT 2026-04-24T05:17:47.944Z ON PORT 5001
2026-04-24T05:19:12.486Z - 🚀 SERVER RESTARTED AT 2026-04-24T05:19:12.483Z ON PORT 5001
2026-04-24T05:23:38.772Z - 🚀 SERVER RESTARTED AT 2026-04-24T05:23:38.769Z ON PORT 5001
2026-04-24T07:10:21.332Z - Global broadcast sent for Order #EZ-9320
2026-04-24T07:22:16.586Z - SOCKET_JOIN - Client HXB-FiKhDiIXNltmAAAN -> vendors_pool
2026-04-24T07:22:16.600Z - SOCKET_JOIN - Client HXB-FiKhDiIXNltmAAAN -> user_69e60f272c76f5ab4ec7389f
2026-04-24T07:22:16.601Z - SOCKET_JOIN - Client HXB-FiKhDiIXNltmAAAN -> vendors_pool
2026-04-24T07:22:16.602Z - SOCKET_JOIN - Client HXB-FiKhDiIXNltmAAAN -> user_69e60f272c76f5ab4ec7389f
2026-04-24T07:31:35.775Z - SOCKET_JOIN - Client 8t3WCak7RdcLcACQAAAP -> vendors_pool
2026-04-24T07:31:35.792Z - SOCKET_JOIN - Client 8t3WCak7RdcLcACQAAAP -> user_69e60f272c76f5ab4ec7389f
2026-04-24T07:31:35.793Z - SOCKET_JOIN - Client 8t3WCak7RdcLcACQAAAP -> vendors_pool
2026-04-24T07:31:35.794Z - SOCKET_JOIN - Client 8t3WCak7RdcLcACQAAAP -> user_69e60f272c76f5ab4ec7389f
2026-04-24T07:48:14.133Z - SOCKET_JOIN - Client 8t3WCak7RdcLcACQAAAP -> vendors_pool
2026-04-24T07:48:14.147Z - SOCKET_JOIN - Client 8t3WCak7RdcLcACQAAAP -> user_69eafd0d2c76f5ab4ec7b5f1
2026-04-24T07:58:17.769Z - SOCKET_JOIN - Client 8t3WCak7RdcLcACQAAAP -> vendors_pool
2026-04-24T07:58:17.848Z - SOCKET_JOIN - Client 8t3WCak7RdcLcACQAAAP -> user_69eafd0d2c76f5ab4ec7b5f1
2026-04-24T07:58:17.849Z - SOCKET_JOIN - Client 8t3WCak7RdcLcACQAAAP -> vendors_pool
2026-04-24T07:58:17.849Z - SOCKET_JOIN - Client 8t3WCak7RdcLcACQAAAP -> user_69eafd0d2c76f5ab4ec7b5f1
2026-04-24T08:32:59.565Z - SOCKET_JOIN - Client 8t3WCak7RdcLcACQAAAP -> vendors_pool
2026-04-24T08:32:59.624Z - SOCKET_JOIN - Client 8t3WCak7RdcLcACQAAAP -> user_69eafd0d2c76f5ab4ec7b5f2
2026-04-24T08:33:24.190Z - SOCKET_JOIN - Client 8t3WCak7RdcLcACQAAAP -> vendors_pool
2026-04-24T08:33:24.260Z - SOCKET_JOIN - Client 8t3WCak7RdcLcACQAAAP -> user_69eafd0d2c76f5ab4ec7b5f2
2026-04-24T09:40:30.467Z - [DEBUG] Fetching orders for CustomerID: 69eafd0d2c76f5ab4ec7b5f0. Detecting phone...
2026-04-24T09:40:30.513Z - [DEBUG] Found phone: 9999999991 for account 69eafd0d2c76f5ab4ec7b5f0
2026-04-24T09:40:30.560Z - [DEBUG] Cross-account search for 9999999991. Found 1 linked IDs.
2026-04-24T09:40:30.613Z - [DEBUG] Orders found for 9999999991: 1
2026-04-24T09:40:30.624Z - [DEBUG] Fetching orders for CustomerID: 69eafd0d2c76f5ab4ec7b5f0. Detecting phone...
2026-04-24T09:40:30.666Z - [DEBUG] Found phone: 9999999991 for account 69eafd0d2c76f5ab4ec7b5f0
2026-04-24T09:40:30.720Z - [DEBUG] Cross-account search for 9999999991. Found 1 linked IDs.
2026-04-24T09:40:30.777Z - [DEBUG] Orders found for 9999999991: 1
2026-04-24T10:00:10.883Z - [DEBUG] Fetching orders for CustomerID: 69eafd0d2c76f5ab4ec7b5f0. Detecting phone...
2026-04-24T10:00:10.930Z - [DEBUG] Found phone: 9999999991 for account 69eafd0d2c76f5ab4ec7b5f0
2026-04-24T10:00:10.980Z - [DEBUG] Cross-account search for 9999999991. Found 1 linked IDs.
2026-04-24T10:00:11.038Z - [DEBUG] Orders found for 9999999991: 1
2026-04-24T10:00:11.070Z - [DEBUG] Fetching orders for CustomerID: 69eafd0d2c76f5ab4ec7b5f0. Detecting phone...
2026-04-24T10:00:11.136Z - [DEBUG] Found phone: 9999999991 for account 69eafd0d2c76f5ab4ec7b5f0
2026-04-24T10:00:11.191Z - [DEBUG] Cross-account search for 9999999991. Found 1 linked IDs.
2026-04-24T10:00:11.253Z - [DEBUG] Orders found for 9999999991: 1
2026-04-24T10:12:04.783Z - SOCKET_JOIN - Client TZpbEp4YliD_bFrxAAAT -> vendors_pool
2026-04-24T10:12:04.841Z - SOCKET_JOIN - Client TZpbEp4YliD_bFrxAAAT -> user_69eafd0d2c76f5ab4ec7b5f2
2026-04-24T10:12:04.843Z - SOCKET_JOIN - Client TZpbEp4YliD_bFrxAAAT -> vendors_pool
2026-04-24T10:12:04.844Z - SOCKET_JOIN - Client TZpbEp4YliD_bFrxAAAT -> user_69eafd0d2c76f5ab4ec7b5f2
2026-04-24T11:56:17.536Z - SOCKET_JOIN - Client nbtt7u0I80ttAHbjAAAb -> vendors_pool
2026-04-24T11:56:17.555Z - SOCKET_JOIN - Client nbtt7u0I80ttAHbjAAAb -> user_69eafd0d2c76f5ab4ec7b5f2
2026-04-24T11:56:17.557Z - SOCKET_JOIN - Client nbtt7u0I80ttAHbjAAAb -> vendors_pool
2026-04-24T11:56:17.557Z - SOCKET_JOIN - Client nbtt7u0I80ttAHbjAAAb -> user_69eafd0d2c76f5ab4ec7b5f2
2026-04-24T11:56:47.987Z - SOCKET_JOIN - Client nbtt7u0I80ttAHbjAAAb -> vendors_pool
2026-04-24T11:56:48.005Z - SOCKET_JOIN - Client nbtt7u0I80ttAHbjAAAb -> user_69eafd0d2c76f5ab4ec7b5f0
2026-04-24T11:57:17.474Z - SOCKET_JOIN - Client nbtt7u0I80ttAHbjAAAb -> vendors_pool
2026-04-24T11:57:17.497Z - SOCKET_JOIN - Client nbtt7u0I80ttAHbjAAAb -> user_69eafd0d2c76f5ab4ec7b5f0
2026-04-24T11:58:45.993Z - SOCKET_JOIN - Client ShUtXUx_CAz2M1zEAAAd -> vendors_pool
2026-04-24T11:58:46.003Z - SOCKET_JOIN - Client ShUtXUx_CAz2M1zEAAAd -> user_69eafd0d2c76f5ab4ec7b5f1
2026-04-24T11:58:46.004Z - SOCKET_JOIN - Client ShUtXUx_CAz2M1zEAAAd -> vendors_pool
2026-04-24T11:58:46.007Z - SOCKET_JOIN - Client ShUtXUx_CAz2M1zEAAAd -> user_69eafd0d2c76f5ab4ec7b5f1
2026-04-24T12:04:57.192Z - SOCKET_JOIN - Client beY6jRfEIj-8clE5AAAf -> vendors_pool
2026-04-24T12:04:57.232Z - SOCKET_JOIN - Client beY6jRfEIj-8clE5AAAf -> user_69eafd0d2c76f5ab4ec7b5f1
2026-04-24T12:04:57.233Z - SOCKET_JOIN - Client beY6jRfEIj-8clE5AAAf -> vendors_pool
2026-04-24T12:04:57.234Z - SOCKET_JOIN - Client beY6jRfEIj-8clE5AAAf -> user_69eafd0d2c76f5ab4ec7b5f1
2026-04-24T12:05:53.021Z - SOCKET_JOIN - Client freDXcvXggvp2eFCAAAh -> vendors_pool
2026-04-24T12:05:53.056Z - SOCKET_JOIN - Client freDXcvXggvp2eFCAAAh -> user_69eafd0d2c76f5ab4ec7b5f1
2026-04-24T12:05:53.057Z - SOCKET_JOIN - Client freDXcvXggvp2eFCAAAh -> vendors_pool
2026-04-24T12:05:53.057Z - SOCKET_JOIN - Client freDXcvXggvp2eFCAAAh -> user_69eafd0d2c76f5ab4ec7b5f1
2026-04-24T12:06:06.121Z - 🚀 SERVER RESTARTED AT 2026-04-24T12:06:06.120Z ON PORT 5001
2026-04-24T12:06:21.114Z - SOCKET_JOIN - Client yC-ULyPoHUZibQe2AAAD -> vendors_pool
2026-04-24T12:06:21.124Z - SOCKET_JOIN - Client yC-ULyPoHUZibQe2AAAD -> user_69eafd0d2c76f5ab4ec7b5f1
2026-04-24T12:06:21.124Z - SOCKET_JOIN - Client yC-ULyPoHUZibQe2AAAD -> vendors_pool
2026-04-24T12:06:21.125Z - SOCKET_JOIN - Client yC-ULyPoHUZibQe2AAAD -> user_69eafd0d2c76f5ab4ec7b5f1
2026-04-24T12:07:13.033Z - SOCKET_JOIN - Client 4ij4PbyStsVIgXicAAAF -> vendors_pool
2026-04-24T12:07:13.078Z - SOCKET_JOIN - Client 4ij4PbyStsVIgXicAAAF -> user_69eafd0d2c76f5ab4ec7b5f1
2026-04-24T12:07:13.079Z - SOCKET_JOIN - Client 4ij4PbyStsVIgXicAAAF -> vendors_pool
2026-04-24T12:07:13.080Z - SOCKET_JOIN - Client 4ij4PbyStsVIgXicAAAF -> user_69eafd0d2c76f5ab4ec7b5f1
2026-04-24T12:10:50.180Z - [DEBUG] Fetching orders for CustomerID: 69eafd0d2c76f5ab4ec7b5f0. Detecting phone...
2026-04-24T12:10:50.314Z - [DEBUG] Found phone: 9999999991 for account 69eafd0d2c76f5ab4ec7b5f0
2026-04-24T12:10:50.387Z - [DEBUG] Cross-account search for 9999999991. Found 1 linked IDs.
2026-04-24T12:10:50.474Z - [DEBUG] Orders found for 9999999991: 1
2026-04-24T12:10:50.479Z - [DEBUG] Fetching orders for CustomerID: 69eafd0d2c76f5ab4ec7b5f0. Detecting phone...
2026-04-24T12:10:50.554Z - [DEBUG] Found phone: 9999999991 for account 69eafd0d2c76f5ab4ec7b5f0
2026-04-24T12:10:50.645Z - [DEBUG] Cross-account search for 9999999991. Found 1 linked IDs.
2026-04-24T12:10:50.760Z - [DEBUG] Orders found for 9999999991: 1
2026-04-25T05:05:50.035Z - 🚀 SERVER RESTARTED AT 2026-04-25T05:05:50.034Z ON PORT 5001
2026-04-25T05:21:34.223Z - SOCKET_JOIN - Client uXb5d2HVGz1kVdKZAAAD -> vendors_pool
2026-04-25T05:21:34.232Z - SOCKET_JOIN - Client uXb5d2HVGz1kVdKZAAAD -> user_69eafd0d2c76f5ab4ec7b5f1
2026-04-25T05:21:34.233Z - SOCKET_JOIN - Client uXb5d2HVGz1kVdKZAAAD -> vendors_pool
2026-04-25T05:21:34.235Z - SOCKET_JOIN - Client uXb5d2HVGz1kVdKZAAAD -> user_69eafd0d2c76f5ab4ec7b5f1
2026-04-25T05:25:34.478Z - SOCKET_JOIN - Client uXb5d2HVGz1kVdKZAAAD -> vendors_pool
2026-04-25T05:25:34.480Z - SOCKET_JOIN - Client uXb5d2HVGz1kVdKZAAAD -> user_69eafd0d2c76f5ab4ec7b5f1
2026-04-25T05:25:34.481Z - SOCKET_JOIN - Client uXb5d2HVGz1kVdKZAAAD -> vendors_pool
2026-04-25T05:25:34.482Z - SOCKET_JOIN - Client uXb5d2HVGz1kVdKZAAAD -> user_69eafd0d2c76f5ab4ec7b5f1
2026-04-25T05:26:05.847Z - SOCKET_JOIN - Client uXb5d2HVGz1kVdKZAAAD -> vendors_pool
2026-04-25T05:26:05.863Z - SOCKET_JOIN - Client uXb5d2HVGz1kVdKZAAAD -> user_69eafd0d2c76f5ab4ec7b5f1
2026-04-25T05:26:05.864Z - SOCKET_JOIN - Client uXb5d2HVGz1kVdKZAAAD -> vendors_pool
2026-04-25T05:26:05.865Z - SOCKET_JOIN - Client uXb5d2HVGz1kVdKZAAAD -> user_69eafd0d2c76f5ab4ec7b5f1
2026-04-25T05:27:45.424Z - SOCKET_JOIN - Client uXb5d2HVGz1kVdKZAAAD -> vendors_pool
2026-04-25T05:27:45.427Z - SOCKET_JOIN - Client uXb5d2HVGz1kVdKZAAAD -> user_69eafd0d2c76f5ab4ec7b5f1
2026-04-25T05:27:45.428Z - SOCKET_JOIN - Client uXb5d2HVGz1kVdKZAAAD -> vendors_pool
2026-04-25T05:27:45.429Z - SOCKET_JOIN - Client uXb5d2HVGz1kVdKZAAAD -> user_69eafd0d2c76f5ab4ec7b5f1
2026-04-25T05:32:03.405Z - SOCKET_JOIN - Client uXb5d2HVGz1kVdKZAAAD -> vendors_pool
2026-04-25T05:32:03.407Z - SOCKET_JOIN - Client uXb5d2HVGz1kVdKZAAAD -> user_69eafd0d2c76f5ab4ec7b5f1
2026-04-25T05:32:03.408Z - SOCKET_JOIN - Client uXb5d2HVGz1kVdKZAAAD -> vendors_pool
2026-04-25T05:32:03.409Z - SOCKET_JOIN - Client uXb5d2HVGz1kVdKZAAAD -> user_69eafd0d2c76f5ab4ec7b5f1
2026-04-25T06:02:28.226Z - SOCKET_JOIN - Client cKmGrz9fbCyy1F_EAAAL -> vendors_pool
2026-04-25T06:02:28.240Z - SOCKET_JOIN - Client cKmGrz9fbCyy1F_EAAAL -> user_69eafd0d2c76f5ab4ec7b5f1
2026-04-25T06:02:28.240Z - SOCKET_JOIN - Client cKmGrz9fbCyy1F_EAAAL -> vendors_pool
2026-04-25T06:02:28.241Z - SOCKET_JOIN - Client cKmGrz9fbCyy1F_EAAAL -> user_69eafd0d2c76f5ab4ec7b5f1
2026-04-25T06:03:25.910Z - SOCKET_JOIN - Client F0juzpYl_-sbqcGRAAAN -> vendors_pool
2026-04-25T06:03:25.924Z - SOCKET_JOIN - Client F0juzpYl_-sbqcGRAAAN -> user_69eafd0d2c76f5ab4ec7b5f1
2026-04-25T06:03:25.925Z - SOCKET_JOIN - Client F0juzpYl_-sbqcGRAAAN -> vendors_pool
2026-04-25T06:03:25.926Z - SOCKET_JOIN - Client F0juzpYl_-sbqcGRAAAN -> user_69eafd0d2c76f5ab4ec7b5f1
2026-04-25T06:41:22.004Z - SOCKET_JOIN - Client g-se1HXAr9o3Un0UAAAT -> user_69eafd0d2c76f5ab4ec7b5f3
2026-04-25T06:41:22.013Z - SOCKET_JOIN - Client g-se1HXAr9o3Un0UAAAT -> admins_pool
2026-04-25T06:41:22.014Z - SOCKET_JOIN - Client g-se1HXAr9o3Un0UAAAT -> user_69eafd0d2c76f5ab4ec7b5f3
2026-04-25T06:41:22.014Z - SOCKET_JOIN - Client g-se1HXAr9o3Un0UAAAT -> admins_pool
2026-04-25T06:54:52.489Z - SOCKET_JOIN - Client g-se1HXAr9o3Un0UAAAT -> user_69eafd0d2c76f5ab4ec7b5f3
2026-04-25T06:54:52.495Z - SOCKET_JOIN - Client g-se1HXAr9o3Un0UAAAT -> admins_pool
2026-04-25T06:54:52.496Z - SOCKET_JOIN - Client g-se1HXAr9o3Un0UAAAT -> user_69eafd0d2c76f5ab4ec7b5f3
2026-04-25T06:54:52.496Z - SOCKET_JOIN - Client g-se1HXAr9o3Un0UAAAT -> admins_pool
2026-04-25T06:58:19.849Z - SOCKET_JOIN - Client hIy4-qWrhFwrXMn8AAAV -> user_69eafd0d2c76f5ab4ec7b5f3
2026-04-25T06:58:19.943Z - SOCKET_JOIN - Client hIy4-qWrhFwrXMn8AAAV -> admins_pool
2026-04-25T06:58:19.944Z - SOCKET_JOIN - Client hIy4-qWrhFwrXMn8AAAV -> user_69eafd0d2c76f5ab4ec7b5f3
2026-04-25T06:58:19.945Z - SOCKET_JOIN - Client hIy4-qWrhFwrXMn8AAAV -> admins_pool
2026-04-25T07:19:45.458Z - SOCKET_JOIN - Client hcII0Lwhbg781ataAAAX -> user_69eafd0d2c76f5ab4ec7b5f3
2026-04-25T07:19:45.503Z - SOCKET_JOIN - Client hcII0Lwhbg781ataAAAX -> admins_pool
2026-04-25T07:19:45.504Z - SOCKET_JOIN - Client hcII0Lwhbg781ataAAAX -> user_69eafd0d2c76f5ab4ec7b5f3
2026-04-25T07:19:45.514Z - SOCKET_JOIN - Client hcII0Lwhbg781ataAAAX -> admins_pool
2026-04-25T07:36:50.455Z - SOCKET_JOIN - Client hcII0Lwhbg781ataAAAX -> user_69eafd0d2c76f5ab4ec7b5f3
2026-04-25T07:36:50.458Z - SOCKET_JOIN - Client hcII0Lwhbg781ataAAAX -> admins_pool
2026-04-25T07:36:50.459Z - SOCKET_JOIN - Client hcII0Lwhbg781ataAAAX -> user_69eafd0d2c76f5ab4ec7b5f3
2026-04-25T07:36:50.459Z - SOCKET_JOIN - Client hcII0Lwhbg781ataAAAX -> admins_pool
2026-04-25T07:59:09.107Z - SOCKET_JOIN - Client hcII0Lwhbg781ataAAAX -> user_69eafd0d2c76f5ab4ec7b5f3
2026-04-25T07:59:09.111Z - SOCKET_JOIN - Client hcII0Lwhbg781ataAAAX -> admins_pool
2026-04-25T07:59:09.111Z - SOCKET_JOIN - Client hcII0Lwhbg781ataAAAX -> user_69eafd0d2c76f5ab4ec7b5f3
2026-04-25T07:59:09.113Z - SOCKET_JOIN - Client hcII0Lwhbg781ataAAAX -> admins_pool
2026-04-25T08:43:19.048Z - SOCKET_JOIN - Client Fqv2IrmDPU47RNwSAAAb -> user_69eafd0d2c76f5ab4ec7b5f3
2026-04-25T08:43:19.052Z - SOCKET_JOIN - Client Fqv2IrmDPU47RNwSAAAb -> admins_pool
2026-04-25T08:43:19.053Z - SOCKET_JOIN - Client Fqv2IrmDPU47RNwSAAAb -> user_69eafd0d2c76f5ab4ec7b5f3
2026-04-25T08:43:19.054Z - SOCKET_JOIN - Client Fqv2IrmDPU47RNwSAAAb -> admins_pool
2026-04-25T09:16:29.010Z - 🚀 SERVER RESTARTED AT 2026-04-25T09:16:29.009Z ON PORT 5001
2026-04-25T09:18:13.421Z - 🚀 SERVER RESTARTED AT 2026-04-25T09:18:13.420Z ON PORT 5001
2026-04-25T09:29:03.648Z - 🚀 SERVER RESTARTED AT 2026-04-25T09:29:03.647Z ON PORT 5001
2026-04-25T09:33:26.987Z - SOCKET_JOIN - Client hvnBrZ6g9v73usxlAAAH -> user_69eafd0d2c76f5ab4ec7b5f3
2026-04-25T09:33:27.003Z - SOCKET_JOIN - Client hvnBrZ6g9v73usxlAAAH -> admins_pool
2026-04-25T09:33:27.006Z - SOCKET_JOIN - Client hvnBrZ6g9v73usxlAAAH -> user_69eafd0d2c76f5ab4ec7b5f3
2026-04-25T09:33:27.010Z - SOCKET_JOIN - Client hvnBrZ6g9v73usxlAAAH -> admins_pool
2026-04-25T09:48:36.744Z - 🚀 SERVER RESTARTED AT 2026-04-25T09:48:36.743Z ON PORT 5001
2026-04-25T09:55:17.619Z - 🚀 SERVER RESTARTED AT 2026-04-25T09:55:17.618Z ON PORT 5001
2026-04-25T09:55:48.062Z - SOCKET_JOIN - Client JKuvmlONnUGGohLPAAAF -> user_69eafd0d2c76f5ab4ec7b5f3
2026-04-25T09:55:48.114Z - SOCKET_JOIN - Client JKuvmlONnUGGohLPAAAF -> admins_pool
2026-04-25T09:55:48.115Z - SOCKET_JOIN - Client JKuvmlONnUGGohLPAAAF -> user_69eafd0d2c76f5ab4ec7b5f3
2026-04-25T09:55:48.116Z - SOCKET_JOIN - Client JKuvmlONnUGGohLPAAAF -> admins_pool
2026-04-25T09:55:53.131Z - SOCKET_JOIN - Client 7g5yBVI7i_OSjc_5AAAH -> user_69eafd0d2c76f5ab4ec7b5f3
2026-04-25T09:55:53.141Z - SOCKET_JOIN - Client 7g5yBVI7i_OSjc_5AAAH -> admins_pool
2026-04-25T09:55:53.143Z - SOCKET_JOIN - Client 7g5yBVI7i_OSjc_5AAAH -> user_69eafd0d2c76f5ab4ec7b5f3
2026-04-25T09:55:53.144Z - SOCKET_JOIN - Client 7g5yBVI7i_OSjc_5AAAH -> admins_pool
2026-04-25T09:56:49.429Z - 🚀 SERVER RESTARTED AT 2026-04-25T09:56:49.428Z ON PORT 5001
2026-04-25T10:03:19.133Z - 🚀 SERVER RESTARTED AT 2026-04-25T10:03:19.132Z ON PORT 5001
2026-04-25T10:04:23.011Z - SOCKET_JOIN - Client 9Ag4SJXWT432lar6AAAF -> user_69eafd0d2c76f5ab4ec7b5f3
2026-04-25T10:04:23.127Z - SOCKET_JOIN - Client 9Ag4SJXWT432lar6AAAF -> admins_pool
2026-04-25T10:04:23.128Z - SOCKET_JOIN - Client 9Ag4SJXWT432lar6AAAF -> user_69eafd0d2c76f5ab4ec7b5f3
2026-04-25T10:04:23.129Z - SOCKET_JOIN - Client 9Ag4SJXWT432lar6AAAF -> admins_pool
2026-04-25T10:07:23.510Z - SOCKET_JOIN - Client AXLmeXWp1pmzVooJAAAH -> user_69eafd0d2c76f5ab4ec7b5f3
2026-04-25T10:07:23.564Z - SOCKET_JOIN - Client AXLmeXWp1pmzVooJAAAH -> admins_pool
2026-04-25T10:07:23.565Z - SOCKET_JOIN - Client AXLmeXWp1pmzVooJAAAH -> user_69eafd0d2c76f5ab4ec7b5f3
2026-04-25T10:07:23.565Z - SOCKET_JOIN - Client AXLmeXWp1pmzVooJAAAH -> admins_pool
2026-04-25T10:10:11.436Z - 🚀 SERVER RESTARTED AT 2026-04-25T10:10:11.435Z ON PORT 5001
2026-04-25T10:14:41.947Z - 🚀 SERVER RESTARTED AT 2026-04-25T10:14:41.946Z ON PORT 5001
2026-04-25T10:29:46.654Z - 🚀 SERVER RESTARTED AT 2026-04-25T10:29:46.653Z ON PORT 5001
2026-04-25T10:30:07.163Z - SOCKET_JOIN - Client BH6A9nuNRfp1ScP3AAAF -> user_69eafd0d2c76f5ab4ec7b5f3
2026-04-25T10:30:07.178Z - SOCKET_JOIN - Client BH6A9nuNRfp1ScP3AAAF -> admins_pool
2026-04-25T10:30:07.187Z - SOCKET_JOIN - Client BH6A9nuNRfp1ScP3AAAF -> user_69eafd0d2c76f5ab4ec7b5f3
2026-04-25T10:30:07.188Z - SOCKET_JOIN - Client BH6A9nuNRfp1ScP3AAAF -> admins_pool
2026-04-25T10:30:09.634Z - SOCKET_JOIN - Client fY4arTHvlM4B4PxrAAAH -> user_69eafd0d2c76f5ab4ec7b5f3
2026-04-25T10:30:09.640Z - SOCKET_JOIN - Client fY4arTHvlM4B4PxrAAAH -> admins_pool
2026-04-25T10:30:09.641Z - SOCKET_JOIN - Client fY4arTHvlM4B4PxrAAAH -> user_69eafd0d2c76f5ab4ec7b5f3
2026-04-25T10:30:09.642Z - SOCKET_JOIN - Client fY4arTHvlM4B4PxrAAAH -> admins_pool
2026-04-25T10:31:32.202Z - SOCKET_JOIN - Client DZYeZPY_T1QcSs68AAAJ -> user_69eafd0d2c76f5ab4ec7b5f3
2026-04-25T10:31:32.313Z - SOCKET_JOIN - Client DZYeZPY_T1QcSs68AAAJ -> admins_pool
2026-04-25T10:31:32.314Z - SOCKET_JOIN - Client DZYeZPY_T1QcSs68AAAJ -> user_69eafd0d2c76f5ab4ec7b5f3
2026-04-25T10:31:32.315Z - SOCKET_JOIN - Client DZYeZPY_T1QcSs68AAAJ -> admins_pool
2026-04-25T10:31:40.669Z - SOCKET_JOIN - Client B4gtM3wPjtGqmLaBAAAL -> user_69eafd0d2c76f5ab4ec7b5f3
2026-04-25T10:31:40.677Z - SOCKET_JOIN - Client B4gtM3wPjtGqmLaBAAAL -> admins_pool
2026-04-25T10:31:40.677Z - SOCKET_JOIN - Client B4gtM3wPjtGqmLaBAAAL -> user_69eafd0d2c76f5ab4ec7b5f3
2026-04-25T10:31:40.678Z - SOCKET_JOIN - Client B4gtM3wPjtGqmLaBAAAL -> admins_pool
2026-04-25T10:31:41.719Z - SOCKET_JOIN - Client SOtN6A_967bEDzMCAAAN -> user_69eafd0d2c76f5ab4ec7b5f3
2026-04-25T10:31:41.724Z - SOCKET_JOIN - Client SOtN6A_967bEDzMCAAAN -> admins_pool
2026-04-25T10:31:41.725Z - SOCKET_JOIN - Client SOtN6A_967bEDzMCAAAN -> user_69eafd0d2c76f5ab4ec7b5f3
2026-04-25T10:31:41.726Z - SOCKET_JOIN - Client SOtN6A_967bEDzMCAAAN -> admins_pool
2026-04-25T10:31:42.538Z - SOCKET_JOIN - Client P3Ot1nrxj0xaZwMWAAAP -> user_69eafd0d2c76f5ab4ec7b5f3
2026-04-25T10:31:42.547Z - SOCKET_JOIN - Client P3Ot1nrxj0xaZwMWAAAP -> admins_pool
2026-04-25T10:31:42.549Z - SOCKET_JOIN - Client P3Ot1nrxj0xaZwMWAAAP -> user_69eafd0d2c76f5ab4ec7b5f3
2026-04-25T10:31:42.550Z - SOCKET_JOIN - Client P3Ot1nrxj0xaZwMWAAAP -> admins_pool
2026-04-25T10:32:25.158Z - SOCKET_JOIN - Client tMirG38RAor17ZYoAAAR -> user_69eafd0d2c76f5ab4ec7b5f3
2026-04-25T10:32:25.169Z - SOCKET_JOIN - Client tMirG38RAor17ZYoAAAR -> admins_pool
2026-04-25T10:32:25.171Z - SOCKET_JOIN - Client tMirG38RAor17ZYoAAAR -> user_69eafd0d2c76f5ab4ec7b5f3
2026-04-25T10:32:25.171Z - SOCKET_JOIN - Client tMirG38RAor17ZYoAAAR -> admins_pool
2026-04-25T10:32:26.108Z - SOCKET_JOIN - Client IVuYTV2MhjtbQrZjAAAT -> user_69eafd0d2c76f5ab4ec7b5f3
2026-04-25T10:32:26.114Z - SOCKET_JOIN - Client IVuYTV2MhjtbQrZjAAAT -> admins_pool
2026-04-25T10:32:26.119Z - SOCKET_JOIN - Client IVuYTV2MhjtbQrZjAAAT -> user_69eafd0d2c76f5ab4ec7b5f3
2026-04-25T10:32:26.120Z - SOCKET_JOIN - Client IVuYTV2MhjtbQrZjAAAT -> admins_pool
2026-04-25T10:32:26.979Z - SOCKET_JOIN - Client Neqpx4ct2txLT6dSAAAV -> user_69eafd0d2c76f5ab4ec7b5f3
2026-04-25T10:32:26.988Z - SOCKET_JOIN - Client Neqpx4ct2txLT6dSAAAV -> admins_pool
2026-04-25T10:32:26.989Z - SOCKET_JOIN - Client Neqpx4ct2txLT6dSAAAV -> user_69eafd0d2c76f5ab4ec7b5f3
2026-04-25T10:32:26.990Z - SOCKET_JOIN - Client Neqpx4ct2txLT6dSAAAV -> admins_pool
2026-04-25T10:39:16.818Z - 🚀 SERVER RESTARTED AT 2026-04-25T10:39:16.817Z ON PORT 5001
2026-04-25T10:48:47.321Z - 🚀 SERVER RESTARTED AT 2026-04-25T10:48:47.320Z ON PORT 5001
2026-04-25T10:50:26.675Z - 🚀 SERVER RESTARTED AT 2026-04-25T10:50:26.674Z ON PORT 5001
2026-04-25T10:52:33.137Z - SOCKET_JOIN - Client biU3tqqH2_tkR9nuAAAH -> vendors_pool
2026-04-25T10:52:33.171Z - SOCKET_JOIN - Client biU3tqqH2_tkR9nuAAAH -> user_69ec9c112c76f5ab4ec7cf83
2026-04-25T10:52:33.172Z - SOCKET_JOIN - Client biU3tqqH2_tkR9nuAAAH -> vendors_pool
2026-04-25T10:52:33.173Z - SOCKET_JOIN - Client biU3tqqH2_tkR9nuAAAH -> user_69ec9c112c76f5ab4ec7cf83
2026-04-25T10:54:39.716Z - 🚀 SERVER RESTARTED AT 2026-04-25T10:54:39.715Z ON PORT 5001
2026-04-25T11:00:59.010Z - 🚀 SERVER RESTARTED AT 2026-04-25T11:00:59.009Z ON PORT 5001
2026-04-25T11:01:25.586Z - 🚀 SERVER RESTARTED AT 2026-04-25T11:01:25.585Z ON PORT 5001
2026-04-25T11:01:47.769Z - SOCKET_JOIN - Client qPo5W7F5glXfsx36AAAF -> vendors_pool
2026-04-25T11:01:47.788Z - SOCKET_JOIN - Client qPo5W7F5glXfsx36AAAF -> user_69ec9c112c76f5ab4ec7cf83
2026-04-25T11:01:47.790Z - SOCKET_JOIN - Client qPo5W7F5glXfsx36AAAF -> vendors_pool
2026-04-25T11:01:47.791Z - SOCKET_JOIN - Client qPo5W7F5glXfsx36AAAF -> user_69ec9c112c76f5ab4ec7cf83
2026-04-25T11:14:11.431Z - SOCKET_JOIN - Client 15Q_j2nnfhuXJx5TAAAH -> user_69eafd0d2c76f5ab4ec7b5f3
2026-04-25T11:14:11.438Z - SOCKET_JOIN - Client 15Q_j2nnfhuXJx5TAAAH -> admins_pool
2026-04-25T11:14:11.440Z - SOCKET_JOIN - Client 15Q_j2nnfhuXJx5TAAAH -> user_69eafd0d2c76f5ab4ec7b5f3
2026-04-25T11:14:11.441Z - SOCKET_JOIN - Client 15Q_j2nnfhuXJx5TAAAH -> admins_pool
2026-04-25T11:14:13.624Z - SOCKET_JOIN - Client kypLQR5BhlHPiZxpAAAJ -> user_69eafd0d2c76f5ab4ec7b5f3
2026-04-25T11:14:13.630Z - SOCKET_JOIN - Client kypLQR5BhlHPiZxpAAAJ -> admins_pool
2026-04-25T11:14:13.631Z - SOCKET_JOIN - Client kypLQR5BhlHPiZxpAAAJ -> user_69eafd0d2c76f5ab4ec7b5f3
2026-04-25T11:14:13.632Z - SOCKET_JOIN - Client kypLQR5BhlHPiZxpAAAJ -> admins_pool
2026-04-25T15:17:05.504Z - SOCKET_JOIN - Client ynS8qbF9NVRYwWBTAAAP -> user_69eafd0d2c76f5ab4ec7b5f3
2026-04-25T15:17:05.525Z - SOCKET_JOIN - Client ynS8qbF9NVRYwWBTAAAP -> admins_pool
2026-04-25T15:17:05.527Z - SOCKET_JOIN - Client ynS8qbF9NVRYwWBTAAAP -> user_69eafd0d2c76f5ab4ec7b5f3
2026-04-25T15:17:05.540Z - SOCKET_JOIN - Client ynS8qbF9NVRYwWBTAAAP -> admins_pool
2026-04-25T15:17:06.222Z - SOCKET_JOIN - Client LzzVu6pxupAoPXKUAAAR -> vendors_pool
2026-04-25T15:17:06.377Z - SOCKET_JOIN - Client LzzVu6pxupAoPXKUAAAR -> user_69ec9c112c76f5ab4ec7cf83
2026-04-25T15:17:06.379Z - SOCKET_JOIN - Client LzzVu6pxupAoPXKUAAAR -> vendors_pool
2026-04-25T15:17:06.381Z - SOCKET_JOIN - Client LzzVu6pxupAoPXKUAAAR -> user_69ec9c112c76f5ab4ec7cf83
2026-04-25T15:24:13.293Z - 🚀 SERVER RESTARTED AT 2026-04-25T15:24:13.291Z ON PORT 5001
2026-04-25T16:14:34.461Z - 🚀 SERVER RESTARTED AT 2026-04-25T16:14:34.458Z ON PORT 5001
2026-04-25T16:20:41.689Z - 🚀 SERVER RESTARTED AT 2026-04-25T16:20:41.686Z ON PORT 5001
2026-04-25T16:21:02.290Z - SOCKET_JOIN - Client eJcnro1V3loKmZk6AAAF -> vendors_pool
2026-04-25T16:21:02.329Z - SOCKET_JOIN - Client eJcnro1V3loKmZk6AAAF -> user_69ec9c112c76f5ab4ec7cf83
2026-04-25T16:21:02.363Z - SOCKET_JOIN - Client eJcnro1V3loKmZk6AAAF -> vendors_pool
2026-04-25T16:21:02.366Z - SOCKET_JOIN - Client eJcnro1V3loKmZk6AAAF -> user_69ec9c112c76f5ab4ec7cf83
2026-04-25T16:22:55.205Z - SOCKET_JOIN - Client NYfpfVpXF1H8viP5AAAL -> vendors_pool
2026-04-25T16:22:55.332Z - SOCKET_JOIN - Client NYfpfVpXF1H8viP5AAAL -> user_69ece9db998203335ad61f7e
2026-04-25T16:22:55.335Z - SOCKET_JOIN - Client NYfpfVpXF1H8viP5AAAL -> vendors_pool
2026-04-25T16:22:55.338Z - SOCKET_JOIN - Client NYfpfVpXF1H8viP5AAAL -> user_69ece9db998203335ad61f7e
2026-04-25T16:23:31.128Z - SOCKET_JOIN - Client -S6sWiaPO-bb0teLAAAN -> vendors_pool
2026-04-25T16:23:31.180Z - SOCKET_JOIN - Client -S6sWiaPO-bb0teLAAAN -> user_69ece9db998203335ad61f7e
2026-04-25T16:23:31.182Z - SOCKET_JOIN - Client -S6sWiaPO-bb0teLAAAN -> vendors_pool
2026-04-25T16:23:31.186Z - SOCKET_JOIN - Client -S6sWiaPO-bb0teLAAAN -> user_69ece9db998203335ad61f7e
2026-04-25T17:00:12.685Z - SOCKET_JOIN - Client ICbg_qj2pX9VAHGBAAAT -> user_69eafd0d2c76f5ab4ec7b5f3
2026-04-25T17:00:13.067Z - SOCKET_JOIN - Client 8Di8pjOoh_sHS4DrAAAV -> vendors_pool
2026-04-25T17:00:13.070Z - SOCKET_JOIN - Client ICbg_qj2pX9VAHGBAAAT -> admins_pool
2026-04-25T17:00:13.072Z - SOCKET_JOIN - Client ICbg_qj2pX9VAHGBAAAT -> user_69eafd0d2c76f5ab4ec7b5f3
2026-04-25T17:00:13.075Z - SOCKET_JOIN - Client ICbg_qj2pX9VAHGBAAAT -> admins_pool
2026-04-25T17:00:13.173Z - SOCKET_JOIN - Client 8Di8pjOoh_sHS4DrAAAV -> user_69ece9db998203335ad61f7e
2026-04-25T17:00:13.175Z - SOCKET_JOIN - Client 8Di8pjOoh_sHS4DrAAAV -> vendors_pool
2026-04-25T17:00:13.179Z - SOCKET_JOIN - Client 8Di8pjOoh_sHS4DrAAAV -> user_69ece9db998203335ad61f7e
2026-04-25T17:03:20.553Z - SOCKET_JOIN - Client zYzVSQQE1ZCEWxEqAAAX -> user_69eafd0d2c76f5ab4ec7b5f3
2026-04-25T17:03:20.635Z - SOCKET_JOIN - Client zYzVSQQE1ZCEWxEqAAAX -> admins_pool
2026-04-25T17:03:20.637Z - SOCKET_JOIN - Client zYzVSQQE1ZCEWxEqAAAX -> user_69eafd0d2c76f5ab4ec7b5f3
2026-04-25T17:03:20.638Z - SOCKET_JOIN - Client zYzVSQQE1ZCEWxEqAAAX -> admins_pool
2026-04-25T17:06:18.433Z - 🚀 SERVER RESTARTED AT 2026-04-25T17:06:18.431Z ON PORT 5001
2026-04-25T17:17:34.797Z - 🚀 SERVER RESTARTED AT 2026-04-25T17:17:34.794Z ON PORT 5001
2026-04-25T17:17:51.203Z - SOCKET_JOIN - Client 7Gior8tHLjbvm9XOAAAF -> vendors_pool
2026-04-25T17:17:51.376Z - SOCKET_JOIN - Client 7Gior8tHLjbvm9XOAAAF -> user_69ece9db998203335ad61f7e
2026-04-25T17:17:51.380Z - SOCKET_JOIN - Client 7Gior8tHLjbvm9XOAAAF -> vendors_pool
2026-04-25T17:17:51.391Z - SOCKET_JOIN - Client 7Gior8tHLjbvm9XOAAAF -> user_69ece9db998203335ad61f7e
2026-04-25T17:21:41.749Z - SOCKET_JOIN - Client ajH78la7c-B8K3LuAAAH -> vendors_pool
2026-04-25T17:21:41.792Z - SOCKET_JOIN - Client ajH78la7c-B8K3LuAAAH -> user_69ece9db998203335ad61f7e
2026-04-25T17:21:41.795Z - SOCKET_JOIN - Client ajH78la7c-B8K3LuAAAH -> vendors_pool
2026-04-25T17:21:41.798Z - SOCKET_JOIN - Client ajH78la7c-B8K3LuAAAH -> user_69ece9db998203335ad61f7e
2026-04-25T17:24:01.101Z - 🚀 SERVER RESTARTED AT 2026-04-25T17:24:01.099Z ON PORT 5001
2026-04-25T17:24:20.973Z - SOCKET_JOIN - Client 6poviTpu_t4EfrNrAAAF -> user_69eafd0d2c76f5ab4ec7b5f3
2026-04-25T17:24:21.210Z - SOCKET_JOIN - Client 6poviTpu_t4EfrNrAAAF -> admins_pool
2026-04-25T17:24:21.212Z - SOCKET_JOIN - Client 6poviTpu_t4EfrNrAAAF -> user_69eafd0d2c76f5ab4ec7b5f3
2026-04-25T17:24:21.214Z - SOCKET_JOIN - Client 6poviTpu_t4EfrNrAAAF -> admins_pool
2026-04-25T17:24:27.931Z - SOCKET_JOIN - Client Mz5G1YbZ4oD1_lMmAAAH -> vendors_pool
2026-04-25T17:24:28.004Z - SOCKET_JOIN - Client Mz5G1YbZ4oD1_lMmAAAH -> user_69ece9db998203335ad61f7e
2026-04-25T17:24:28.010Z - SOCKET_JOIN - Client Mz5G1YbZ4oD1_lMmAAAH -> vendors_pool
2026-04-25T17:24:28.019Z - SOCKET_JOIN - Client Mz5G1YbZ4oD1_lMmAAAH -> user_69ece9db998203335ad61f7e
2026-04-25T17:24:43.506Z - SOCKET_JOIN - Client lyhqEA4EG9ek4A6iAAAJ -> user_69eafd0d2c76f5ab4ec7b5f3
2026-04-25T17:24:43.531Z - SOCKET_JOIN - Client lyhqEA4EG9ek4A6iAAAJ -> admins_pool
2026-04-25T17:24:43.535Z - SOCKET_JOIN - Client lyhqEA4EG9ek4A6iAAAJ -> user_69eafd0d2c76f5ab4ec7b5f3
2026-04-25T17:24:43.537Z - SOCKET_JOIN - Client lyhqEA4EG9ek4A6iAAAJ -> admins_pool
2026-04-25T17:27:02.128Z - SOCKET_JOIN - Client sAFbzf1GhA4SPo4RAAAL -> user_69eafd0d2c76f5ab4ec7b5f3
2026-04-25T17:27:02.208Z - SOCKET_JOIN - Client sAFbzf1GhA4SPo4RAAAL -> admins_pool
2026-04-25T17:27:02.210Z - SOCKET_JOIN - Client sAFbzf1GhA4SPo4RAAAL -> user_69eafd0d2c76f5ab4ec7b5f3
2026-04-25T17:27:02.211Z - SOCKET_JOIN - Client sAFbzf1GhA4SPo4RAAAL -> admins_pool
2026-04-25T17:37:59.182Z - SOCKET_JOIN - Client 2mq7BmfyZlljM_qAAAAN -> user_69eafd0d2c76f5ab4ec7b5f3
2026-04-25T17:37:59.261Z - SOCKET_JOIN - Client 2mq7BmfyZlljM_qAAAAN -> admins_pool
2026-04-25T17:37:59.264Z - SOCKET_JOIN - Client 2mq7BmfyZlljM_qAAAAN -> user_69eafd0d2c76f5ab4ec7b5f3
2026-04-25T17:37:59.266Z - SOCKET_JOIN - Client 2mq7BmfyZlljM_qAAAAN -> admins_pool
2026-04-25T17:41:51.513Z - SOCKET_JOIN - Client 8fXf3arSntBttnNgAAAP -> user_69eafd0d2c76f5ab4ec7b5f3
2026-04-25T17:41:51.539Z - SOCKET_JOIN - Client 8fXf3arSntBttnNgAAAP -> admins_pool
2026-04-25T17:41:51.540Z - SOCKET_JOIN - Client 8fXf3arSntBttnNgAAAP -> user_69eafd0d2c76f5ab4ec7b5f3
2026-04-25T17:41:51.542Z - SOCKET_JOIN - Client 8fXf3arSntBttnNgAAAP -> admins_pool
2026-04-25T17:42:08.649Z - SOCKET_JOIN - Client D0ZtfcT5dN7AdZvaAAAR -> user_69eafd0d2c76f5ab4ec7b5f3
2026-04-25T17:42:08.673Z - SOCKET_JOIN - Client D0ZtfcT5dN7AdZvaAAAR -> admins_pool
2026-04-25T17:42:08.676Z - SOCKET_JOIN - Client D0ZtfcT5dN7AdZvaAAAR -> user_69eafd0d2c76f5ab4ec7b5f3
2026-04-25T17:42:08.679Z - SOCKET_JOIN - Client D0ZtfcT5dN7AdZvaAAAR -> admins_pool
2026-04-25T17:42:33.906Z - 🚀 SERVER RESTARTED AT 2026-04-25T17:42:33.904Z ON PORT 5001
2026-04-25T17:42:37.500Z - SOCKET_JOIN - Client XoLTQUIcbMta6cnnAAAD -> user_69eafd0d2c76f5ab4ec7b5f3
2026-04-25T17:42:37.625Z - SOCKET_JOIN - Client XoLTQUIcbMta6cnnAAAD -> admins_pool
2026-04-25T17:42:37.627Z - SOCKET_JOIN - Client XoLTQUIcbMta6cnnAAAD -> user_69eafd0d2c76f5ab4ec7b5f3
2026-04-25T17:42:37.628Z - SOCKET_JOIN - Client XoLTQUIcbMta6cnnAAAD -> admins_pool
2026-04-25T17:47:23.520Z - 🚀 SERVER RESTARTED AT 2026-04-25T17:47:23.517Z ON PORT 5001
2026-04-25T17:55:06.256Z - SOCKET_JOIN - Client gmTTvWzxTPjOr-8xAAAF -> user_69eafd0d2c76f5ab4ec7b5f3
2026-04-25T17:55:06.537Z - SOCKET_JOIN - Client gmTTvWzxTPjOr-8xAAAF -> admins_pool
2026-04-25T17:55:06.539Z - SOCKET_JOIN - Client gmTTvWzxTPjOr-8xAAAF -> user_69eafd0d2c76f5ab4ec7b5f3
2026-04-25T17:55:06.541Z - SOCKET_JOIN - Client gmTTvWzxTPjOr-8xAAAF -> admins_pool
2026-04-26T02:18:41.366Z - SOCKET_JOIN - Client pciq8hU97c-e8OjHAAAL -> user_69eafd0d2c76f5ab4ec7b5f3
2026-04-26T02:18:41.445Z - SOCKET_JOIN - Client pciq8hU97c-e8OjHAAAL -> admins_pool
2026-04-26T02:18:41.446Z - SOCKET_JOIN - Client pciq8hU97c-e8OjHAAAL -> user_69eafd0d2c76f5ab4ec7b5f3
2026-04-26T02:18:41.447Z - SOCKET_JOIN - Client pciq8hU97c-e8OjHAAAL -> admins_pool
2026-04-26T02:18:43.073Z - SOCKET_JOIN - Client EBH4me0iz_gJF4-9AAAN -> vendors_pool
2026-04-26T02:18:43.093Z - SOCKET_JOIN - Client EBH4me0iz_gJF4-9AAAN -> user_69ece9db998203335ad61f7e
2026-04-26T02:18:43.094Z - SOCKET_JOIN - Client EBH4me0iz_gJF4-9AAAN -> vendors_pool
2026-04-26T02:18:43.094Z - SOCKET_JOIN - Client EBH4me0iz_gJF4-9AAAN -> user_69ece9db998203335ad61f7e
2026-04-26T02:31:53.482Z - SOCKET_JOIN - Client pciq8hU97c-e8OjHAAAL -> user_69eafd0d2c76f5ab4ec7b5f3
2026-04-26T02:31:53.535Z - SOCKET_JOIN - Client pciq8hU97c-e8OjHAAAL -> admins_pool
2026-04-26T02:31:53.536Z - SOCKET_JOIN - Client pciq8hU97c-e8OjHAAAL -> user_69eafd0d2c76f5ab4ec7b5f3
2026-04-26T02:31:53.537Z - SOCKET_JOIN - Client pciq8hU97c-e8OjHAAAL -> admins_pool
2026-04-26T03:09:08.564Z - SOCKET_JOIN - Client z203aNmNtD63C5DIAAAV -> vendors_pool
2026-04-26T03:09:08.609Z - SOCKET_JOIN - Client z203aNmNtD63C5DIAAAV -> user_69ece9db998203335ad61f7e
2026-04-26T03:09:08.611Z - SOCKET_JOIN - Client z203aNmNtD63C5DIAAAV -> vendors_pool
2026-04-26T03:09:08.623Z - SOCKET_JOIN - Client z203aNmNtD63C5DIAAAV -> user_69ece9db998203335ad61f7e
2026-04-26T03:10:57.281Z - SOCKET_JOIN - Client z203aNmNtD63C5DIAAAV -> vendors_pool
2026-04-26T03:10:57.290Z - SOCKET_JOIN - Client z203aNmNtD63C5DIAAAV -> user_69ece9db998203335ad61f7e
2026-04-26T03:10:57.291Z - SOCKET_JOIN - Client z203aNmNtD63C5DIAAAV -> vendors_pool
2026-04-26T03:10:57.292Z - SOCKET_JOIN - Client z203aNmNtD63C5DIAAAV -> user_69ece9db998203335ad61f7e
2026-04-26T03:19:41.308Z - SOCKET_JOIN - Client z203aNmNtD63C5DIAAAV -> vendors_pool
2026-04-26T03:19:41.321Z - SOCKET_JOIN - Client z203aNmNtD63C5DIAAAV -> user_69ece9db998203335ad61f7e
2026-04-26T03:26:47.319Z - SOCKET_JOIN - Client jWXApi8wxp9sEOAuAAAX -> vendors_pool
2026-04-26T03:26:47.347Z - SOCKET_JOIN - Client jWXApi8wxp9sEOAuAAAX -> user_69ece9db998203335ad61f7e
2026-04-26T03:26:47.352Z - SOCKET_JOIN - Client jWXApi8wxp9sEOAuAAAX -> vendors_pool
2026-04-26T03:26:47.355Z - SOCKET_JOIN - Client jWXApi8wxp9sEOAuAAAX -> user_69ece9db998203335ad61f7e
2026-04-26T03:40:31.799Z - SOCKET_JOIN - Client lzpLUuf5obwC0jj0AAAZ -> vendors_pool
2026-04-26T03:40:31.871Z - SOCKET_JOIN - Client lzpLUuf5obwC0jj0AAAZ -> user_69ece9db998203335ad61f7e
2026-04-26T03:40:31.873Z - SOCKET_JOIN - Client lzpLUuf5obwC0jj0AAAZ -> vendors_pool
2026-04-26T03:40:31.942Z - SOCKET_JOIN - Client lzpLUuf5obwC0jj0AAAZ -> user_69ece9db998203335ad61f7e
2026-04-26T04:42:40.797Z - SOCKET_JOIN - Client 1fF1zMlMrDyHEwswAAAp -> user_69eafd0d2c76f5ab4ec7b5f3
2026-04-26T04:42:40.873Z - SOCKET_JOIN - Client 1fF1zMlMrDyHEwswAAAp -> admins_pool
2026-04-26T04:42:40.875Z - SOCKET_JOIN - Client 1fF1zMlMrDyHEwswAAAp -> user_69eafd0d2c76f5ab4ec7b5f3
2026-04-26T04:42:40.880Z - SOCKET_JOIN - Client 1fF1zMlMrDyHEwswAAAp -> admins_pool
2026-04-26T04:46:10.858Z - SOCKET_JOIN - Client 9LKuxAhRmIhvZNAGAAAr -> user_69eafd0d2c76f5ab4ec7b5f3
2026-04-26T04:46:10.870Z - SOCKET_JOIN - Client 9LKuxAhRmIhvZNAGAAAr -> admins_pool
2026-04-26T04:46:10.872Z - SOCKET_JOIN - Client 9LKuxAhRmIhvZNAGAAAr -> user_69eafd0d2c76f5ab4ec7b5f3
2026-04-26T04:46:10.874Z - SOCKET_JOIN - Client 9LKuxAhRmIhvZNAGAAAr -> admins_pool
2026-04-26T05:03:05.151Z - SOCKET_JOIN - Client vb-kxijBKla2wnkAAAA0 -> vendors_pool
2026-04-26T05:03:05.631Z - SOCKET_JOIN - Client vb-kxijBKla2wnkAAAA0 -> user_69ece9db998203335ad61f7e
2026-04-26T05:03:05.632Z - SOCKET_JOIN - Client vb-kxijBKla2wnkAAAA0 -> vendors_pool
2026-04-26T05:03:05.634Z - SOCKET_JOIN - Client vb-kxijBKla2wnkAAAA0 -> user_69ece9db998203335ad61f7e
2026-04-26T05:04:36.056Z - SOCKET_JOIN - Client 8krk-eNjKdsGDiA2AAA2 -> user_69eafd0d2c76f5ab4ec7b5f3
2026-04-26T05:04:36.096Z - SOCKET_JOIN - Client 8krk-eNjKdsGDiA2AAA2 -> admins_pool
2026-04-26T05:04:36.098Z - SOCKET_JOIN - Client 8krk-eNjKdsGDiA2AAA2 -> user_69eafd0d2c76f5ab4ec7b5f3
2026-04-26T05:04:36.099Z - SOCKET_JOIN - Client 8krk-eNjKdsGDiA2AAA2 -> admins_pool
2026-04-26T05:28:59.740Z - SOCKET_JOIN - Client g1Qu7B3nd7SauqjlAAA8 -> vendors_pool
2026-04-26T05:28:59.965Z - SOCKET_JOIN - Client g1Qu7B3nd7SauqjlAAA8 -> user_69ece9db998203335ad61f7e
2026-04-26T05:29:00.014Z - SOCKET_JOIN - Client g1Qu7B3nd7SauqjlAAA8 -> vendors_pool
2026-04-26T05:29:00.019Z - SOCKET_JOIN - Client g1Qu7B3nd7SauqjlAAA8 -> user_69ece9db998203335ad61f7e
2026-04-26T05:29:01.616Z - SOCKET_JOIN - Client DhVviCCc2eR3HxGSAAA_ -> user_69eafd0d2c76f5ab4ec7b5f3
2026-04-26T05:29:01.683Z - SOCKET_JOIN - Client DhVviCCc2eR3HxGSAAA_ -> admins_pool
2026-04-26T05:29:01.687Z - SOCKET_JOIN - Client DhVviCCc2eR3HxGSAAA_ -> user_69eafd0d2c76f5ab4ec7b5f3
2026-04-26T05:29:01.690Z - SOCKET_JOIN - Client DhVviCCc2eR3HxGSAAA_ -> admins_pool
2026-04-26T05:30:19.163Z - SOCKET_JOIN - Client QYLF4Zb6j_CrA9-VAABC -> vendors_pool
2026-04-26T05:30:19.285Z - SOCKET_JOIN - Client QYLF4Zb6j_CrA9-VAABC -> user_69ec93ce2c76f5ab4ec7cf65
2026-04-26T05:30:19.289Z - SOCKET_JOIN - Client QYLF4Zb6j_CrA9-VAABC -> vendors_pool
2026-04-26T05:30:19.291Z - SOCKET_JOIN - Client QYLF4Zb6j_CrA9-VAABC -> user_69ec93ce2c76f5ab4ec7cf65
2026-04-26T05:57:25.217Z - SOCKET_JOIN - Client QYLF4Zb6j_CrA9-VAABC -> vendors_pool
2026-04-26T05:57:25.285Z - SOCKET_JOIN - Client QYLF4Zb6j_CrA9-VAABC -> user_69ec93ce2c76f5ab4ec7cf65
2026-04-26T05:57:25.287Z - SOCKET_JOIN - Client QYLF4Zb6j_CrA9-VAABC -> vendors_pool
2026-04-26T05:57:25.288Z - SOCKET_JOIN - Client QYLF4Zb6j_CrA9-VAABC -> user_69ec93ce2c76f5ab4ec7cf65
2026-04-26T05:59:36.283Z - SOCKET_JOIN - Client QYLF4Zb6j_CrA9-VAABC -> vendors_pool
2026-04-26T05:59:36.349Z - SOCKET_JOIN - Client QYLF4Zb6j_CrA9-VAABC -> user_69ec93ce2c76f5ab4ec7cf65
2026-04-26T05:59:36.433Z - SOCKET_JOIN - Client g1Qu7B3nd7SauqjlAAA8 -> vendors_pool
2026-04-26T05:59:36.537Z - SOCKET_JOIN - Client g1Qu7B3nd7SauqjlAAA8 -> user_69ece9db998203335ad61f7e
2026-04-26T05:59:44.175Z - SOCKET_JOIN - Client QYLF4Zb6j_CrA9-VAABC -> vendors_pool
2026-04-26T05:59:44.203Z - SOCKET_JOIN - Client g1Qu7B3nd7SauqjlAAA8 -> vendors_pool
2026-04-26T05:59:44.208Z - SOCKET_JOIN - Client QYLF4Zb6j_CrA9-VAABC -> user_69ec93ce2c76f5ab4ec7cf65
2026-04-26T05:59:44.239Z - SOCKET_JOIN - Client g1Qu7B3nd7SauqjlAAA8 -> user_69ece9db998203335ad61f7e
2026-04-26T06:00:20.199Z - SOCKET_JOIN - Client vXGKuhn_RXP6zWOJAABE -> vendors_pool
2026-04-26T06:00:20.266Z - SOCKET_JOIN - Client vXGKuhn_RXP6zWOJAABE -> user_69ec93ce2c76f5ab4ec7cf65
2026-04-26T06:00:20.271Z - SOCKET_JOIN - Client vXGKuhn_RXP6zWOJAABE -> vendors_pool
2026-04-26T06:00:20.274Z - SOCKET_JOIN - Client vXGKuhn_RXP6zWOJAABE -> user_69ec93ce2c76f5ab4ec7cf65
2026-04-26T06:00:54.284Z - 🚀 SERVER RESTARTED AT 2026-04-26T06:00:54.274Z ON PORT 5001
2026-04-26T06:01:35.992Z - 📡 [TRAFFIC] 11:31:35 am | GET /api/orders/vendor?vendorId=69ec93ce2c76f5ab4ec7cf65
2026-04-26T06:01:36.022Z - 📡 [TRAFFIC] 11:31:36 am | GET /api/orders/pool?vendorId=69ec93ce2c76f5ab4ec7cf65
2026-04-26T06:01:36.039Z - 📡 [TRAFFIC] 11:31:36 am | GET /api/notifications?userId=69ec93ce2c76f5ab4ec7cf65&role=vendor
2026-04-26T06:01:36.123Z - 📡 [TRAFFIC] 11:31:36 am | GET /api/orders/vendor?vendorId=69ec93ce2c76f5ab4ec7cf65
2026-04-26T06:01:36.158Z - 📡 [TRAFFIC] 11:31:36 am | GET /api/notifications?userId=69ec93ce2c76f5ab4ec7cf65&role=vendor
2026-04-26T06:01:36.217Z - 📡 [TRAFFIC] 11:31:36 am | GET /api/orders/pool?vendorId=69ec93ce2c76f5ab4ec7cf65
2026-04-26T06:02:16.690Z - 📡 [TRAFFIC] 11:32:16 am | GET /api/orders/vendor?vendorId=69ec93ce2c76f5ab4ec7cf65
2026-04-26T06:02:16.697Z - 📡 [TRAFFIC] 11:32:16 am | GET /api/orders/pool?vendorId=69ec93ce2c76f5ab4ec7cf65
2026-04-26T06:02:16.707Z - 📡 [TRAFFIC] 11:32:16 am | GET /api/notifications?userId=69ec93ce2c76f5ab4ec7cf65&role=vendor
2026-04-26T06:02:16.781Z - 📡 [TRAFFIC] 11:32:16 am | GET /api/orders/vendor?vendorId=69ec93ce2c76f5ab4ec7cf65
2026-04-26T06:02:16.799Z - 📡 [TRAFFIC] 11:32:16 am | GET /api/notifications?userId=69ec93ce2c76f5ab4ec7cf65&role=vendor
2026-04-26T06:02:16.846Z - 📡 [TRAFFIC] 11:32:16 am | GET /api/orders/pool?vendorId=69ec93ce2c76f5ab4ec7cf65
2026-04-26T06:10:29.577Z - 📡 [TRAFFIC] 11:40:29 am | GET /api/jobs/vendor?vendorId=69ec93ce2c76f5ab4ec7cf65
2026-04-26T06:10:29.587Z - 📡 [TRAFFIC] 11:40:29 am | GET /api/jobs/vendor/69ec93ce2c76f5ab4ec7cf65/applications
2026-04-26T06:10:29.684Z - 📡 [TRAFFIC] 11:40:29 am | GET /api/jobs/vendor?vendorId=69ec93ce2c76f5ab4ec7cf65
2026-04-26T06:10:29.692Z - 📡 [TRAFFIC] 11:40:29 am | GET /api/jobs/vendor/69ec93ce2c76f5ab4ec7cf65/applications
2026-04-26T06:11:11.611Z - 📡 [TRAFFIC] 11:41:11 am | POST /api/jobs
2026-04-26T06:11:11.765Z - 📡 [TRAFFIC] 11:41:11 am | GET /api/jobs/vendor?vendorId=69ec93ce2c76f5ab4ec7cf65
2026-04-26T06:11:11.773Z - 📡 [TRAFFIC] 11:41:11 am | GET /api/jobs/vendor/69ec93ce2c76f5ab4ec7cf65/applications
2026-04-26T06:11:47.284Z - 📡 [TRAFFIC] 11:41:47 am | GET /api/orders/vendor?vendorId=69ec93ce2c76f5ab4ec7cf65
2026-04-26T06:11:47.290Z - 📡 [TRAFFIC] 11:41:47 am | GET /api/orders/pool?vendorId=69ec93ce2c76f5ab4ec7cf65
2026-04-26T06:11:47.298Z - 📡 [TRAFFIC] 11:41:47 am | GET /api/notifications?userId=69ec93ce2c76f5ab4ec7cf65&role=vendor
2026-04-26T06:11:47.456Z - 📡 [TRAFFIC] 11:41:47 am | GET /api/orders/vendor?vendorId=69ec93ce2c76f5ab4ec7cf65
2026-04-26T06:11:47.542Z - 📡 [TRAFFIC] 11:41:47 am | GET /api/notifications?userId=69ec93ce2c76f5ab4ec7cf65&role=vendor
2026-04-26T06:11:47.687Z - 📡 [TRAFFIC] 11:41:47 am | GET /api/orders/pool?vendorId=69ec93ce2c76f5ab4ec7cf65
2026-04-26T06:11:48.968Z - 📡 [TRAFFIC] 11:41:48 am | GET /api/jobs/vendor?vendorId=69ec93ce2c76f5ab4ec7cf65
2026-04-26T06:11:48.974Z - 📡 [TRAFFIC] 11:41:48 am | GET /api/jobs/vendor/69ec93ce2c76f5ab4ec7cf65/applications
2026-04-26T06:11:49.069Z - 📡 [TRAFFIC] 11:41:49 am | GET /api/jobs/vendor?vendorId=69ec93ce2c76f5ab4ec7cf65
2026-04-26T06:11:49.075Z - 📡 [TRAFFIC] 11:41:49 am | GET /api/jobs/vendor/69ec93ce2c76f5ab4ec7cf65/applications
2026-04-26T06:12:11.640Z - 📡 [TRAFFIC] 11:42:11 am | GET /api/auth/profile/69ece9db998203335ad61f7e
2026-04-26T06:12:11.840Z - 📡 [TRAFFIC] 11:42:11 am | GET /api/auth/profile/69ece9db998203335ad61f7e
2026-04-26T06:12:13.473Z - 📡 [TRAFFIC] 11:42:13 am | GET /api/ads/active
2026-04-26T06:12:13.561Z - 📡 [TRAFFIC] 11:42:13 am | GET /api/ads/active
2026-04-26T06:12:34.951Z - 📡 [TRAFFIC] 11:42:34 am | POST /api/auth/request-otp
2026-04-26T06:12:38.349Z - 📡 [TRAFFIC] 11:42:38 am | POST /api/auth/verify-otp
2026-04-26T06:12:40.049Z - 📡 [TRAFFIC] 11:42:40 am | GET /api/admin/config
2026-04-26T06:12:40.063Z - 📡 [TRAFFIC] 11:42:40 am | GET /api/master-services
2026-04-26T06:12:40.089Z - 📡 [TRAFFIC] 11:42:40 am | GET /api/services?approvedOnly=true
2026-04-26T06:12:40.153Z - 📡 [TRAFFIC] 11:42:40 am | GET /api/admin/config
2026-04-26T06:12:40.170Z - 📡 [TRAFFIC] 11:42:40 am | GET /api/auth/profile/69ec93ce2c76f5ab4ec7cf64
2026-04-26T06:12:40.240Z - 📡 [TRAFFIC] 11:42:40 am | GET /api/master-services
2026-04-26T06:12:40.270Z - 📡 [TRAFFIC] 11:42:40 am | GET /api/services?approvedOnly=true
2026-04-26T06:12:40.312Z - 📡 [TRAFFIC] 11:42:40 am | GET /api/auth/profile/69ec93ce2c76f5ab4ec7cf64
2026-04-26T06:12:44.342Z - 📡 [TRAFFIC] 11:42:44 am | GET /api/jobs/active
2026-04-26T06:12:44.569Z - 📡 [TRAFFIC] 11:42:44 am | GET /api/jobs/active
2026-04-26T06:13:08.669Z - 📡 [TRAFFIC] 11:43:08 am | POST /api/jobs/apply
2026-04-26T06:13:08.945Z - 📡 [TRAFFIC] 11:43:08 am | GET /api/jobs/active
2026-04-26T06:13:17.326Z - 📡 [TRAFFIC] 11:43:17 am | GET /api/jobs/vendor?vendorId=69ec93ce2c76f5ab4ec7cf65
2026-04-26T06:13:17.335Z - 📡 [TRAFFIC] 11:43:17 am | GET /api/jobs/vendor/69ec93ce2c76f5ab4ec7cf65/applications
2026-04-26T06:13:17.350Z - SOCKET_JOIN - Client Ru-PYYq9mzz5jT9HAAAN -> vendors_pool
2026-04-26T06:13:17.406Z - SOCKET_JOIN - Client Ru-PYYq9mzz5jT9HAAAN -> user_69ec93ce2c76f5ab4ec7cf65
2026-04-26T06:13:17.408Z - SOCKET_JOIN - Client Ru-PYYq9mzz5jT9HAAAN -> vendors_pool
2026-04-26T06:13:17.409Z - SOCKET_JOIN - Client Ru-PYYq9mzz5jT9HAAAN -> user_69ec93ce2c76f5ab4ec7cf65
2026-04-26T06:13:17.449Z - 📡 [TRAFFIC] 11:43:17 am | GET /api/jobs/vendor?vendorId=69ec93ce2c76f5ab4ec7cf65
2026-04-26T06:13:17.526Z - 📡 [TRAFFIC] 11:43:17 am | GET /api/jobs/vendor/69ec93ce2c76f5ab4ec7cf65/applications
2026-04-26T06:15:54.185Z - 🚀 SERVER RESTARTED AT 2026-04-26T06:15:54.183Z ON PORT 5001
2026-04-26T06:16:00.780Z - 📡 [TRAFFIC] 11:46:00 am | GET /api/jobs/vendor?vendorId=69ec93ce2c76f5ab4ec7cf65
2026-04-26T06:16:00.802Z - 📡 [TRAFFIC] 11:46:00 am | GET /api/jobs/vendor/69ec93ce2c76f5ab4ec7cf65/applications
2026-04-26T06:16:00.822Z - SOCKET_JOIN - Client y8XEVcLSPncofpG1AAAH -> vendors_pool
2026-04-26T06:16:00.919Z - 📡 [TRAFFIC] 11:46:00 am | GET /api/jobs/vendor?vendorId=69ec93ce2c76f5ab4ec7cf65
2026-04-26T06:16:00.964Z - SOCKET_JOIN - Client y8XEVcLSPncofpG1AAAH -> user_69ec93ce2c76f5ab4ec7cf65
2026-04-26T06:16:00.967Z - SOCKET_JOIN - Client y8XEVcLSPncofpG1AAAH -> vendors_pool
2026-04-26T06:16:00.969Z - SOCKET_JOIN - Client y8XEVcLSPncofpG1AAAH -> user_69ec93ce2c76f5ab4ec7cf65
2026-04-26T06:16:01.055Z - 📡 [TRAFFIC] 11:46:01 am | GET /api/jobs/vendor/69ec93ce2c76f5ab4ec7cf65/applications
2026-04-26T06:18:40.228Z - SOCKET_JOIN - Client y8XEVcLSPncofpG1AAAH -> vendors_pool
2026-04-26T06:18:40.270Z - SOCKET_JOIN - Client y8XEVcLSPncofpG1AAAH -> user_69ec93ce2c76f5ab4ec7cf65
2026-04-26T06:18:55.134Z - 📡 [TRAFFIC] 11:48:55 am | GET /api/jobs/vendor?vendorId=69ec93ce2c76f5ab4ec7cf65
2026-04-26T06:18:55.142Z - 📡 [TRAFFIC] 11:48:55 am | GET /api/jobs/vendor/69ec93ce2c76f5ab4ec7cf65/applications
2026-04-26T06:19:49.212Z - SOCKET_JOIN - Client y8XEVcLSPncofpG1AAAH -> vendors_pool
2026-04-26T06:19:49.255Z - SOCKET_JOIN - Client y8XEVcLSPncofpG1AAAH -> user_69ec93ce2c76f5ab4ec7cf65
2026-04-26T06:33:47.194Z - SOCKET_JOIN - Client y8XEVcLSPncofpG1AAAH -> vendors_pool
2026-04-26T06:33:47.233Z - SOCKET_JOIN - Client y8XEVcLSPncofpG1AAAH -> user_69ec93ce2c76f5ab4ec7cf65
2026-04-26T06:36:16.245Z - 🚀 SERVER RESTARTED AT 2026-04-26T06:36:16.243Z ON PORT 5001
2026-04-26T06:37:04.763Z - 📡 [TRAFFIC] 12:07:04 pm | POST /api/jobs
2026-04-26T06:37:04.795Z - 📡 [TRAFFIC] 12:07:04 pm | GET /api/jobs/admin/all
2026-04-26T06:37:32.424Z - 📡 [TRAFFIC] 12:07:32 pm | GET /api/notifications?userId=69eafd0d2c76f5ab4ec7b5f3&role=admin
2026-04-26T06:37:32.436Z - SOCKET_JOIN - Client ZyI6BiNM6j6omIPOAAAD -> user_69eafd0d2c76f5ab4ec7b5f3
2026-04-26T06:37:32.440Z - 📡 [TRAFFIC] 12:07:32 pm | GET /api/jobs/admin/all
2026-04-26T06:37:32.445Z - 📡 [TRAFFIC] 12:07:32 pm | GET /api/jobs/admin/applications
2026-04-26T06:37:32.502Z - SOCKET_JOIN - Client ZyI6BiNM6j6omIPOAAAD -> admins_pool
2026-04-26T06:37:32.505Z - SOCKET_JOIN - Client ZyI6BiNM6j6omIPOAAAD -> user_69eafd0d2c76f5ab4ec7b5f3
2026-04-26T06:37:32.506Z - SOCKET_JOIN - Client ZyI6BiNM6j6omIPOAAAD -> admins_pool
2026-04-26T06:37:32.605Z - 📡 [TRAFFIC] 12:07:32 pm | GET /api/jobs/admin/applications
2026-04-26T06:37:32.611Z - 📡 [TRAFFIC] 12:07:32 pm | GET /api/notifications?userId=69eafd0d2c76f5ab4ec7b5f3&role=admin
2026-04-26T06:37:32.616Z - 📡 [TRAFFIC] 12:07:32 pm | GET /api/jobs/admin/all
2026-04-26T06:39:31.307Z - SOCKET_JOIN - Client LVt0mdv8Vh86AvlvAAAF -> vendors_pool
2026-04-26T06:39:31.376Z - SOCKET_JOIN - Client LVt0mdv8Vh86AvlvAAAF -> user_69ec93ce2c76f5ab4ec7cf65
2026-04-26T08:10:43.188Z - 📡 [TRAFFIC] 1:40:43 pm | GET /api/jobs/vendor?vendorId=69ec93ce2c76f5ab4ec7cf65
2026-04-26T08:10:43.211Z - 📡 [TRAFFIC] 1:40:43 pm | GET /api/jobs/vendor/69ec93ce2c76f5ab4ec7cf65/applications
2026-04-26T08:10:43.624Z - SOCKET_JOIN - Client OhXZA2_bW6ZXWBfEAAAQ -> vendors_pool
2026-04-26T08:10:43.627Z - SOCKET_JOIN - Client OhXZA2_bW6ZXWBfEAAAQ -> user_69ec93ce2c76f5ab4ec7cf65
2026-04-26T08:10:43.642Z - SOCKET_JOIN - Client OhXZA2_bW6ZXWBfEAAAQ -> vendors_pool
2026-04-26T08:10:43.645Z - SOCKET_JOIN - Client OhXZA2_bW6ZXWBfEAAAQ -> user_69ec93ce2c76f5ab4ec7cf65
2026-04-26T08:10:48.186Z - 📡 [TRAFFIC] 1:40:48 pm | GET /api/jobs/admin/all
2026-04-26T08:10:48.188Z - 📡 [TRAFFIC] 1:40:48 pm | GET /api/jobs/admin/applications
2026-04-26T08:10:48.191Z - 📡 [TRAFFIC] 1:40:48 pm | GET /api/notifications?userId=69eafd0d2c76f5ab4ec7b5f3&role=admin
2026-04-26T08:10:48.195Z - 📡 [TRAFFIC] 1:40:48 pm | GET /api/jobs/active
2026-04-26T08:10:48.203Z - SOCKET_JOIN - Client FM_9vq2FF-jjzp9PAAAS -> user_69eafd0d2c76f5ab4ec7b5f3
2026-04-26T08:10:48.205Z - SOCKET_JOIN - Client FM_9vq2FF-jjzp9PAAAS -> admins_pool
2026-04-26T08:10:48.205Z - SOCKET_JOIN - Client FM_9vq2FF-jjzp9PAAAS -> user_69eafd0d2c76f5ab4ec7b5f3
2026-04-26T08:10:48.206Z - SOCKET_JOIN - Client FM_9vq2FF-jjzp9PAAAS -> admins_pool
2026-04-26T08:11:01.147Z - 📡 [TRAFFIC] 1:41:01 pm | GET /api/jobs/vendor?vendorId=69ec93ce2c76f5ab4ec7cf65
2026-04-26T08:11:01.169Z - 📡 [TRAFFIC] 1:41:01 pm | GET /api/jobs/vendor/69ec93ce2c76f5ab4ec7cf65/applications
2026-04-26T08:11:01.250Z - 📡 [TRAFFIC] 1:41:01 pm | GET /api/notifications?userId=69eafd0d2c76f5ab4ec7b5f3&role=admin
2026-04-26T08:11:01.513Z - 📡 [TRAFFIC] 1:41:01 pm | GET /api/jobs/active
2026-04-26T08:11:01.803Z - 📡 [TRAFFIC] 1:41:01 pm | GET /api/jobs/admin/all
2026-04-26T08:11:01.941Z - 📡 [TRAFFIC] 1:41:01 pm | GET /api/jobs/admin/applications
2026-04-26T08:13:34.760Z - 📡 [TRAFFIC] 1:43:34 pm | GET /api/notifications?userId=69eafd0d2c76f5ab4ec7b5f3&role=admin
2026-04-26T08:13:34.765Z - SOCKET_JOIN - Client 4wa4LvcVcz896wKxAAAW -> user_69eafd0d2c76f5ab4ec7b5f3
2026-04-26T08:13:34.766Z - 📡 [TRAFFIC] 1:43:34 pm | GET /api/jobs/admin/all
2026-04-26T08:13:34.771Z - 📡 [TRAFFIC] 1:43:34 pm | GET /api/jobs/admin/applications
2026-04-26T08:13:34.781Z - SOCKET_JOIN - Client 4wa4LvcVcz896wKxAAAW -> admins_pool
2026-04-26T08:13:34.782Z - SOCKET_JOIN - Client 4wa4LvcVcz896wKxAAAW -> user_69eafd0d2c76f5ab4ec7b5f3
2026-04-26T08:13:34.782Z - SOCKET_JOIN - Client 4wa4LvcVcz896wKxAAAW -> admins_pool
2026-04-26T08:13:34.848Z - 📡 [TRAFFIC] 1:43:34 pm | GET /api/jobs/admin/applications
2026-04-26T08:13:34.853Z - 📡 [TRAFFIC] 1:43:34 pm | GET /api/jobs/admin/all
2026-04-26T08:13:34.860Z - 📡 [TRAFFIC] 1:43:34 pm | GET /api/notifications?userId=69eafd0d2c76f5ab4ec7b5f3&role=admin
2026-04-26T08:15:34.117Z - 📡 [TRAFFIC] 1:45:34 pm | GET /api/jobs/admin/all
2026-04-26T08:15:34.120Z - 📡 [TRAFFIC] 1:45:34 pm | GET /api/jobs/admin/applications
2026-04-26T08:17:00.326Z - 📡 [TRAFFIC] 1:47:00 pm | GET /api/admin/users
2026-04-26T08:17:00.329Z - 📡 [TRAFFIC] 1:47:00 pm | GET /api/master-services
2026-04-26T08:17:00.403Z - 📡 [TRAFFIC] 1:47:00 pm | GET /api/admin/users
2026-04-26T08:17:00.495Z - 📡 [TRAFFIC] 1:47:00 pm | GET /api/master-services
2026-04-26T08:23:13.588Z - 📡 [TRAFFIC] 1:53:13 pm | GET /api/jobs/admin/all
2026-04-26T08:23:13.595Z - 📡 [TRAFFIC] 1:53:13 pm | GET /api/jobs/admin/applications
2026-04-26T08:23:13.677Z - 📡 [TRAFFIC] 1:53:13 pm | GET /api/jobs/admin/all
2026-04-26T08:23:13.688Z - 📡 [TRAFFIC] 1:53:13 pm | GET /api/jobs/admin/applications
2026-04-26T08:23:40.145Z - 📡 [TRAFFIC] 1:53:40 pm | POST /api/jobs
2026-04-26T08:23:40.152Z - 📡 [TRAFFIC] 1:53:40 pm | GET /api/jobs/admin/all
2026-04-26T08:23:42.970Z - 📡 [TRAFFIC] 1:53:42 pm | GET /api/notifications?userId=69eafd0d2c76f5ab4ec7b5f3&role=admin
2026-04-26T08:23:42.975Z - SOCKET_JOIN - Client LwtPTNHzeAQNaCfqAAAY -> user_69eafd0d2c76f5ab4ec7b5f3
2026-04-26T08:23:42.977Z - 📡 [TRAFFIC] 1:53:42 pm | GET /api/jobs/admin/all
2026-04-26T08:23:42.979Z - 📡 [TRAFFIC] 1:53:42 pm | GET /api/jobs/admin/applications
2026-04-26T08:23:43.000Z - SOCKET_JOIN - Client LwtPTNHzeAQNaCfqAAAY -> admins_pool
2026-04-26T08:23:43.001Z - SOCKET_JOIN - Client LwtPTNHzeAQNaCfqAAAY -> user_69eafd0d2c76f5ab4ec7b5f3
2026-04-26T08:23:43.002Z - SOCKET_JOIN - Client LwtPTNHzeAQNaCfqAAAY -> admins_pool
2026-04-26T08:23:43.074Z - 📡 [TRAFFIC] 1:53:43 pm | GET /api/jobs/admin/applications
2026-04-26T08:23:43.087Z - 📡 [TRAFFIC] 1:53:43 pm | GET /api/jobs/admin/all
2026-04-26T08:23:43.093Z - 📡 [TRAFFIC] 1:53:43 pm | GET /api/notifications?userId=69eafd0d2c76f5ab4ec7b5f3&role=admin
2026-04-26T08:37:34.060Z - 🚀 SERVER RESTARTED AT 2026-04-26T08:37:34.059Z ON PORT 5001
2026-04-26T08:37:51.398Z - 📡 [TRAFFIC] 2:07:51 pm | POST /api/jobs
2026-04-26T08:37:51.513Z - 📡 [TRAFFIC] 2:07:51 pm | GET /api/jobs/admin/all
2026-04-26T08:38:02.767Z - 📡 [TRAFFIC] 2:08:02 pm | GET /api/jobs/active
2026-04-26T08:38:02.953Z - 📡 [TRAFFIC] 2:08:02 pm | GET /api/jobs/active
2026-04-26T08:38:16.743Z - 📡 [TRAFFIC] 2:08:16 pm | POST /api/jobs/apply
2026-04-26T08:38:17.038Z - 📡 [TRAFFIC] 2:08:17 pm | GET /api/jobs/active
2026-04-26T08:38:22.316Z - 📡 [TRAFFIC] 2:08:22 pm | GET /api/notifications?userId=69eafd0d2c76f5ab4ec7b5f3&role=admin
2026-04-26T08:38:22.324Z - SOCKET_JOIN - Client 1AOhRuZ4kVXRfaFYAAAJ -> user_69eafd0d2c76f5ab4ec7b5f3
2026-04-26T08:38:22.326Z - 📡 [TRAFFIC] 2:08:22 pm | GET /api/jobs/admin/all
2026-04-26T08:38:22.331Z - 📡 [TRAFFIC] 2:08:22 pm | GET /api/jobs/admin/applications
2026-04-26T08:38:22.348Z - SOCKET_JOIN - Client 1AOhRuZ4kVXRfaFYAAAJ -> admins_pool
2026-04-26T08:38:22.350Z - SOCKET_JOIN - Client 1AOhRuZ4kVXRfaFYAAAJ -> user_69eafd0d2c76f5ab4ec7b5f3
2026-04-26T08:38:22.351Z - SOCKET_JOIN - Client 1AOhRuZ4kVXRfaFYAAAJ -> admins_pool
2026-04-26T08:38:22.449Z - 📡 [TRAFFIC] 2:08:22 pm | GET /api/notifications?userId=69eafd0d2c76f5ab4ec7b5f3&role=admin
2026-04-26T08:38:22.460Z - 📡 [TRAFFIC] 2:08:22 pm | GET /api/jobs/admin/all
2026-04-26T08:38:22.545Z - 📡 [TRAFFIC] 2:08:22 pm | GET /api/jobs/admin/applications
2026-04-26T08:38:45.379Z - 📡 [TRAFFIC] 2:08:45 pm | GET /api/master-services
2026-04-26T08:38:45.384Z - 📡 [TRAFFIC] 2:08:45 pm | GET /api/admin/users
2026-04-26T08:38:45.457Z - 📡 [TRAFFIC] 2:08:45 pm | GET /api/admin/users
2026-04-26T08:38:45.548Z - 📡 [TRAFFIC] 2:08:45 pm | GET /api/master-services
2026-04-26T08:39:03.920Z - SOCKET_JOIN - Client HvfJC4wCrI4WqEZ-AAAL -> vendors_pool
2026-04-26T08:39:03.924Z - 📡 [TRAFFIC] 2:09:03 pm | GET /api/jobs/vendor?vendorId=69ec93ce2c76f5ab4ec7cf65
2026-04-26T08:39:03.930Z - 📡 [TRAFFIC] 2:09:03 pm | GET /api/jobs/vendor/69ec93ce2c76f5ab4ec7cf65/applications
2026-04-26T08:39:03.948Z - SOCKET_JOIN - Client HvfJC4wCrI4WqEZ-AAAL -> user_69ec93ce2c76f5ab4ec7cf65
2026-04-26T08:39:03.962Z - SOCKET_JOIN - Client HvfJC4wCrI4WqEZ-AAAL -> vendors_pool
2026-04-26T08:39:03.965Z - SOCKET_JOIN - Client HvfJC4wCrI4WqEZ-AAAL -> user_69ec93ce2c76f5ab4ec7cf65
2026-04-26T08:39:04.050Z - 📡 [TRAFFIC] 2:09:04 pm | GET /api/jobs/vendor/69ec93ce2c76f5ab4ec7cf65/applications
2026-04-26T08:39:04.053Z - 📡 [TRAFFIC] 2:09:04 pm | GET /api/jobs/vendor?vendorId=69ec93ce2c76f5ab4ec7cf65
2026-04-26T08:39:29.302Z - 📡 [TRAFFIC] 2:09:29 pm | POST /api/jobs/apply
2026-04-26T08:39:29.416Z - 📡 [TRAFFIC] 2:09:29 pm | GET /api/jobs/active
2026-04-26T08:39:39.578Z - 📡 [TRAFFIC] 2:09:39 pm | GET /api/jobs/vendor?vendorId=69ec93ce2c76f5ab4ec7cf65
2026-04-26T08:39:39.584Z - 📡 [TRAFFIC] 2:09:39 pm | GET /api/jobs/vendor/69ec93ce2c76f5ab4ec7cf65/applications
2026-04-26T08:39:39.589Z - SOCKET_JOIN - Client xwTElnkq2R9brQbyAAAN -> vendors_pool
2026-04-26T08:39:39.609Z - SOCKET_JOIN - Client xwTElnkq2R9brQbyAAAN -> user_69ec93ce2c76f5ab4ec7cf65
2026-04-26T08:39:39.614Z - SOCKET_JOIN - Client xwTElnkq2R9brQbyAAAN -> vendors_pool
2026-04-26T08:39:39.616Z - SOCKET_JOIN - Client xwTElnkq2R9brQbyAAAN -> user_69ec93ce2c76f5ab4ec7cf65
2026-04-26T08:39:39.664Z - 📡 [TRAFFIC] 2:09:39 pm | GET /api/jobs/vendor/69ec93ce2c76f5ab4ec7cf65/applications
2026-04-26T08:39:39.671Z - 📡 [TRAFFIC] 2:09:39 pm | GET /api/jobs/vendor?vendorId=69ec93ce2c76f5ab4ec7cf65
2026-04-26T09:16:06.991Z - 📡 [TRAFFIC] 2:46:06 pm | GET /api/jobs/vendor?vendorId=69ec93ce2c76f5ab4ec7cf65
2026-04-26T09:16:06.997Z - 📡 [TRAFFIC] 2:46:06 pm | GET /api/jobs/vendor/69ec93ce2c76f5ab4ec7cf65/applications
2026-04-26T09:16:07.002Z - SOCKET_JOIN - Client BEuc1mrjfoRUkqXkAAAY -> vendors_pool
2026-04-26T09:16:07.019Z - SOCKET_JOIN - Client BEuc1mrjfoRUkqXkAAAY -> user_69ec93ce2c76f5ab4ec7cf65
2026-04-26T09:16:07.020Z - SOCKET_JOIN - Client BEuc1mrjfoRUkqXkAAAY -> vendors_pool
2026-04-26T09:16:07.022Z - SOCKET_JOIN - Client BEuc1mrjfoRUkqXkAAAY -> user_69ec93ce2c76f5ab4ec7cf65
2026-04-26T09:16:07.048Z - 📡 [TRAFFIC] 2:46:07 pm | GET /api/jobs/active
2026-04-26T09:16:07.078Z - 📡 [TRAFFIC] 2:46:07 pm | GET /api/notifications?userId=69eafd0d2c76f5ab4ec7b5f3&role=admin
2026-04-26T09:16:07.081Z - SOCKET_JOIN - Client 8wsiRe0YbkIoZJ8jAAAW -> user_69eafd0d2c76f5ab4ec7b5f3
2026-04-26T09:16:07.082Z - 📡 [TRAFFIC] 2:46:07 pm | GET /api/master-services
2026-04-26T09:16:07.084Z - 📡 [TRAFFIC] 2:46:07 pm | GET /api/admin/users
2026-04-26T09:16:07.097Z - SOCKET_JOIN - Client 8wsiRe0YbkIoZJ8jAAAW -> admins_pool
2026-04-26T09:16:07.098Z - SOCKET_JOIN - Client 8wsiRe0YbkIoZJ8jAAAW -> user_69eafd0d2c76f5ab4ec7b5f3
2026-04-26T09:16:07.098Z - SOCKET_JOIN - Client 8wsiRe0YbkIoZJ8jAAAW -> admins_pool
2026-04-26T09:16:15.140Z - 📡 [TRAFFIC] 2:46:15 pm | GET /api/jobs/active
2026-04-26T09:16:15.149Z - 📡 [TRAFFIC] 2:46:15 pm | GET /api/jobs/vendor/69ec93ce2c76f5ab4ec7cf65/applications
2026-04-26T09:16:15.169Z - 📡 [TRAFFIC] 2:46:15 pm | GET /api/jobs/vendor?vendorId=69ec93ce2c76f5ab4ec7cf65
2026-04-26T09:16:15.178Z - 📡 [TRAFFIC] 2:46:15 pm | GET /api/admin/users
2026-04-26T09:16:15.186Z - 📡 [TRAFFIC] 2:46:15 pm | GET /api/notifications?userId=69eafd0d2c76f5ab4ec7b5f3&role=admin
2026-04-26T09:16:15.193Z - 📡 [TRAFFIC] 2:46:15 pm | GET /api/master-services
2026-04-26T09:16:51.684Z - 📡 [TRAFFIC] 2:46:51 pm | POST /api/jobs
2026-04-26T09:16:51.849Z - 📡 [TRAFFIC] 2:46:51 pm | GET /api/jobs/vendor?vendorId=69ec93ce2c76f5ab4ec7cf65
2026-04-26T09:16:51.852Z - 📡 [TRAFFIC] 2:46:51 pm | GET /api/jobs/vendor/69ec93ce2c76f5ab4ec7cf65/applications
2026-04-26T09:17:00.366Z - 📡 [TRAFFIC] 2:47:00 pm | GET /api/orders/vendor?vendorId=69ec93ce2c76f5ab4ec7cf65
2026-04-26T09:17:00.370Z - 📡 [TRAFFIC] 2:47:00 pm | GET /api/orders/pool?vendorId=69ec93ce2c76f5ab4ec7cf65
2026-04-26T09:17:00.373Z - 📡 [TRAFFIC] 2:47:00 pm | GET /api/notifications?userId=69ec93ce2c76f5ab4ec7cf65&role=vendor
2026-04-26T09:17:00.496Z - 📡 [TRAFFIC] 2:47:00 pm | GET /api/orders/vendor?vendorId=69ec93ce2c76f5ab4ec7cf65
2026-04-26T09:17:00.499Z - 📡 [TRAFFIC] 2:47:00 pm | GET /api/notifications?userId=69ec93ce2c76f5ab4ec7cf65&role=vendor
2026-04-26T09:17:00.627Z - 📡 [TRAFFIC] 2:47:00 pm | GET /api/orders/pool?vendorId=69ec93ce2c76f5ab4ec7cf65
2026-04-26T09:17:01.719Z - 📡 [TRAFFIC] 2:47:01 pm | GET /api/jobs/vendor?vendorId=69ec93ce2c76f5ab4ec7cf65
2026-04-26T09:17:01.722Z - 📡 [TRAFFIC] 2:47:01 pm | GET /api/jobs/vendor/69ec93ce2c76f5ab4ec7cf65/applications
2026-04-26T09:17:01.863Z - 📡 [TRAFFIC] 2:47:01 pm | GET /api/jobs/vendor/69ec93ce2c76f5ab4ec7cf65/applications
2026-04-26T09:17:01.865Z - 📡 [TRAFFIC] 2:47:01 pm | GET /api/jobs/vendor?vendorId=69ec93ce2c76f5ab4ec7cf65
2026-04-26T09:17:31.748Z - 📡 [TRAFFIC] 2:47:31 pm | GET /api/jobs/active
2026-04-26T09:17:31.974Z - 📡 [TRAFFIC] 2:47:31 pm | GET /api/jobs/active
2026-04-26T09:17:50.643Z - 📡 [TRAFFIC] 2:47:50 pm | POST /api/jobs/apply
2026-04-26T09:17:51.026Z - 📡 [TRAFFIC] 2:47:51 pm | GET /api/jobs/active
2026-04-26T09:17:54.753Z - SOCKET_JOIN - Client sfP1DrQoD4LYGfDuAAAd -> vendors_pool
2026-04-26T09:17:54.768Z - 📡 [TRAFFIC] 2:47:54 pm | GET /api/jobs/vendor?vendorId=69ec93ce2c76f5ab4ec7cf65
2026-04-26T09:17:54.772Z - 📡 [TRAFFIC] 2:47:54 pm | GET /api/jobs/vendor/69ec93ce2c76f5ab4ec7cf65/applications
2026-04-26T09:17:54.776Z - SOCKET_JOIN - Client sfP1DrQoD4LYGfDuAAAd -> user_69ec93ce2c76f5ab4ec7cf65
2026-04-26T09:17:54.778Z - SOCKET_JOIN - Client sfP1DrQoD4LYGfDuAAAd -> vendors_pool
2026-04-26T09:17:54.779Z - SOCKET_JOIN - Client sfP1DrQoD4LYGfDuAAAd -> user_69ec93ce2c76f5ab4ec7cf65
2026-04-26T09:17:54.904Z - 📡 [TRAFFIC] 2:47:54 pm | GET /api/jobs/vendor?vendorId=69ec93ce2c76f5ab4ec7cf65
2026-04-26T09:17:55.026Z - 📡 [TRAFFIC] 2:47:55 pm | GET /api/jobs/vendor/69ec93ce2c76f5ab4ec7cf65/applications
2026-04-26T09:17:59.896Z - SOCKET_JOIN - Client pILBHOUC3qDcPM39AAAf -> vendors_pool
2026-04-26T09:17:59.905Z - 📡 [TRAFFIC] 2:47:59 pm | GET /api/jobs/vendor?vendorId=69ec93ce2c76f5ab4ec7cf65
2026-04-26T09:17:59.908Z - 📡 [TRAFFIC] 2:47:59 pm | GET /api/jobs/vendor/69ec93ce2c76f5ab4ec7cf65/applications
2026-04-26T09:17:59.915Z - SOCKET_JOIN - Client pILBHOUC3qDcPM39AAAf -> user_69ec93ce2c76f5ab4ec7cf65
2026-04-26T09:17:59.919Z - SOCKET_JOIN - Client pILBHOUC3qDcPM39AAAf -> vendors_pool
2026-04-26T09:17:59.921Z - SOCKET_JOIN - Client pILBHOUC3qDcPM39AAAf -> user_69ec93ce2c76f5ab4ec7cf65
2026-04-26T09:18:00.021Z - 📡 [TRAFFIC] 2:48:00 pm | GET /api/jobs/vendor?vendorId=69ec93ce2c76f5ab4ec7cf65
2026-04-26T09:18:00.131Z - 📡 [TRAFFIC] 2:48:00 pm | GET /api/jobs/vendor/69ec93ce2c76f5ab4ec7cf65/applications
2026-04-26T09:27:18.198Z - 📡 [TRAFFIC] 2:57:18 pm | GET /api/orders/vendor?vendorId=69ec93ce2c76f5ab4ec7cf65
2026-04-26T09:27:18.202Z - 📡 [TRAFFIC] 2:57:18 pm | GET /api/orders/pool?vendorId=69ec93ce2c76f5ab4ec7cf65
2026-04-26T09:27:18.204Z - 📡 [TRAFFIC] 2:57:18 pm | GET /api/notifications?userId=69ec93ce2c76f5ab4ec7cf65&role=vendor
2026-04-26T09:27:18.299Z - 📡 [TRAFFIC] 2:57:18 pm | GET /api/notifications?userId=69ec93ce2c76f5ab4ec7cf65&role=vendor
2026-04-26T09:27:18.315Z - 📡 [TRAFFIC] 2:57:18 pm | GET /api/orders/vendor?vendorId=69ec93ce2c76f5ab4ec7cf65
2026-04-26T09:27:18.374Z - 📡 [TRAFFIC] 2:57:18 pm | GET /api/orders/pool?vendorId=69ec93ce2c76f5ab4ec7cf65
2026-04-26T09:57:19.118Z - 📡 [TRAFFIC] 3:27:19 pm | GET /api/orders/vendor?vendorId=69ec93ce2c76f5ab4ec7cf65
2026-04-26T09:57:19.123Z - 📡 [TRAFFIC] 3:27:19 pm | GET /api/orders/pool?vendorId=69ec93ce2c76f5ab4ec7cf65
2026-04-26T09:57:19.125Z - 📡 [TRAFFIC] 3:27:19 pm | GET /api/notifications?userId=69ec93ce2c76f5ab4ec7cf65&role=vendor
2026-04-26T10:27:19.118Z - 📡 [TRAFFIC] 3:57:19 pm | GET /api/orders/vendor?vendorId=69ec93ce2c76f5ab4ec7cf65
2026-04-26T10:27:19.122Z - 📡 [TRAFFIC] 3:57:19 pm | GET /api/orders/pool?vendorId=69ec93ce2c76f5ab4ec7cf65
2026-04-26T10:27:19.124Z - 📡 [TRAFFIC] 3:57:19 pm | GET /api/notifications?userId=69ec93ce2c76f5ab4ec7cf65&role=vendor
2026-04-26T11:05:10.292Z - 📡 [TRAFFIC] 4:35:10 pm | GET /api/orders/pool?vendorId=69ec93ce2c76f5ab4ec7cf65
2026-04-26T11:05:10.310Z - 📡 [TRAFFIC] 4:35:10 pm | GET /api/orders/vendor?vendorId=69ec93ce2c76f5ab4ec7cf65
2026-04-26T11:05:10.314Z - 📡 [TRAFFIC] 4:35:10 pm | GET /api/notifications?userId=69ec93ce2c76f5ab4ec7cf65&role=vendor
2026-04-26T11:05:12.042Z - SOCKET_JOIN - Client SEiQAS7dSg2pIgEOAAAo -> vendors_pool
2026-04-26T11:05:12.110Z - 📡 [TRAFFIC] 4:35:12 pm | GET /api/orders/vendor?vendorId=69ec93ce2c76f5ab4ec7cf65
2026-04-26T11:05:12.129Z - 📡 [TRAFFIC] 4:35:12 pm | GET /api/orders/pool?vendorId=69ec93ce2c76f5ab4ec7cf65
2026-04-26T11:05:12.134Z - 📡 [TRAFFIC] 4:35:12 pm | GET /api/notifications?userId=69ec93ce2c76f5ab4ec7cf65&role=vendor
2026-04-26T11:05:12.146Z - SOCKET_JOIN - Client SEiQAS7dSg2pIgEOAAAo -> user_69ec93ce2c76f5ab4ec7cf65
2026-04-26T11:05:12.147Z - SOCKET_JOIN - Client SEiQAS7dSg2pIgEOAAAo -> vendors_pool
2026-04-26T11:05:12.154Z - SOCKET_JOIN - Client SEiQAS7dSg2pIgEOAAAo -> user_69ec93ce2c76f5ab4ec7cf65
2026-04-26T11:05:12.597Z - 📡 [TRAFFIC] 4:35:12 pm | GET /api/notifications?userId=69eafd0d2c76f5ab4ec7b5f3&role=admin
2026-04-26T11:05:12.601Z - SOCKET_JOIN - Client h3_jyDG43DGeeRMPAAAp -> user_69eafd0d2c76f5ab4ec7b5f3
2026-04-26T11:05:12.644Z - SOCKET_JOIN - Client h3_jyDG43DGeeRMPAAAp -> admins_pool
2026-04-26T11:05:12.645Z - SOCKET_JOIN - Client h3_jyDG43DGeeRMPAAAp -> user_69eafd0d2c76f5ab4ec7b5f3
2026-04-26T11:05:12.645Z - SOCKET_JOIN - Client h3_jyDG43DGeeRMPAAAp -> admins_pool
2026-04-26T11:05:32.135Z - 📡 [TRAFFIC] 4:35:32 pm | GET /api/orders/vendor?vendorId=69ec93ce2c76f5ab4ec7cf65
2026-04-26T11:05:32.137Z - 📡 [TRAFFIC] 4:35:32 pm | GET /api/orders/pool?vendorId=69ec93ce2c76f5ab4ec7cf65
2026-04-26T11:05:32.138Z - 📡 [TRAFFIC] 4:35:32 pm | GET /api/notifications?userId=69ec93ce2c76f5ab4ec7cf65&role=vendor
2026-04-26T11:05:32.631Z - 📡 [TRAFFIC] 4:35:32 pm | GET /api/notifications?userId=69eafd0d2c76f5ab4ec7b5f3&role=admin
2026-04-26T11:10:04.514Z - 🚀 SERVER RESTARTED AT 2026-04-26T11:10:04.512Z ON PORT 5001
2026-04-26T11:57:35.037Z - 📡 [TRAFFIC] 5:27:34 pm | GET /api/notifications?userId=69ec93ce2c76f5ab4ec7cf65&role=vendor
2026-04-26T11:57:35.156Z - 📡 [TRAFFIC] 5:27:35 pm | GET /api/orders/pool?vendorId=69ec93ce2c76f5ab4ec7cf65
2026-04-26T11:57:35.175Z - 📡 [TRAFFIC] 5:27:35 pm | GET /api/orders/vendor?vendorId=69ec93ce2c76f5ab4ec7cf65
2026-04-26T11:57:35.445Z - SOCKET_JOIN - Client WkdwGDRSHQnnFSxVAAAL -> vendors_pool
2026-04-26T11:57:35.448Z - SOCKET_JOIN - Client WkdwGDRSHQnnFSxVAAAL -> user_69ec93ce2c76f5ab4ec7cf65
2026-04-26T11:57:35.457Z - SOCKET_JOIN - Client WkdwGDRSHQnnFSxVAAAL -> vendors_pool
2026-04-26T11:57:35.460Z - SOCKET_JOIN - Client WkdwGDRSHQnnFSxVAAAL -> user_69ec93ce2c76f5ab4ec7cf65
2026-04-26T11:57:36.796Z - SOCKET_JOIN - Client tLoaod2ZoX6Nmh_pAAAN -> user_69eafd0d2c76f5ab4ec7b5f3
2026-04-26T11:57:36.800Z - 📡 [TRAFFIC] 5:27:36 pm | GET /api/notifications?userId=69eafd0d2c76f5ab4ec7b5f3&role=admin
2026-04-26T11:57:36.878Z - SOCKET_JOIN - Client tLoaod2ZoX6Nmh_pAAAN -> admins_pool
2026-04-26T11:57:36.879Z - SOCKET_JOIN - Client tLoaod2ZoX6Nmh_pAAAN -> user_69eafd0d2c76f5ab4ec7b5f3
2026-04-26T11:57:36.881Z - SOCKET_JOIN - Client tLoaod2ZoX6Nmh_pAAAN -> admins_pool
2026-04-26T11:57:54.488Z - 📡 [TRAFFIC] 5:27:54 pm | GET /api/orders/vendor?vendorId=69ec93ce2c76f5ab4ec7cf65
2026-04-26T11:57:54.493Z - 📡 [TRAFFIC] 5:27:54 pm | GET /api/orders/pool?vendorId=69ec93ce2c76f5ab4ec7cf65
2026-04-26T11:57:54.499Z - 📡 [TRAFFIC] 5:27:54 pm | GET /api/notifications?userId=69ec93ce2c76f5ab4ec7cf65&role=vendor
2026-04-26T11:57:56.855Z - 📡 [TRAFFIC] 5:27:56 pm | GET /api/notifications?userId=69eafd0d2c76f5ab4ec7b5f3&role=admin
2026-04-26T12:55:44.358Z - 📡 [TRAFFIC] 6:25:44 pm | GET /api/orders/vendor?vendorId=69ec93ce2c76f5ab4ec7cf65
2026-04-26T12:55:44.369Z - 📡 [TRAFFIC] 6:25:44 pm | GET /api/orders/pool?vendorId=69ec93ce2c76f5ab4ec7cf65
2026-04-26T12:55:44.379Z - 📡 [TRAFFIC] 6:25:44 pm | GET /api/notifications?userId=69ec93ce2c76f5ab4ec7cf65&role=vendor
2026-04-26T12:55:52.786Z - 📡 [TRAFFIC] 6:25:52 pm | GET /api/orders/vendor?vendorId=69ec93ce2c76f5ab4ec7cf65
2026-04-26T12:55:52.791Z - 📡 [TRAFFIC] 6:25:52 pm | GET /api/orders/pool?vendorId=69ec93ce2c76f5ab4ec7cf65
2026-04-26T12:55:52.797Z - 📡 [TRAFFIC] 6:25:52 pm | GET /api/notifications?userId=69ec93ce2c76f5ab4ec7cf65&role=vendor
2026-04-26T12:55:52.803Z - SOCKET_JOIN - Client Fqoo1lrQaR1HB0nKAAAX -> vendors_pool
2026-04-26T12:55:52.994Z - SOCKET_JOIN - Client Fqoo1lrQaR1HB0nKAAAX -> user_69ec93ce2c76f5ab4ec7cf65
2026-04-26T12:55:52.996Z - SOCKET_JOIN - Client Fqoo1lrQaR1HB0nKAAAX -> vendors_pool
2026-04-26T12:55:52.997Z - SOCKET_JOIN - Client Fqoo1lrQaR1HB0nKAAAX -> user_69ec93ce2c76f5ab4ec7cf65
2026-04-26T12:55:53.787Z - 📡 [TRAFFIC] 6:25:53 pm | GET /api/notifications?userId=69eafd0d2c76f5ab4ec7b5f3&role=admin
2026-04-26T12:55:53.792Z - SOCKET_JOIN - Client Apc1tTuvAcXUUEMCAAAb -> user_69eafd0d2c76f5ab4ec7b5f3
2026-04-26T12:55:53.866Z - SOCKET_JOIN - Client Apc1tTuvAcXUUEMCAAAb -> admins_pool
2026-04-26T12:55:53.868Z - SOCKET_JOIN - Client Apc1tTuvAcXUUEMCAAAb -> user_69eafd0d2c76f5ab4ec7b5f3
2026-04-26T12:55:53.869Z - SOCKET_JOIN - Client Apc1tTuvAcXUUEMCAAAb -> admins_pool
2026-04-26T12:56:12.845Z - 📡 [TRAFFIC] 6:26:12 pm | GET /api/orders/vendor?vendorId=69ec93ce2c76f5ab4ec7cf65
2026-04-26T12:56:12.850Z - 📡 [TRAFFIC] 6:26:12 pm | GET /api/orders/pool?vendorId=69ec93ce2c76f5ab4ec7cf65
2026-04-26T12:56:12.852Z - 📡 [TRAFFIC] 6:26:12 pm | GET /api/notifications?userId=69ec93ce2c76f5ab4ec7cf65&role=vendor
2026-04-26T12:56:13.842Z - 📡 [TRAFFIC] 6:26:13 pm | GET /api/notifications?userId=69eafd0d2c76f5ab4ec7b5f3&role=admin
2026-04-26T14:00:09.983Z - SOCKET_JOIN - Client L__YpWAiwfYzXkJsAAAh -> user_69eafd0d2c76f5ab4ec7b5f3
2026-04-26T14:00:10.008Z - 📡 [TRAFFIC] 7:30:10 pm | GET /api/notifications?userId=69eafd0d2c76f5ab4ec7b5f3&role=admin
2026-04-26T14:00:10.078Z - SOCKET_JOIN - Client L__YpWAiwfYzXkJsAAAh -> admins_pool
2026-04-26T14:00:10.081Z - SOCKET_JOIN - Client L__YpWAiwfYzXkJsAAAh -> user_69eafd0d2c76f5ab4ec7b5f3
2026-04-26T14:00:10.082Z - SOCKET_JOIN - Client L__YpWAiwfYzXkJsAAAh -> admins_pool
2026-04-26T14:00:10.092Z - 📡 [TRAFFIC] 7:30:10 pm | GET /api/orders/vendor?vendorId=69ec93ce2c76f5ab4ec7cf65
2026-04-26T14:00:10.100Z - 📡 [TRAFFIC] 7:30:10 pm | GET /api/orders/pool?vendorId=69ec93ce2c76f5ab4ec7cf65
2026-04-26T14:00:10.109Z - 📡 [TRAFFIC] 7:30:10 pm | GET /api/notifications?userId=69ec93ce2c76f5ab4ec7cf65&role=vendor
2026-04-26T14:00:10.118Z - SOCKET_JOIN - Client kczeWNDvkLCB6nZEAAAk -> vendors_pool
2026-04-26T14:00:10.344Z - SOCKET_JOIN - Client kczeWNDvkLCB6nZEAAAk -> user_69ec93ce2c76f5ab4ec7cf65
2026-04-26T14:00:10.347Z - SOCKET_JOIN - Client kczeWNDvkLCB6nZEAAAk -> vendors_pool
2026-04-26T14:00:10.349Z - SOCKET_JOIN - Client kczeWNDvkLCB6nZEAAAk -> user_69ec93ce2c76f5ab4ec7cf65
2026-04-26T14:00:30.069Z - 📡 [TRAFFIC] 7:30:30 pm | GET /api/notifications?userId=69eafd0d2c76f5ab4ec7b5f3&role=admin
2026-04-26T14:00:30.155Z - 📡 [TRAFFIC] 7:30:30 pm | GET /api/orders/vendor?vendorId=69ec93ce2c76f5ab4ec7cf65
2026-04-26T14:00:30.160Z - 📡 [TRAFFIC] 7:30:30 pm | GET /api/orders/pool?vendorId=69ec93ce2c76f5ab4ec7cf65
2026-04-26T14:00:30.165Z - 📡 [TRAFFIC] 7:30:30 pm | GET /api/notifications?userId=69ec93ce2c76f5ab4ec7cf65&role=vendor
2026-04-27T04:55:11.834Z - 🚀 SERVER RESTARTED AT 2026-04-27T04:55:11.829Z ON PORT 5001
2026-04-27T05:07:02.888Z - 🚀 SERVER RESTARTED AT 2026-04-27T05:07:02.886Z ON PORT 5001
2026-04-27T05:29:26.066Z - 📡 [TRAFFIC] 10:59:25 am | GET /api/orders/vendor?vendorId=69ec93ce2c76f5ab4ec7cf65
2026-04-27T05:29:26.110Z - 📡 [TRAFFIC] 10:59:26 am | GET /api/orders/pool?vendorId=69ec93ce2c76f5ab4ec7cf65
2026-04-27T05:29:26.141Z - SOCKET_JOIN - Client je1N9sUV54dvzzi4AAAD -> vendors_pool
2026-04-27T05:29:26.161Z - 📡 [TRAFFIC] 10:59:26 am | GET /api/notifications?userId=69ec93ce2c76f5ab4ec7cf65&role=vendor
2026-04-27T05:29:26.234Z - 📡 [TRAFFIC] 10:59:26 am | GET /api/orders/vendor?vendorId=69ec93ce2c76f5ab4ec7cf65
2026-04-27T05:29:26.307Z - 📡 [TRAFFIC] 10:59:26 am | GET /api/notifications?userId=69ec93ce2c76f5ab4ec7cf65&role=vendor
2026-04-27T05:29:26.331Z - SOCKET_JOIN - Client je1N9sUV54dvzzi4AAAD -> user_69ec93ce2c76f5ab4ec7cf65
2026-04-27T05:29:26.334Z - SOCKET_JOIN - Client je1N9sUV54dvzzi4AAAD -> vendors_pool
2026-04-27T05:29:26.344Z - SOCKET_JOIN - Client je1N9sUV54dvzzi4AAAD -> user_69ec93ce2c76f5ab4ec7cf65
2026-04-27T05:29:26.394Z - 📡 [TRAFFIC] 10:59:26 am | GET /api/orders/pool?vendorId=69ec93ce2c76f5ab4ec7cf65
2026-04-27T05:36:05.317Z - 📡 [TRAFFIC] 11:06:05 am | GET /api/notifications?userId=69eafd0d2c76f5ab4ec7b5f3&role=admin
2026-04-27T05:36:05.332Z - SOCKET_JOIN - Client JMSP02fTlmxmiV3oAAAF -> user_69eafd0d2c76f5ab4ec7b5f3
2026-04-27T05:36:05.392Z - SOCKET_JOIN - Client JMSP02fTlmxmiV3oAAAF -> admins_pool
2026-04-27T05:36:05.394Z - SOCKET_JOIN - Client JMSP02fTlmxmiV3oAAAF -> user_69eafd0d2c76f5ab4ec7b5f3
2026-04-27T05:36:05.395Z - SOCKET_JOIN - Client JMSP02fTlmxmiV3oAAAF -> admins_pool
2026-04-27T05:36:05.446Z - 📡 [TRAFFIC] 11:06:05 am | GET /api/notifications?userId=69eafd0d2c76f5ab4ec7b5f3&role=admin
2026-04-27T05:36:31.704Z - 📡 [TRAFFIC] 11:06:31 am | GET /api/admin/config
2026-04-27T05:36:31.715Z - 📡 [TRAFFIC] 11:06:31 am | GET /api/master-services
2026-04-27T05:36:31.733Z - 📡 [TRAFFIC] 11:06:31 am | GET /api/services?approvedOnly=true
2026-04-27T05:36:32.056Z - 📡 [TRAFFIC] 11:06:32 am | GET /api/auth/profile/69eafd0d2c76f5ab4ec7b5f0
2026-04-27T05:36:49.051Z - 📡 [TRAFFIC] 11:06:49 am | GET /api/services
2026-04-27T05:36:49.057Z - 📡 [TRAFFIC] 11:06:49 am | GET /api/admin/config
2026-04-27T05:36:49.063Z - 📡 [TRAFFIC] 11:06:49 am | GET /api/auth/profile/69eafd0d2c76f5ab4ec7b5f0
2026-04-27T05:36:50.669Z - 📡 [TRAFFIC] 11:06:50 am | GET /api/admin/config
2026-04-27T05:36:50.675Z - 📡 [TRAFFIC] 11:06:50 am | GET /api/master-services
2026-04-27T05:36:50.680Z - 📡 [TRAFFIC] 11:06:50 am | GET /api/services?approvedOnly=true
2026-04-27T05:36:50.817Z - 📡 [TRAFFIC] 11:06:50 am | GET /api/auth/profile/69eafd0d2c76f5ab4ec7b5f0
2026-04-27T05:37:44.176Z - 📡 [TRAFFIC] 11:07:44 am | GET /api/admin/config
2026-04-27T05:37:44.183Z - 📡 [TRAFFIC] 11:07:44 am | GET /api/master-services
2026-04-27T05:37:44.189Z - 📡 [TRAFFIC] 11:07:44 am | GET /api/services?approvedOnly=true
2026-04-27T05:37:44.263Z - 📡 [TRAFFIC] 11:07:44 am | GET /api/admin/config
2026-04-27T05:37:44.279Z - 📡 [TRAFFIC] 11:07:44 am | GET /api/auth/profile/69ec93ce2c76f5ab4ec7cf64
2026-04-27T05:37:44.393Z - 📡 [TRAFFIC] 11:07:44 am | GET /api/services?approvedOnly=true
2026-04-27T05:37:44.401Z - 📡 [TRAFFIC] 11:07:44 am | GET /api/master-services
2026-04-27T05:37:44.410Z - 📡 [TRAFFIC] 11:07:44 am | GET /api/auth/profile/69ec93ce2c76f5ab4ec7cf64
2026-04-27T05:37:47.992Z - 📡 [TRAFFIC] 11:07:47 am | GET /api/services
2026-04-27T05:37:47.997Z - 📡 [TRAFFIC] 11:07:47 am | GET /api/admin/config
2026-04-27T05:37:48.000Z - 📡 [TRAFFIC] 11:07:48 am | GET /api/auth/profile/69ec93ce2c76f5ab4ec7cf64
2026-04-27T05:37:48.089Z - 📡 [TRAFFIC] 11:07:48 am | GET /api/admin/config
2026-04-27T05:37:48.094Z - 📡 [TRAFFIC] 11:07:48 am | GET /api/auth/profile/69ec93ce2c76f5ab4ec7cf64
2026-04-27T05:37:48.157Z - 📡 [TRAFFIC] 11:07:48 am | GET /api/services
2026-04-27T05:37:53.001Z - 📡 [TRAFFIC] 11:07:53 am | GET /api/admin/config
2026-04-27T05:37:53.007Z - 📡 [TRAFFIC] 11:07:53 am | GET /api/master-services
2026-04-27T05:37:53.014Z - 📡 [TRAFFIC] 11:07:53 am | GET /api/services?approvedOnly=true
2026-04-27T05:37:53.093Z - 📡 [TRAFFIC] 11:07:53 am | GET /api/admin/config
2026-04-27T05:37:53.116Z - 📡 [TRAFFIC] 11:07:53 am | GET /api/auth/profile/69ec93ce2c76f5ab4ec7cf64
2026-04-27T05:37:53.195Z - 📡 [TRAFFIC] 11:07:53 am | GET /api/master-services
2026-04-27T05:37:53.221Z - 📡 [TRAFFIC] 11:07:53 am | GET /api/services?approvedOnly=true
2026-04-27T05:37:53.241Z - 📡 [TRAFFIC] 11:07:53 am | GET /api/auth/profile/69ec93ce2c76f5ab4ec7cf64
2026-04-27T05:38:09.206Z - 📡 [TRAFFIC] 11:08:09 am | GET /api/services
2026-04-27T05:38:09.213Z - 📡 [TRAFFIC] 11:08:09 am | GET /api/admin/config
2026-04-27T05:38:09.217Z - 📡 [TRAFFIC] 11:08:09 am | GET /api/auth/profile/69ec93ce2c76f5ab4ec7cf64
2026-04-27T05:38:09.304Z - 📡 [TRAFFIC] 11:08:09 am | GET /api/admin/config
2026-04-27T05:38:09.317Z - 📡 [TRAFFIC] 11:08:09 am | GET /api/auth/profile/69ec93ce2c76f5ab4ec7cf64
2026-04-27T05:38:09.383Z - 📡 [TRAFFIC] 11:08:09 am | GET /api/services
2026-04-27T05:38:40.727Z - 📡 [TRAFFIC] 11:08:40 am | GET /api/admin/config
2026-04-27T05:38:40.733Z - 📡 [TRAFFIC] 11:08:40 am | GET /api/master-services
2026-04-27T05:38:40.739Z - 📡 [TRAFFIC] 11:08:40 am | GET /api/services?approvedOnly=true
2026-04-27T05:38:40.838Z - 📡 [TRAFFIC] 11:08:40 am | GET /api/admin/config
2026-04-27T05:38:40.860Z - 📡 [TRAFFIC] 11:08:40 am | GET /api/auth/profile/69ec93ce2c76f5ab4ec7cf64
2026-04-27T05:38:40.915Z - 📡 [TRAFFIC] 11:08:40 am | GET /api/services?approvedOnly=true
2026-04-27T05:38:40.933Z - 📡 [TRAFFIC] 11:08:40 am | GET /api/master-services
2026-04-27T05:38:40.996Z - 📡 [TRAFFIC] 11:08:40 am | GET /api/auth/profile/69ec93ce2c76f5ab4ec7cf64
2026-04-27T05:38:43.169Z - 📡 [TRAFFIC] 11:08:43 am | GET /api/services
2026-04-27T05:38:43.174Z - 📡 [TRAFFIC] 11:08:43 am | GET /api/admin/config
2026-04-27T05:38:43.178Z - 📡 [TRAFFIC] 11:08:43 am | GET /api/auth/profile/69ec93ce2c76f5ab4ec7cf64
2026-04-27T05:38:43.282Z - 📡 [TRAFFIC] 11:08:43 am | GET /api/admin/config
2026-04-27T05:38:43.291Z - 📡 [TRAFFIC] 11:08:43 am | GET /api/auth/profile/69ec93ce2c76f5ab4ec7cf64
2026-04-27T05:38:43.358Z - 📡 [TRAFFIC] 11:08:43 am | GET /api/services
2026-04-27T05:38:50.260Z - 📡 [TRAFFIC] 11:08:50 am | POST /api/orders
2026-04-27T05:40:06.301Z - 🚀 SERVER RESTARTED AT 2026-04-27T05:40:06.297Z ON PORT 5001
2026-04-27T05:40:20.185Z - 📡 [TRAFFIC] 11:10:20 am | POST /api/orders
2026-04-27T05:40:58.741Z - 📡 [TRAFFIC] 11:10:58 am | GET /api/admin/config
2026-04-27T05:40:58.752Z - 📡 [TRAFFIC] 11:10:58 am | GET /api/master-services
2026-04-27T05:40:58.764Z - 📡 [TRAFFIC] 11:10:58 am | GET /api/services?approvedOnly=true
2026-04-27T05:40:58.889Z - 📡 [TRAFFIC] 11:10:58 am | GET /api/admin/config
2026-04-27T05:40:58.895Z - 📡 [TRAFFIC] 11:10:58 am | GET /api/auth/profile/69ec93ce2c76f5ab4ec7cf64
2026-04-27T05:40:58.980Z - 📡 [TRAFFIC] 11:10:58 am | GET /api/services?approvedOnly=true
2026-04-27T05:40:58.999Z - 📡 [TRAFFIC] 11:10:58 am | GET /api/master-services
2026-04-27T05:40:59.075Z - 📡 [TRAFFIC] 11:10:59 am | GET /api/auth/profile/69ec93ce2c76f5ab4ec7cf64
2026-04-27T05:41:03.935Z - 📡 [TRAFFIC] 11:11:03 am | GET /api/services
2026-04-27T05:41:03.979Z - 📡 [TRAFFIC] 11:11:03 am | GET /api/admin/config
2026-04-27T05:41:03.987Z - 📡 [TRAFFIC] 11:11:03 am | GET /api/auth/profile/69ec93ce2c76f5ab4ec7cf64
2026-04-27T05:41:04.098Z - 📡 [TRAFFIC] 11:11:04 am | GET /api/auth/profile/69ec93ce2c76f5ab4ec7cf64
2026-04-27T05:41:04.113Z - 📡 [TRAFFIC] 11:11:04 am | GET /api/admin/config
2026-04-27T05:41:04.228Z - 📡 [TRAFFIC] 11:11:04 am | GET /api/services
2026-04-27T05:41:07.794Z - 📡 [TRAFFIC] 11:11:07 am | GET /api/admin/config
2026-04-27T05:41:07.801Z - 📡 [TRAFFIC] 11:11:07 am | GET /api/master-services
2026-04-27T05:41:07.805Z - 📡 [TRAFFIC] 11:11:07 am | GET /api/services?approvedOnly=true
2026-04-27T05:41:07.910Z - 📡 [TRAFFIC] 11:11:07 am | GET /api/admin/config
2026-04-27T05:41:07.925Z - 📡 [TRAFFIC] 11:11:07 am | GET /api/auth/profile/69ec93ce2c76f5ab4ec7cf64
2026-04-27T05:41:07.976Z - 📡 [TRAFFIC] 11:11:07 am | GET /api/services?approvedOnly=true
2026-04-27T05:41:07.992Z - 📡 [TRAFFIC] 11:11:07 am | GET /api/master-services
2026-04-27T05:41:08.113Z - 📡 [TRAFFIC] 11:11:08 am | GET /api/auth/profile/69ec93ce2c76f5ab4ec7cf64
2026-04-27T05:41:11.735Z - 📡 [TRAFFIC] 11:11:11 am | GET /api/services
2026-04-27T05:41:11.739Z - 📡 [TRAFFIC] 11:11:11 am | GET /api/admin/config
2026-04-27T05:41:11.744Z - 📡 [TRAFFIC] 11:11:11 am | GET /api/auth/profile/69ec93ce2c76f5ab4ec7cf64
2026-04-27T05:41:12.030Z - 📡 [TRAFFIC] 11:11:11 am | GET /api/auth/profile/69ec93ce2c76f5ab4ec7cf64
2026-04-27T05:41:12.096Z - 📡 [TRAFFIC] 11:11:12 am | GET /api/admin/config
2026-04-27T05:41:12.253Z - 📡 [TRAFFIC] 11:11:12 am | GET /api/services
2026-04-27T05:41:17.438Z - 📡 [TRAFFIC] 11:11:17 am | GET /api/admin/config
2026-04-27T05:41:17.443Z - 📡 [TRAFFIC] 11:11:17 am | GET /api/master-services
2026-04-27T05:41:17.451Z - 📡 [TRAFFIC] 11:11:17 am | GET /api/services?approvedOnly=true
2026-04-27T05:41:17.559Z - 📡 [TRAFFIC] 11:11:17 am | GET /api/admin/config
2026-04-27T05:41:17.571Z - 📡 [TRAFFIC] 11:11:17 am | GET /api/auth/profile/69ec93ce2c76f5ab4ec7cf64
2026-04-27T05:41:17.663Z - 📡 [TRAFFIC] 11:11:17 am | GET /api/master-services
2026-04-27T05:41:17.685Z - 📡 [TRAFFIC] 11:11:17 am | GET /api/services?approvedOnly=true
2026-04-27T05:41:17.691Z - 📡 [TRAFFIC] 11:11:17 am | GET /api/auth/profile/69ec93ce2c76f5ab4ec7cf64
2026-04-27T05:43:27.187Z - 📡 [TRAFFIC] 11:13:27 am | GET /api/services
2026-04-27T05:43:27.195Z - 📡 [TRAFFIC] 11:13:27 am | GET /api/admin/config
2026-04-27T05:43:27.200Z - 📡 [TRAFFIC] 11:13:27 am | GET /api/auth/profile/69ec93ce2c76f5ab4ec7cf64
2026-04-27T05:43:27.313Z - 📡 [TRAFFIC] 11:13:27 am | GET /api/admin/config
2026-04-27T05:43:27.321Z - 📡 [TRAFFIC] 11:13:27 am | GET /api/auth/profile/69ec93ce2c76f5ab4ec7cf64
2026-04-27T05:43:27.407Z - 📡 [TRAFFIC] 11:13:27 am | GET /api/services
2026-04-27T05:46:05.707Z - 📡 [TRAFFIC] 11:16:05 am | GET /api/admin/config
2026-04-27T05:46:05.713Z - 📡 [TRAFFIC] 11:16:05 am | GET /api/master-services
2026-04-27T05:46:05.718Z - 📡 [TRAFFIC] 11:16:05 am | GET /api/services?approvedOnly=true
2026-04-27T05:46:05.828Z - 📡 [TRAFFIC] 11:16:05 am | GET /api/admin/config
2026-04-27T05:46:05.840Z - 📡 [TRAFFIC] 11:16:05 am | GET /api/auth/profile/69ec93ce2c76f5ab4ec7cf64
2026-04-27T05:46:05.911Z - 📡 [TRAFFIC] 11:16:05 am | GET /api/master-services
2026-04-27T05:46:05.927Z - 📡 [TRAFFIC] 11:16:05 am | GET /api/services?approvedOnly=true
2026-04-27T05:46:06.032Z - 📡 [TRAFFIC] 11:16:06 am | GET /api/auth/profile/69ec93ce2c76f5ab4ec7cf64
2026-04-27T05:46:10.057Z - 📡 [TRAFFIC] 11:16:10 am | GET /api/admin/config
2026-04-27T05:46:10.071Z - 📡 [TRAFFIC] 11:16:10 am | GET /api/master-services
2026-04-27T05:46:10.088Z - 📡 [TRAFFIC] 11:16:10 am | GET /api/services?approvedOnly=true
2026-04-27T05:46:10.182Z - 📡 [TRAFFIC] 11:16:10 am | GET /api/admin/config
2026-04-27T05:46:10.204Z - 📡 [TRAFFIC] 11:16:10 am | GET /api/auth/profile/69ec93ce2c76f5ab4ec7cf64
2026-04-27T05:46:10.316Z - 📡 [TRAFFIC] 11:16:10 am | GET /api/master-services
2026-04-27T05:46:10.339Z - 📡 [TRAFFIC] 11:16:10 am | GET /api/auth/profile/69ec93ce2c76f5ab4ec7cf64
2026-04-27T05:46:10.357Z - 📡 [TRAFFIC] 11:16:10 am | GET /api/services?approvedOnly=true
2026-04-27T05:46:32.082Z - 📡 [TRAFFIC] 11:16:32 am | GET /api/master-services
2026-04-27T05:46:32.089Z - 📡 [TRAFFIC] 11:16:32 am | GET /api/services?approvedOnly=true
2026-04-27T05:46:32.096Z - 📡 [TRAFFIC] 11:16:32 am | GET /api/admin/config
2026-04-27T05:46:32.102Z - 📡 [TRAFFIC] 11:16:32 am | GET /api/auth/profile/69ec93ce2c76f5ab4ec7cf64
2026-04-27T05:46:32.208Z - 📡 [TRAFFIC] 11:16:32 am | GET /api/auth/profile/69ec93ce2c76f5ab4ec7cf64
2026-04-27T05:46:32.223Z - 📡 [TRAFFIC] 11:16:32 am | GET /api/admin/config
2026-04-27T05:46:32.301Z - 📡 [TRAFFIC] 11:16:32 am | GET /api/master-services
2026-04-27T05:46:32.316Z - 📡 [TRAFFIC] 11:16:32 am | GET /api/services?approvedOnly=true
2026-04-27T05:46:38.099Z - 📡 [TRAFFIC] 11:16:38 am | POST /api/orders
2026-04-27T05:58:52.787Z - 🚀 SERVER RESTARTED AT 2026-04-27T05:58:52.785Z ON PORT 5001
2026-04-27T05:59:21.134Z - 📡 [TRAFFIC] 11:29:21 am | GET /api/admin/config
2026-04-27T05:59:21.141Z - 📡 [TRAFFIC] 11:29:21 am | GET /api/master-services
2026-04-27T05:59:21.168Z - 📡 [TRAFFIC] 11:29:21 am | GET /api/services?approvedOnly=true
2026-04-27T05:59:21.259Z - 📡 [TRAFFIC] 11:29:21 am | GET /api/admin/config
2026-04-27T05:59:21.265Z - 📡 [TRAFFIC] 11:29:21 am | GET /api/auth/profile/69ec93ce2c76f5ab4ec7cf64
2026-04-27T05:59:21.350Z - 📡 [TRAFFIC] 11:29:21 am | GET /api/master-services
2026-04-27T05:59:21.369Z - 📡 [TRAFFIC] 11:29:21 am | GET /api/services?approvedOnly=true
2026-04-27T05:59:21.403Z - 📡 [TRAFFIC] 11:29:21 am | GET /api/auth/profile/69ec93ce2c76f5ab4ec7cf64
2026-04-27T05:59:25.990Z - 📡 [TRAFFIC] 11:29:25 am | GET /api/orders/vendor?vendorId=69ec93ce2c76f5ab4ec7cf65
2026-04-27T05:59:25.996Z - 📡 [TRAFFIC] 11:29:25 am | GET /api/orders/pool?vendorId=69ec93ce2c76f5ab4ec7cf65
2026-04-27T05:59:25.999Z - 📡 [TRAFFIC] 11:29:25 am | GET /api/notifications?userId=69ec93ce2c76f5ab4ec7cf65&role=vendor
2026-04-27T05:59:28.109Z - 📡 [TRAFFIC] 11:29:28 am | GET /api/auth/profile/69ec93ce2c76f5ab4ec7cf65
2026-04-27T05:59:28.303Z - 📡 [TRAFFIC] 11:29:28 am | GET /api/auth/profile/69ec93ce2c76f5ab4ec7cf65
2026-04-27T05:59:47.561Z - 📡 [TRAFFIC] 11:29:47 am | GET /api/auth/profile/69ec93ce2c76f5ab4ec7cf65
2026-04-27T05:59:47.811Z - 📡 [TRAFFIC] 11:29:47 am | GET /api/auth/profile/69ec93ce2c76f5ab4ec7cf65
2026-04-27T06:02:31.653Z - 📡 [TRAFFIC] 11:32:31 am | GET /api/auth/profile/69ec93ce2c76f5ab4ec7cf65
2026-04-27T06:04:51.665Z - 📡 [TRAFFIC] 11:34:51 am | PATCH /api/auth/profile/update/69ec93ce2c76f5ab4ec7cf65
2026-04-27T06:07:34.630Z - 📡 [TRAFFIC] 11:37:34 am | GET /api/auth/profile/69ec93ce2c76f5ab4ec7cf65
2026-04-27T06:09:54.295Z - 📡 [TRAFFIC] 11:39:54 am | PATCH /api/auth/profile/update/69ec93ce2c76f5ab4ec7cf65
2026-04-27T06:10:24.350Z - 📡 [TRAFFIC] 11:40:24 am | PATCH /api/auth/profile/update/69ec93ce2c76f5ab4ec7cf65
2026-04-27T06:19:43.034Z - 📡 [TRAFFIC] 11:49:43 am | PATCH /api/auth/profile/update/69ec93ce2c76f5ab4ec7cf64
2026-04-27T06:29:46.908Z - 🚀 SERVER RESTARTED AT 2026-04-27T06:29:46.906Z ON PORT 5001
2026-04-27T06:30:05.600Z - 📡 [TRAFFIC] 12:00:05 pm | PATCH /api/auth/profile/update/69ec93ce2c76f5ab4ec7cf64
2026-04-27T06:30:17.923Z - 📡 [TRAFFIC] 12:00:17 pm | GET /api/admin/config
2026-04-27T06:30:17.927Z - 📡 [TRAFFIC] 12:00:17 pm | GET /api/master-services
2026-04-27T06:30:17.931Z - 📡 [TRAFFIC] 12:00:17 pm | GET /api/services?approvedOnly=true
2026-04-27T06:30:18.018Z - 📡 [TRAFFIC] 12:00:18 pm | GET /api/admin/config
2026-04-27T06:30:18.022Z - 📡 [TRAFFIC] 12:00:18 pm | GET /api/auth/profile/69ec93ce2c76f5ab4ec7cf64
2026-04-27T06:30:18.096Z - 📡 [TRAFFIC] 12:00:18 pm | GET /api/master-services
2026-04-27T06:30:18.103Z - 📡 [TRAFFIC] 12:00:18 pm | GET /api/services?approvedOnly=true
2026-04-27T06:30:18.132Z - 📡 [TRAFFIC] 12:00:18 pm | GET /api/auth/profile/69ec93ce2c76f5ab4ec7cf64
2026-04-27T06:40:32.675Z - 📡 [TRAFFIC] 12:10:32 pm | GET /api/admin/config
2026-04-27T06:40:32.679Z - 📡 [TRAFFIC] 12:10:32 pm | GET /api/master-services
2026-04-27T06:40:32.682Z - 📡 [TRAFFIC] 12:10:32 pm | GET /api/services?approvedOnly=true
2026-04-27T06:40:32.769Z - 📡 [TRAFFIC] 12:10:32 pm | GET /api/admin/config
2026-04-27T06:40:32.773Z - 📡 [TRAFFIC] 12:10:32 pm | GET /api/auth/profile/69ec93ce2c76f5ab4ec7cf64
2026-04-27T06:40:32.871Z - 📡 [TRAFFIC] 12:10:32 pm | GET /api/services?approvedOnly=true
2026-04-27T06:40:32.875Z - 📡 [TRAFFIC] 12:10:32 pm | GET /api/auth/profile/69ec93ce2c76f5ab4ec7cf64
2026-04-27T06:40:32.880Z - 📡 [TRAFFIC] 12:10:32 pm | GET /api/master-services
2026-04-27T06:40:37.648Z - 📡 [TRAFFIC] 12:10:37 pm | GET /api/master-services
2026-04-27T06:40:37.652Z - 📡 [TRAFFIC] 12:10:37 pm | GET /api/services?approvedOnly=true
2026-04-27T06:40:37.655Z - 📡 [TRAFFIC] 12:10:37 pm | GET /api/admin/config
2026-04-27T06:40:37.657Z - 📡 [TRAFFIC] 12:10:37 pm | GET /api/auth/profile/69ec93ce2c76f5ab4ec7cf64
2026-04-27T06:40:37.747Z - 📡 [TRAFFIC] 12:10:37 pm | GET /api/auth/profile/69ec93ce2c76f5ab4ec7cf64
2026-04-27T06:40:37.771Z - 📡 [TRAFFIC] 12:10:37 pm | GET /api/admin/config
2026-04-27T06:40:37.833Z - 📡 [TRAFFIC] 12:10:37 pm | GET /api/services?approvedOnly=true
2026-04-27T06:40:37.844Z - 📡 [TRAFFIC] 12:10:37 pm | GET /api/master-services
2026-04-27T06:40:44.235Z - 📡 [TRAFFIC] 12:10:44 pm | POST /api/orders
2026-04-27T06:40:44.455Z - Global broadcast sent for Order #EZ-8107
2026-04-27T06:40:44.630Z - Broadcasting to vendor room: user_69ec93ce2c76f5ab4ec7cf65
2026-04-27T06:40:54.460Z - 📡 [TRAFFIC] 12:10:54 pm | GET /api/orders/vendor?vendorId=69ec93ce2c76f5ab4ec7cf65
2026-04-27T06:40:54.465Z - 📡 [TRAFFIC] 12:10:54 pm | GET /api/orders/pool?vendorId=69ec93ce2c76f5ab4ec7cf65
2026-04-27T06:40:54.469Z - 📡 [TRAFFIC] 12:10:54 pm | GET /api/notifications?userId=69ec93ce2c76f5ab4ec7cf65&role=vendor
2026-04-27T06:40:54.542Z - 📡 [TRAFFIC] 12:10:54 pm | GET /api/orders/vendor?vendorId=69ec93ce2c76f5ab4ec7cf65
2026-04-27T06:40:54.632Z - 📡 [TRAFFIC] 12:10:54 pm | GET /api/notifications?userId=69ec93ce2c76f5ab4ec7cf65&role=vendor
2026-04-27T06:40:54.806Z - 📡 [TRAFFIC] 12:10:54 pm | GET /api/orders/pool?vendorId=69ec93ce2c76f5ab4ec7cf65
2026-04-27T06:42:03.648Z - 📡 [TRAFFIC] 12:12:03 pm | POST /api/orders/vendor-accept/69ef04ece5b5798357035f5e
2026-04-27T06:42:04.312Z - --- Matching for 22.798059, 75.9232677 (Found 0 active riders) ---
2026-04-27T06:42:05.131Z - 📡 [TRAFFIC] 12:12:05 pm | GET /api/orders/vendor?vendorId=69ec93ce2c76f5ab4ec7cf65
2026-04-27T06:42:05.135Z - 📡 [TRAFFIC] 12:12:05 pm | GET /api/orders/pool?vendorId=69ec93ce2c76f5ab4ec7cf65
2026-04-27T06:42:05.138Z - 📡 [TRAFFIC] 12:12:05 pm | GET /api/notifications?userId=69ec93ce2c76f5ab4ec7cf65&role=vendor
2026-04-27T06:49:13.767Z - 📡 [TRAFFIC] 12:19:13 pm | GET /api/orders/69ef04ece5b5798357035f5e
2026-04-27T06:49:13.771Z - SOCKET_JOIN - Client HqH0Ks3Pvkr2XOQTAAAH -> order_69ef04ece5b5798357035f5e
2026-04-27T06:49:13.802Z - SOCKET_JOIN - Client HqH0Ks3Pvkr2XOQTAAAH -> order_69ef04ece5b5798357035f5e
2026-04-27T06:49:14.014Z - 📡 [TRAFFIC] 12:19:14 pm | GET /api/orders/69ef04ece5b5798357035f5e
2026-04-27T06:55:49.401Z - 🚀 SERVER RESTARTED AT 2026-04-27T06:55:49.400Z ON PORT 5001
2026-04-27T07:01:27.533Z - 📡 [TRAFFIC] 12:31:27 pm | GET /api/orders/mock-order-id
2026-04-27T07:01:27.543Z - SOCKET_JOIN - Client iTGOW5PKo5tgrBBKAAAH -> order_mock-order-id
2026-04-27T07:01:27.650Z - SOCKET_JOIN - Client iTGOW5PKo5tgrBBKAAAH -> order_mock-order-id
2026-04-27T07:01:28.080Z - 📡 [TRAFFIC] 12:31:28 pm | GET /api/orders/mock-order-id
2026-04-27T07:02:53.254Z - 📡 [TRAFFIC] 12:32:53 pm | GET /api/admin/config
2026-04-27T07:02:53.257Z - 📡 [TRAFFIC] 12:32:53 pm | GET /api/master-services
2026-04-27T07:02:53.263Z - 📡 [TRAFFIC] 12:32:53 pm | GET /api/services?approvedOnly=true
2026-04-27T07:02:53.903Z - 📡 [TRAFFIC] 12:32:53 pm | GET /api/admin/config
2026-04-27T07:02:53.907Z - 📡 [TRAFFIC] 12:32:53 pm | GET /api/auth/profile/69ec93ce2c76f5ab4ec7cf64
2026-04-27T07:02:54.702Z - 📡 [TRAFFIC] 12:32:54 pm | GET /api/master-services
2026-04-27T07:02:54.706Z - 📡 [TRAFFIC] 12:32:54 pm | GET /api/services?approvedOnly=true
2026-04-27T07:02:54.711Z - 📡 [TRAFFIC] 12:32:54 pm | GET /api/auth/profile/69ec93ce2c76f5ab4ec7cf64
2026-04-27T07:03:01.385Z - 📡 [TRAFFIC] 12:33:01 pm | GET /api/master-services
2026-04-27T07:03:01.388Z - 📡 [TRAFFIC] 12:33:01 pm | GET /api/services?approvedOnly=true
2026-04-27T07:03:01.390Z - 📡 [TRAFFIC] 12:33:01 pm | GET /api/admin/config
2026-04-27T07:03:01.393Z - 📡 [TRAFFIC] 12:33:01 pm | GET /api/auth/profile/69ec93ce2c76f5ab4ec7cf64
2026-04-27T07:03:01.483Z - 📡 [TRAFFIC] 12:33:01 pm | GET /api/admin/config
2026-04-27T07:03:01.487Z - 📡 [TRAFFIC] 12:33:01 pm | GET /api/auth/profile/69ec93ce2c76f5ab4ec7cf64
2026-04-27T07:03:01.550Z - 📡 [TRAFFIC] 12:33:01 pm | GET /api/master-services
2026-04-27T07:03:01.623Z - 📡 [TRAFFIC] 12:33:01 pm | GET /api/services?approvedOnly=true
2026-04-27T07:03:06.669Z - 📡 [TRAFFIC] 12:33:06 pm | POST /api/orders
2026-04-27T07:03:06.910Z - Global broadcast sent for Order #EZ-1948
2026-04-27T07:03:07.006Z - Broadcasting to vendor room: user_69ec93ce2c76f5ab4ec7cf65
2026-04-27T07:03:17.981Z - 📡 [TRAFFIC] 12:33:17 pm | GET /api/orders/vendor?vendorId=69ec93ce2c76f5ab4ec7cf65
2026-04-27T07:03:18.025Z - 📡 [TRAFFIC] 12:33:17 pm | GET /api/orders/pool?vendorId=69ec93ce2c76f5ab4ec7cf65
2026-04-27T07:03:18.043Z - 📡 [TRAFFIC] 12:33:18 pm | GET /api/notifications?userId=69ec93ce2c76f5ab4ec7cf65&role=vendor
2026-04-27T07:03:18.066Z - SOCKET_JOIN - Client TeF1oitM9NMZVdeuAAAJ -> vendors_pool
2026-04-27T07:03:18.108Z - SOCKET_JOIN - Client TeF1oitM9NMZVdeuAAAJ -> user_69ec93ce2c76f5ab4ec7cf65
2026-04-27T07:03:18.110Z - SOCKET_JOIN - Client TeF1oitM9NMZVdeuAAAJ -> vendors_pool
2026-04-27T07:03:18.111Z - SOCKET_JOIN - Client TeF1oitM9NMZVdeuAAAJ -> user_69ec93ce2c76f5ab4ec7cf65
2026-04-27T07:03:18.130Z - 📡 [TRAFFIC] 12:33:18 pm | GET /api/notifications?userId=69ec93ce2c76f5ab4ec7cf65&role=vendor
2026-04-27T07:03:18.189Z - 📡 [TRAFFIC] 12:33:18 pm | GET /api/orders/vendor?vendorId=69ec93ce2c76f5ab4ec7cf65
2026-04-27T07:03:18.321Z - 📡 [TRAFFIC] 12:33:18 pm | GET /api/orders/pool?vendorId=69ec93ce2c76f5ab4ec7cf65
2026-04-27T07:03:22.003Z - 📡 [TRAFFIC] 12:33:22 pm | POST /api/orders/vendor-accept/69ef0a2a86fdc043d47203bc
2026-04-27T07:03:22.550Z - --- Matching for 22.798059, 75.9232677 (Found 0 active riders) ---
2026-04-27T07:03:23.378Z - 📡 [TRAFFIC] 12:33:23 pm | GET /api/orders/vendor?vendorId=69ec93ce2c76f5ab4ec7cf65
2026-04-27T07:03:23.383Z - 📡 [TRAFFIC] 12:33:23 pm | GET /api/orders/pool?vendorId=69ec93ce2c76f5ab4ec7cf65
2026-04-27T07:03:23.386Z - 📡 [TRAFFIC] 12:33:23 pm | GET /api/notifications?userId=69ec93ce2c76f5ab4ec7cf65&role=vendor
2026-04-27T07:03:28.707Z - SOCKET_JOIN - Client XwN9Oi1Vjh0Ln_WcAAAE -> order_69ef0a2a86fdc043d47203bc
2026-04-27T07:03:28.709Z - 📡 [TRAFFIC] 12:33:28 pm | GET /api/orders/69ef0a2a86fdc043d47203bc
2026-04-27T07:03:28.716Z - SOCKET_JOIN - Client XwN9Oi1Vjh0Ln_WcAAAE -> order_69ef0a2a86fdc043d47203bc
2026-04-27T07:03:28.887Z - 📡 [TRAFFIC] 12:33:28 pm | GET /api/orders/69ef0a2a86fdc043d47203bc
2026-04-27T07:03:37.858Z - 📡 [TRAFFIC] 12:33:37 pm | POST /api/logistics/request
2026-04-27T07:03:48.587Z - 📡 [TRAFFIC] 12:33:48 pm | POST /api/logistics/verify
2026-04-27T07:03:48.824Z - 📡 [TRAFFIC] 12:33:48 pm | GET /api/orders/69ef0a2a86fdc043d47203bc
2026-04-27T07:05:18.660Z - 📡 [TRAFFIC] 12:35:18 pm | GET /api/services?vendorId=69ec93ce2c76f5ab4ec7cf65
2026-04-27T07:05:18.884Z - 📡 [TRAFFIC] 12:35:18 pm | GET /api/services?vendorId=69ec93ce2c76f5ab4ec7cf65
2026-04-27T07:05:18.887Z - 📡 [TRAFFIC] 12:35:18 pm | GET /api/auth/profile/69ec93ce2c76f5ab4ec7cf65
2026-04-27T07:05:19.111Z - 📡 [TRAFFIC] 12:35:19 pm | GET /api/auth/profile/69ec93ce2c76f5ab4ec7cf65
2026-04-27T07:13:55.375Z - 📡 [TRAFFIC] 12:43:55 pm | GET /api/orders/vendor?vendorId=69ec93ce2c76f5ab4ec7cf65
2026-04-27T07:13:55.379Z - 📡 [TRAFFIC] 12:43:55 pm | GET /api/orders/pool?vendorId=69ec93ce2c76f5ab4ec7cf65
2026-04-27T07:13:55.382Z - 📡 [TRAFFIC] 12:43:55 pm | GET /api/notifications?userId=69ec93ce2c76f5ab4ec7cf65&role=vendor
2026-04-27T07:13:55.491Z - 📡 [TRAFFIC] 12:43:55 pm | GET /api/notifications?userId=69ec93ce2c76f5ab4ec7cf65&role=vendor
2026-04-27T07:13:55.581Z - 📡 [TRAFFIC] 12:43:55 pm | GET /api/orders/pool?vendorId=69ec93ce2c76f5ab4ec7cf65
2026-04-27T07:13:55.585Z - 📡 [TRAFFIC] 12:43:55 pm | GET /api/orders/vendor?vendorId=69ec93ce2c76f5ab4ec7cf65
2026-04-27T07:16:21.299Z - 📡 [TRAFFIC] 12:46:21 pm | POST /api/auth/request-otp
2026-04-27T07:16:23.698Z - 📡 [TRAFFIC] 12:46:23 pm | POST /api/auth/verify-otp
2026-04-27T07:16:24.609Z - 📡 [TRAFFIC] 12:46:24 pm | GET /api/b2b-orders/supplier/69ec93ce2c76f5ab4ec7cf66
2026-04-27T07:16:24.811Z - 📡 [TRAFFIC] 12:46:24 pm | GET /api/b2b-orders/supplier/69ec93ce2c76f5ab4ec7cf66
2026-04-27T07:17:23.919Z - 📡 [TRAFFIC] 12:47:23 pm | GET /api/b2b-orders/supplier/69ec93ce2c76f5ab4ec7cf66
2026-04-27T07:17:24.115Z - 📡 [TRAFFIC] 12:47:24 pm | GET /api/b2b-orders/supplier/69ec93ce2c76f5ab4ec7cf66
2026-04-27T07:43:55.620Z - 📡 [TRAFFIC] 1:13:55 pm | GET /api/orders/vendor?vendorId=69ec93ce2c76f5ab4ec7cf65
2026-04-27T07:43:55.629Z - 📡 [TRAFFIC] 1:13:55 pm | GET /api/orders/pool?vendorId=69ec93ce2c76f5ab4ec7cf65
2026-04-27T07:43:55.637Z - 📡 [TRAFFIC] 1:13:55 pm | GET /api/notifications?userId=69ec93ce2c76f5ab4ec7cf65&role=vendor
2026-04-27T07:44:19.623Z - SOCKET_JOIN - Client XwN9Oi1Vjh0Ln_WcAAAE -> user_69ec93ce2c76f5ab4ec7cf64
2026-04-27T07:54:09.647Z - 📡 [TRAFFIC] 1:24:09 pm | GET /api/b2b-orders/supplier/69ec93ce2c76f5ab4ec7cf66
2026-04-27T07:54:10.017Z - 📡 [TRAFFIC] 1:24:10 pm | GET /api/b2b-orders/supplier/69ec93ce2c76f5ab4ec7cf66
2026-04-27T07:54:10.518Z - 📡 [TRAFFIC] 1:24:10 pm | GET /api/orders/69ef0a2a86fdc043d47203bc
2026-04-27T07:54:10.524Z - SOCKET_JOIN - Client xmSL0Ah98zsm-fOkAAAT -> order_69ef0a2a86fdc043d47203bc
2026-04-27T07:54:10.565Z - 📡 [TRAFFIC] 1:24:10 pm | GET /api/notifications?userId=69eafd0d2c76f5ab4ec7b5f3&role=admin
2026-04-27T07:54:10.575Z - SOCKET_JOIN - Client ubTyqTVs2A7A-j4bAAAR -> user_69eafd0d2c76f5ab4ec7b5f3
2026-04-27T07:54:10.599Z - SOCKET_JOIN - Client xmSL0Ah98zsm-fOkAAAT -> user_69ec93ce2c76f5ab4ec7cf64
2026-04-27T07:54:10.601Z - SOCKET_JOIN - Client xmSL0Ah98zsm-fOkAAAT -> order_69ef0a2a86fdc043d47203bc
2026-04-27T07:54:10.603Z - SOCKET_JOIN - Client xmSL0Ah98zsm-fOkAAAT -> user_69ec93ce2c76f5ab4ec7cf64
2026-04-27T07:54:10.740Z - SOCKET_JOIN - Client ubTyqTVs2A7A-j4bAAAR -> admins_pool
2026-04-27T07:54:10.741Z - SOCKET_JOIN - Client ubTyqTVs2A7A-j4bAAAR -> user_69eafd0d2c76f5ab4ec7b5f3
2026-04-27T07:54:10.742Z - SOCKET_JOIN - Client ubTyqTVs2A7A-j4bAAAR -> admins_pool
2026-04-27T07:54:10.867Z - 📡 [TRAFFIC] 1:24:10 pm | GET /api/notifications?userId=69eafd0d2c76f5ab4ec7b5f3&role=admin
2026-04-27T07:54:11.597Z - 📡 [TRAFFIC] 1:24:11 pm | GET /api/orders/69ef0a2a86fdc043d47203bc
2026-04-27T07:55:11.052Z - 📡 [TRAFFIC] 1:25:11 pm | GET /api/orders/69ef0a2a86fdc043d47203bc
2026-04-27T07:55:11.059Z - SOCKET_JOIN - Client syI66pLIVf_l8cePAAAV -> order_69ef0a2a86fdc043d47203bc
2026-04-27T07:55:11.122Z - SOCKET_JOIN - Client syI66pLIVf_l8cePAAAV -> user_69ec93ce2c76f5ab4ec7cf64
2026-04-27T07:55:11.124Z - SOCKET_JOIN - Client syI66pLIVf_l8cePAAAV -> order_69ef0a2a86fdc043d47203bc
2026-04-27T07:55:11.125Z - SOCKET_JOIN - Client syI66pLIVf_l8cePAAAV -> user_69ec93ce2c76f5ab4ec7cf64
2026-04-27T07:55:11.805Z - 📡 [TRAFFIC] 1:25:11 pm | GET /api/orders/69ef0a2a86fdc043d47203bc
2026-04-27T07:57:03.059Z - SOCKET_JOIN - Client 0OQwKG0zSw54O7R7AAAZ -> vendors_pool
2026-04-27T07:57:03.082Z - 📡 [TRAFFIC] 1:27:03 pm | GET /api/orders/vendor?vendorId=69ec93ce2c76f5ab4ec7cf65
2026-04-27T07:57:03.118Z - 📡 [TRAFFIC] 1:27:03 pm | GET /api/notifications?userId=69ec93ce2c76f5ab4ec7cf65&role=vendor
2026-04-27T07:57:03.134Z - 📡 [TRAFFIC] 1:27:03 pm | GET /api/orders/pool?vendorId=69ec93ce2c76f5ab4ec7cf65
2026-04-27T07:57:03.263Z - SOCKET_JOIN - Client 0OQwKG0zSw54O7R7AAAZ -> user_69ec93ce2c76f5ab4ec7cf65
2026-04-27T07:57:03.374Z - SOCKET_JOIN - Client 0OQwKG0zSw54O7R7AAAZ -> vendors_pool
2026-04-27T07:57:03.675Z - SOCKET_JOIN - Client 0OQwKG0zSw54O7R7AAAZ -> user_69ec93ce2c76f5ab4ec7cf65
2026-04-27T07:57:04.887Z - 📡 [TRAFFIC] 1:27:04 pm | GET /api/notifications?userId=69ec93ce2c76f5ab4ec7cf65&role=vendor
2026-04-27T07:57:04.919Z - 📡 [TRAFFIC] 1:27:04 pm | GET /api/orders/vendor?vendorId=69ec93ce2c76f5ab4ec7cf65
2026-04-27T07:57:04.973Z - 📡 [TRAFFIC] 1:27:04 pm | GET /api/orders/pool?vendorId=69ec93ce2c76f5ab4ec7cf65
2026-04-27T07:57:05.736Z - 📡 [TRAFFIC] 1:27:05 pm | GET /api/auth/profile/69ec93ce2c76f5ab4ec7cf65
2026-04-27T07:57:05.985Z - 📡 [TRAFFIC] 1:27:05 pm | GET /api/auth/profile/69ec93ce2c76f5ab4ec7cf65
2026-04-27T07:57:09.156Z - SOCKET_JOIN - Client V-FINdXKzvBrMh-PAAAX -> user_69eafd0d2c76f5ab4ec7b5f3
2026-04-27T07:57:09.159Z - 📡 [TRAFFIC] 1:27:09 pm | GET /api/notifications?userId=69eafd0d2c76f5ab4ec7b5f3&role=admin
2026-04-27T07:57:09.276Z - SOCKET_JOIN - Client V-FINdXKzvBrMh-PAAAX -> admins_pool
2026-04-27T07:57:09.284Z - SOCKET_JOIN - Client V-FINdXKzvBrMh-PAAAX -> user_69eafd0d2c76f5ab4ec7b5f3
2026-04-27T07:57:09.290Z - SOCKET_JOIN - Client V-FINdXKzvBrMh-PAAAX -> admins_pool
2026-04-27T07:57:11.177Z - 📡 [TRAFFIC] 1:27:11 pm | GET /api/notifications?userId=69eafd0d2c76f5ab4ec7b5f3&role=admin
2026-04-27T07:57:13.880Z - 📡 [TRAFFIC] 1:27:13 pm | POST /api/auth/request-otp
2026-04-27T07:57:17.135Z - 📡 [TRAFFIC] 1:27:17 pm | POST /api/auth/verify-otp
2026-04-27T07:57:18.842Z - 📡 [TRAFFIC] 1:27:18 pm | GET /api/orders/vendor?vendorId=69ec93ce2c76f5ab4ec7cf65
2026-04-27T07:57:18.857Z - 📡 [TRAFFIC] 1:27:18 pm | GET /api/orders/pool?vendorId=69ec93ce2c76f5ab4ec7cf65
2026-04-27T07:57:18.867Z - 📡 [TRAFFIC] 1:27:18 pm | GET /api/notifications?userId=69ec93ce2c76f5ab4ec7cf65&role=vendor
2026-04-27T07:57:18.887Z - SOCKET_JOIN - Client ww-DtsGIxPEY1zy1AAAb -> vendors_pool
2026-04-27T07:57:18.901Z - SOCKET_JOIN - Client ww-DtsGIxPEY1zy1AAAb -> user_69ec93ce2c76f5ab4ec7cf65
2026-04-27T07:57:18.903Z - SOCKET_JOIN - Client ww-DtsGIxPEY1zy1AAAb -> vendors_pool
2026-04-27T07:57:18.904Z - SOCKET_JOIN - Client ww-DtsGIxPEY1zy1AAAb -> user_69ec93ce2c76f5ab4ec7cf65
2026-04-27T07:57:19.145Z - 📡 [TRAFFIC] 1:27:19 pm | GET /api/notifications?userId=69ec93ce2c76f5ab4ec7cf65&role=vendor
2026-04-27T07:57:19.377Z - 📡 [TRAFFIC] 1:27:19 pm | GET /api/orders/pool?vendorId=69ec93ce2c76f5ab4ec7cf65
2026-04-27T07:57:19.524Z - 📡 [TRAFFIC] 1:27:19 pm | GET /api/orders/vendor?vendorId=69ec93ce2c76f5ab4ec7cf65
2026-04-27T07:57:25.035Z - 📡 [TRAFFIC] 1:27:25 pm | GET /api/orders/vendor?vendorId=69ec93ce2c76f5ab4ec7cf65
2026-04-27T07:57:25.041Z - 📡 [TRAFFIC] 1:27:25 pm | GET /api/orders/pool?vendorId=69ec93ce2c76f5ab4ec7cf65
2026-04-27T07:57:25.049Z - 📡 [TRAFFIC] 1:27:25 pm | GET /api/notifications?userId=69ec93ce2c76f5ab4ec7cf65&role=vendor
2026-04-27T07:57:25.059Z - SOCKET_JOIN - Client rnwYZVvGS0MmY33AAAAd -> vendors_pool
2026-04-27T07:57:25.089Z - SOCKET_JOIN - Client rnwYZVvGS0MmY33AAAAd -> user_69ec93ce2c76f5ab4ec7cf65
2026-04-27T07:57:25.092Z - SOCKET_JOIN - Client rnwYZVvGS0MmY33AAAAd -> vendors_pool
2026-04-27T07:57:25.094Z - SOCKET_JOIN - Client rnwYZVvGS0MmY33AAAAd -> user_69ec93ce2c76f5ab4ec7cf65
2026-04-27T07:57:26.398Z - 📡 [TRAFFIC] 1:27:26 pm | GET /api/notifications?userId=69ec93ce2c76f5ab4ec7cf65&role=vendor
2026-04-27T07:57:26.631Z - 📡 [TRAFFIC] 1:27:26 pm | GET /api/orders/pool?vendorId=69ec93ce2c76f5ab4ec7cf65
2026-04-27T07:57:26.636Z - 📡 [TRAFFIC] 1:27:26 pm | GET /api/orders/vendor?vendorId=69ec93ce2c76f5ab4ec7cf65
2026-04-27T07:57:59.783Z - 📡 [TRAFFIC] 1:27:59 pm | GET /api/orders/vendor?vendorId=69ec93ce2c76f5ab4ec7cf65
2026-04-27T07:57:59.794Z - 📡 [TRAFFIC] 1:27:59 pm | GET /api/orders/pool?vendorId=69ec93ce2c76f5ab4ec7cf65
2026-04-27T07:57:59.799Z - 📡 [TRAFFIC] 1:27:59 pm | GET /api/notifications?userId=69ec93ce2c76f5ab4ec7cf65&role=vendor
2026-04-27T07:58:00.039Z - 📡 [TRAFFIC] 1:28:00 pm | GET /api/notifications?userId=69ec93ce2c76f5ab4ec7cf65&role=vendor
2026-04-27T07:58:00.221Z - 📡 [TRAFFIC] 1:28:00 pm | GET /api/orders/vendor?vendorId=69ec93ce2c76f5ab4ec7cf65
2026-04-27T07:58:00.283Z - 📡 [TRAFFIC] 1:28:00 pm | GET /api/orders/pool?vendorId=69ec93ce2c76f5ab4ec7cf65
2026-04-27T07:58:04.755Z - 📡 [TRAFFIC] 1:28:04 pm | GET /api/admin/config
2026-04-27T07:58:04.761Z - 📡 [TRAFFIC] 1:28:04 pm | GET /api/master-services
2026-04-27T07:58:04.766Z - 📡 [TRAFFIC] 1:28:04 pm | GET /api/services?approvedOnly=true
2026-04-27T07:58:04.984Z - 📡 [TRAFFIC] 1:28:04 pm | GET /api/admin/config
2026-04-27T07:58:04.996Z - 📡 [TRAFFIC] 1:28:04 pm | GET /api/auth/profile/69ec93ce2c76f5ab4ec7cf64
2026-04-27T07:58:05.232Z - 📡 [TRAFFIC] 1:28:05 pm | GET /api/master-services
2026-04-27T07:58:05.321Z - 📡 [TRAFFIC] 1:28:05 pm | GET /api/services?approvedOnly=true
2026-04-27T07:58:06.892Z - 📡 [TRAFFIC] 1:28:06 pm | GET /api/auth/profile/69ec93ce2c76f5ab4ec7cf64
2026-04-27T07:59:16.052Z - SOCKET_JOIN - Client iMZoXJvnuXoDdenDAAAf -> user_69ec93ce2c76f5ab4ec7cf64
2026-04-27T07:59:16.112Z - SOCKET_JOIN - Client iMZoXJvnuXoDdenDAAAf -> user_69ec93ce2c76f5ab4ec7cf64
2026-04-27T08:00:40.097Z - SOCKET_JOIN - Client BkHFV-mkYez9LM7rAAAh -> user_69ec93ce2c76f5ab4ec7cf64
2026-04-27T08:00:40.132Z - SOCKET_JOIN - Client BkHFV-mkYez9LM7rAAAh -> user_69ec93ce2c76f5ab4ec7cf64
2026-04-27T08:01:13.899Z - 🚀 SERVER RESTARTED AT 2026-04-27T08:01:13.896Z ON PORT 5001
2026-04-27T08:03:38.078Z - SOCKET_JOIN - Client 3YBE07ff-zxKVItwAAAJ -> user_69ec93ce2c76f5ab4ec7cf64
2026-04-27T08:03:38.251Z - SOCKET_JOIN - Client 3YBE07ff-zxKVItwAAAJ -> user_69ec93ce2c76f5ab4ec7cf64
2026-04-27T08:08:33.370Z - 🚀 SERVER RESTARTED AT 2026-04-27T08:08:33.366Z ON PORT 5001
2026-04-27T08:08:34.647Z - SOCKET_JOIN - Client WALMLh6umhRq2omaAAAD -> user_69ec93ce2c76f5ab4ec7cf64
2026-04-27T08:08:45.203Z - 📡 [TRAFFIC] 1:38:45 pm | POST /api/auth/request-otp
2026-04-27T08:08:48.098Z - 📡 [TRAFFIC] 1:38:48 pm | POST /api/auth/verify-otp
2026-04-27T08:08:49.899Z - 📡 [TRAFFIC] 1:38:49 pm | GET /api/admin/config
2026-04-27T08:08:49.912Z - 📡 [TRAFFIC] 1:38:49 pm | GET /api/master-services
2026-04-27T08:08:49.932Z - 📡 [TRAFFIC] 1:38:49 pm | GET /api/services?approvedOnly=true
2026-04-27T08:08:49.949Z - SOCKET_JOIN - Client R2x6iydMz-h7n9dAAAAJ -> user_69ec93ce2c76f5ab4ec7cf64
2026-04-27T08:08:50.004Z - 📡 [TRAFFIC] 1:38:50 pm | GET /api/admin/config
2026-04-27T08:08:50.099Z - SOCKET_JOIN - Client R2x6iydMz-h7n9dAAAAJ -> user_69ec93ce2c76f5ab4ec7cf64
2026-04-27T08:08:50.130Z - 📡 [TRAFFIC] 1:38:50 pm | GET /api/services?approvedOnly=true
2026-04-27T08:08:50.233Z - 📡 [TRAFFIC] 1:38:50 pm | GET /api/auth/profile/69ec93ce2c76f5ab4ec7cf64
2026-04-27T08:08:50.252Z - 📡 [TRAFFIC] 1:38:50 pm | GET /api/master-services
2026-04-27T08:08:50.357Z - 📡 [TRAFFIC] 1:38:50 pm | GET /api/auth/profile/69ec93ce2c76f5ab4ec7cf64
2026-04-27T08:08:56.077Z - 📡 [TRAFFIC] 1:38:56 pm | GET /api/master-services
2026-04-27T08:08:56.084Z - 📡 [TRAFFIC] 1:38:56 pm | GET /api/services?approvedOnly=true
2026-04-27T08:08:56.092Z - 📡 [TRAFFIC] 1:38:56 pm | GET /api/admin/config
2026-04-27T08:08:56.098Z - 📡 [TRAFFIC] 1:38:56 pm | GET /api/auth/profile/69ec93ce2c76f5ab4ec7cf64
2026-04-27T08:08:56.246Z - 📡 [TRAFFIC] 1:38:56 pm | GET /api/auth/profile/69ec93ce2c76f5ab4ec7cf64
2026-04-27T08:08:56.259Z - 📡 [TRAFFIC] 1:38:56 pm | GET /api/admin/config
2026-04-27T08:08:56.286Z - 📡 [TRAFFIC] 1:38:56 pm | GET /api/master-services
2026-04-27T08:08:56.295Z - 📡 [TRAFFIC] 1:38:56 pm | GET /api/services?approvedOnly=true
2026-04-27T08:09:02.732Z - 📡 [TRAFFIC] 1:39:02 pm | POST /api/orders
2026-04-27T08:09:03.015Z - Global broadcast sent for Order #EZ-3968
2026-04-27T08:09:03.110Z - Broadcasting to vendor room: user_69ec93ce2c76f5ab4ec7cf65
2026-04-27T08:09:11.583Z - SOCKET_JOIN - Client 99-PrOahxUD4sO3XAAAL -> vendors_pool
2026-04-27T08:09:11.643Z - 📡 [TRAFFIC] 1:39:11 pm | GET /api/orders/vendor?vendorId=69ec93ce2c76f5ab4ec7cf65
2026-04-27T08:09:11.672Z - 📡 [TRAFFIC] 1:39:11 pm | GET /api/orders/pool?vendorId=69ec93ce2c76f5ab4ec7cf65
2026-04-27T08:09:11.693Z - 📡 [TRAFFIC] 1:39:11 pm | GET /api/notifications?userId=69ec93ce2c76f5ab4ec7cf65&role=vendor
2026-04-27T08:09:11.758Z - SOCKET_JOIN - Client 99-PrOahxUD4sO3XAAAL -> user_69ec93ce2c76f5ab4ec7cf65
2026-04-27T08:09:11.807Z - SOCKET_JOIN - Client 99-PrOahxUD4sO3XAAAL -> vendors_pool
2026-04-27T08:09:11.828Z - SOCKET_JOIN - Client 99-PrOahxUD4sO3XAAAL -> user_69ec93ce2c76f5ab4ec7cf65
2026-04-27T08:09:11.970Z - 📡 [TRAFFIC] 1:39:11 pm | GET /api/notifications?userId=69ec93ce2c76f5ab4ec7cf65&role=vendor
2026-04-27T08:09:12.028Z - 📡 [TRAFFIC] 1:39:12 pm | GET /api/orders/vendor?vendorId=69ec93ce2c76f5ab4ec7cf65
2026-04-27T08:09:12.057Z - 📡 [TRAFFIC] 1:39:12 pm | GET /api/orders/pool?vendorId=69ec93ce2c76f5ab4ec7cf65
2026-04-27T08:09:14.077Z - 📡 [TRAFFIC] 1:39:14 pm | POST /api/orders/vendor-accept/69ef199ea8d8044c89d13fa3
2026-04-27T08:09:14.578Z - --- Matching for 22.798059, 75.9232677 (Found 0 active riders) ---
2026-04-27T08:09:15.477Z - 📡 [TRAFFIC] 1:39:15 pm | GET /api/orders/vendor?vendorId=69ec93ce2c76f5ab4ec7cf65
2026-04-27T08:09:15.486Z - 📡 [TRAFFIC] 1:39:15 pm | GET /api/orders/pool?vendorId=69ec93ce2c76f5ab4ec7cf65
2026-04-27T08:09:15.492Z - 📡 [TRAFFIC] 1:39:15 pm | GET /api/notifications?userId=69ec93ce2c76f5ab4ec7cf65&role=vendor
2026-04-27T08:13:34.632Z - 🚀 SERVER RESTARTED AT 2026-04-27T08:13:34.628Z ON PORT 5001
2026-04-27T08:13:37.658Z - SOCKET_JOIN - Client q48sD1mbVUgYyQgbAAAH -> user_69ec93ce2c76f5ab4ec7cf64
2026-04-27T08:13:43.632Z - 📡 [TRAFFIC] 1:43:43 pm | GET /api/admin/config
2026-04-27T08:13:43.646Z - 📡 [TRAFFIC] 1:43:43 pm | GET /api/master-services
2026-04-27T08:13:43.686Z - 📡 [TRAFFIC] 1:43:43 pm | GET /api/services?approvedOnly=true
2026-04-27T08:13:44.419Z - 📡 [TRAFFIC] 1:43:44 pm | GET /api/admin/config
2026-04-27T08:13:44.433Z - 📡 [TRAFFIC] 1:43:44 pm | GET /api/auth/profile/69ec93ce2c76f5ab4ec7cf64
2026-04-27T08:13:45.277Z - 📡 [TRAFFIC] 1:43:45 pm | GET /api/master-services
2026-04-27T08:13:45.371Z - 📡 [TRAFFIC] 1:43:45 pm | GET /api/auth/profile/69ec93ce2c76f5ab4ec7cf64
2026-04-27T08:13:45.910Z - 📡 [TRAFFIC] 1:43:45 pm | GET /api/services?approvedOnly=true
2026-04-27T08:13:48.883Z - 📡 [TRAFFIC] 1:43:48 pm | GET /api/master-services
2026-04-27T08:13:48.893Z - 📡 [TRAFFIC] 1:43:48 pm | GET /api/services?approvedOnly=true
2026-04-27T08:13:48.899Z - 📡 [TRAFFIC] 1:43:48 pm | GET /api/admin/config
2026-04-27T08:13:48.905Z - 📡 [TRAFFIC] 1:43:48 pm | GET /api/auth/profile/69ec93ce2c76f5ab4ec7cf64
2026-04-27T08:13:49.016Z - 📡 [TRAFFIC] 1:43:49 pm | GET /api/auth/profile/69ec93ce2c76f5ab4ec7cf64
2026-04-27T08:13:49.110Z - 📡 [TRAFFIC] 1:43:49 pm | GET /api/master-services
2026-04-27T08:13:49.886Z - 📡 [TRAFFIC] 1:43:49 pm | GET /api/admin/config
2026-04-27T08:13:49.917Z - 📡 [TRAFFIC] 1:43:49 pm | GET /api/services?approvedOnly=true
2026-04-27T08:13:51.402Z - 📡 [TRAFFIC] 1:43:51 pm | POST /api/orders
2026-04-27T08:13:52.098Z - Global broadcast sent for Order #EZ-3700
2026-04-27T08:13:52.230Z - Broadcasting to vendor room: user_69ec93ce2c76f5ab4ec7cf65
2026-04-27T08:14:01.954Z - 📡 [TRAFFIC] 1:44:01 pm | GET /api/orders/vendor?vendorId=69ec93ce2c76f5ab4ec7cf65
2026-04-27T08:14:01.970Z - 📡 [TRAFFIC] 1:44:01 pm | GET /api/orders/pool?vendorId=69ec93ce2c76f5ab4ec7cf65
2026-04-27T08:14:01.982Z - 📡 [TRAFFIC] 1:44:01 pm | GET /api/notifications?userId=69ec93ce2c76f5ab4ec7cf65&role=vendor
2026-04-27T08:14:01.994Z - SOCKET_JOIN - Client mhaj1Y5k05FQdSRKAAAJ -> vendors_pool
2026-04-27T08:14:02.186Z - SOCKET_JOIN - Client mhaj1Y5k05FQdSRKAAAJ -> user_69ec93ce2c76f5ab4ec7cf65
2026-04-27T08:14:02.212Z - SOCKET_JOIN - Client mhaj1Y5k05FQdSRKAAAJ -> vendors_pool
2026-04-27T08:14:02.229Z - SOCKET_JOIN - Client mhaj1Y5k05FQdSRKAAAJ -> user_69ec93ce2c76f5ab4ec7cf65
2026-04-27T08:14:02.246Z - 📡 [TRAFFIC] 1:44:02 pm | GET /api/notifications?userId=69ec93ce2c76f5ab4ec7cf65&role=vendor
2026-04-27T08:14:02.351Z - 📡 [TRAFFIC] 1:44:02 pm | GET /api/orders/vendor?vendorId=69ec93ce2c76f5ab4ec7cf65
2026-04-27T08:14:02.420Z - 📡 [TRAFFIC] 1:44:02 pm | GET /api/orders/pool?vendorId=69ec93ce2c76f5ab4ec7cf65
2026-04-27T08:14:04.022Z - 📡 [TRAFFIC] 1:44:04 pm | POST /api/orders/vendor-accept/69ef1abfab4dfb09cf27d01e
2026-04-27T08:14:04.858Z - --- Matching for 22.798059, 75.9232677 (Found 0 active riders) ---
2026-04-27T08:14:05.998Z - 📡 [TRAFFIC] 1:44:05 pm | GET /api/orders/vendor?vendorId=69ec93ce2c76f5ab4ec7cf65
2026-04-27T08:14:06.006Z - 📡 [TRAFFIC] 1:44:06 pm | GET /api/orders/pool?vendorId=69ec93ce2c76f5ab4ec7cf65
2026-04-27T08:14:06.012Z - 📡 [TRAFFIC] 1:44:06 pm | GET /api/notifications?userId=69ec93ce2c76f5ab4ec7cf65&role=vendor
2026-04-27T08:14:13.564Z - SOCKET_JOIN - Client Q9GtwQGzFm9HT_PxAAAL -> user_69ec93ce2c76f5ab4ec7cf64
2026-04-27T08:14:13.773Z - SOCKET_JOIN - Client Q9GtwQGzFm9HT_PxAAAL -> user_69ec93ce2c76f5ab4ec7cf64
2026-04-27T08:14:17.494Z - SOCKET_JOIN - Client Q9GtwQGzFm9HT_PxAAAL -> order_69ef1abfab4dfb09cf27d01e
2026-04-27T08:14:17.498Z - 📡 [TRAFFIC] 1:44:17 pm | GET /api/orders/69ef1abfab4dfb09cf27d01e
2026-04-27T08:14:17.509Z - SOCKET_JOIN - Client Q9GtwQGzFm9HT_PxAAAL -> order_69ef1abfab4dfb09cf27d01e
2026-04-27T08:14:17.702Z - 📡 [TRAFFIC] 1:44:17 pm | GET /api/orders/69ef1abfab4dfb09cf27d01e
2026-04-27T08:14:37.304Z - 📡 [TRAFFIC] 1:44:37 pm | GET /api/admin/config
2026-04-27T08:14:37.311Z - 📡 [TRAFFIC] 1:44:37 pm | GET /api/master-services
2026-04-27T08:14:37.318Z - 📡 [TRAFFIC] 1:44:37 pm | GET /api/services?approvedOnly=true
2026-04-27T08:14:37.395Z - 📡 [TRAFFIC] 1:44:37 pm | GET /api/admin/config
2026-04-27T08:14:37.417Z - 📡 [TRAFFIC] 1:44:37 pm | GET /api/auth/profile/69ec93ce2c76f5ab4ec7cf64
2026-04-27T08:14:37.482Z - 📡 [TRAFFIC] 1:44:37 pm | GET /api/master-services
2026-04-27T08:14:37.497Z - 📡 [TRAFFIC] 1:44:37 pm | GET /api/services?approvedOnly=true
2026-04-27T08:14:37.523Z - 📡 [TRAFFIC] 1:44:37 pm | GET /api/auth/profile/69ec93ce2c76f5ab4ec7cf64
2026-04-27T08:18:00.504Z - 📡 [TRAFFIC] 1:48:00 pm | GET /api/services?vendorId=69ec93ce2c76f5ab4ec7cf65
2026-04-27T08:18:00.702Z - 📡 [TRAFFIC] 1:48:00 pm | GET /api/services?vendorId=69ec93ce2c76f5ab4ec7cf65
2026-04-27T08:18:00.714Z - 📡 [TRAFFIC] 1:48:00 pm | GET /api/auth/profile/69ec93ce2c76f5ab4ec7cf65
2026-04-27T08:18:00.951Z - 📡 [TRAFFIC] 1:48:00 pm | GET /api/auth/profile/69ec93ce2c76f5ab4ec7cf65
2026-04-27T09:06:32.886Z - SOCKET_JOIN - Client mhaj1Y5k05FQdSRKAAAJ -> vendors_pool
2026-04-27T09:06:32.983Z - SOCKET_JOIN - Client mhaj1Y5k05FQdSRKAAAJ -> user_69ec93ce2c76f5ab4ec7cf65
2026-04-27T09:06:33.178Z - SOCKET_JOIN - Client Q9GtwQGzFm9HT_PxAAAL -> user_69ec93ce2c76f5ab4ec7cf64
2026-04-27T09:13:06.872Z - 🚀 SERVER RESTARTED AT 2026-04-27T09:13:06.870Z ON PORT 5001
2026-04-27T09:13:08.661Z - SOCKET_JOIN - Client x6sbeXYCm9XGQMXIAAAF -> user_69ec93ce2c76f5ab4ec7cf64
2026-04-27T09:18:46.694Z - SOCKET_JOIN - Client 3QJMDp1uB1zKtl5jAAAC -> vendors_pool
2026-04-27T09:18:46.740Z - 📡 [TRAFFIC] 2:48:46 pm | GET /api/orders/vendor?vendorId=69ec93ce2c76f5ab4ec7cf65
2026-04-27T09:18:46.752Z - SOCKET_JOIN - Client 3QJMDp1uB1zKtl5jAAAC -> user_69ec93ce2c76f5ab4ec7cf65
2026-04-27T09:18:46.754Z - SOCKET_JOIN - Client 3QJMDp1uB1zKtl5jAAAC -> vendors_pool
2026-04-27T09:18:46.757Z - SOCKET_JOIN - Client 3QJMDp1uB1zKtl5jAAAC -> user_69ec93ce2c76f5ab4ec7cf65
2026-04-27T09:18:46.761Z - 📡 [TRAFFIC] 2:48:46 pm | GET /api/orders/vendor?vendorId=69ec93ce2c76f5ab4ec7cf65
2026-04-27T09:18:46.768Z - SOCKET_JOIN - Client dkfo3wW2GyMi15puAAAH -> vendors_pool
2026-04-27T09:18:46.829Z - SOCKET_JOIN - Client dkfo3wW2GyMi15puAAAH -> user_69ec93ce2c76f5ab4ec7cf65
2026-04-27T09:18:46.831Z - SOCKET_JOIN - Client dkfo3wW2GyMi15puAAAH -> vendors_pool
2026-04-27T09:18:46.834Z - SOCKET_JOIN - Client dkfo3wW2GyMi15puAAAH -> user_69ec93ce2c76f5ab4ec7cf65
2026-04-27T09:18:47.229Z - 📡 [TRAFFIC] 2:48:47 pm | GET /api/orders/vendor?vendorId=69ec93ce2c76f5ab4ec7cf65
2026-04-27T09:18:47.248Z - 📡 [TRAFFIC] 2:48:47 pm | GET /api/orders/vendor?vendorId=69ec93ce2c76f5ab4ec7cf65
2026-04-27T09:19:17.614Z - 📡 [TRAFFIC] 2:49:17 pm | GET /api/orders/vendor?vendorId=69ec93ce2c76f5ab4ec7cf65
2026-04-27T09:19:17.623Z - 📡 [TRAFFIC] 2:49:17 pm | GET /api/orders/vendor?vendorId=69ec93ce2c76f5ab4ec7cf65
2026-04-27T09:19:47.625Z - 📡 [TRAFFIC] 2:49:47 pm | GET /api/orders/vendor?vendorId=69ec93ce2c76f5ab4ec7cf65
2026-04-27T09:19:47.642Z - 📡 [TRAFFIC] 2:49:47 pm | GET /api/orders/vendor?vendorId=69ec93ce2c76f5ab4ec7cf65
2026-04-27T09:20:17.612Z - 📡 [TRAFFIC] 2:50:17 pm | GET /api/orders/vendor?vendorId=69ec93ce2c76f5ab4ec7cf65
2026-04-27T09:20:47.612Z - 📡 [TRAFFIC] 2:50:47 pm | GET /api/orders/vendor?vendorId=69ec93ce2c76f5ab4ec7cf65
2026-04-27T09:21:11.713Z - 📡 [TRAFFIC] 2:51:11 pm | GET /api/orders/vendor?vendorId=69ec93ce2c76f5ab4ec7cf65
2026-04-27T09:21:11.719Z - 📡 [TRAFFIC] 2:51:11 pm | GET /api/orders/pool?vendorId=69ec93ce2c76f5ab4ec7cf65
2026-04-27T09:21:19.350Z - SOCKET_JOIN - Client MLuI4GZpQh5FgpQdAAAJ -> vendors_pool
2026-04-27T09:21:19.372Z - SOCKET_JOIN - Client MLuI4GZpQh5FgpQdAAAJ -> user_69ec93ce2c76f5ab4ec7cf65
2026-04-27T09:21:19.385Z - SOCKET_JOIN - Client MLuI4GZpQh5FgpQdAAAJ -> vendors_pool
2026-04-27T09:21:19.478Z - SOCKET_JOIN - Client MLuI4GZpQh5FgpQdAAAJ -> user_69ec93ce2c76f5ab4ec7cf65
2026-04-27T09:21:19.507Z - 📡 [TRAFFIC] 2:51:19 pm | GET /api/orders/vendor?vendorId=69ec93ce2c76f5ab4ec7cf65
2026-04-27T09:21:19.548Z - 📡 [TRAFFIC] 2:51:19 pm | GET /api/orders/pool?vendorId=69ec93ce2c76f5ab4ec7cf65
2026-04-27T09:21:19.767Z - 📡 [TRAFFIC] 2:51:19 pm | GET /api/orders/vendor?vendorId=69ec93ce2c76f5ab4ec7cf65
2026-04-27T09:21:19.782Z - 📡 [TRAFFIC] 2:51:19 pm | GET /api/orders/pool?vendorId=69ec93ce2c76f5ab4ec7cf65
2026-04-27T09:30:05.422Z - 🚀 SERVER RESTARTED AT 2026-04-27T09:30:05.420Z ON PORT 5001
2026-04-27T09:30:05.555Z - SOCKET_JOIN - Client ZunSA4Q7s6eZU2uaAAAD -> user_69ec93ce2c76f5ab4ec7cf64
2026-04-27T09:30:07.054Z - SOCKET_JOIN - Client iTxHOAEvR6QUCB4eAAAF -> vendors_pool
2026-04-27T09:30:07.067Z - SOCKET_JOIN - Client iTxHOAEvR6QUCB4eAAAF -> user_69ec93ce2c76f5ab4ec7cf65
2026-04-27T09:30:07.076Z - SOCKET_JOIN - Client iTxHOAEvR6QUCB4eAAAF -> vendors_pool
2026-04-27T09:30:07.088Z - SOCKET_JOIN - Client iTxHOAEvR6QUCB4eAAAF -> user_69ec93ce2c76f5ab4ec7cf65
2026-04-27T09:30:13.865Z - 📡 [TRAFFIC] 3:00:13 pm | GET /api/orders/vendor?vendorId=69ec93ce2c76f5ab4ec7cf65
2026-04-27T09:30:13.884Z - 📡 [TRAFFIC] 3:00:13 pm | GET /api/orders/pool?vendorId=69ec93ce2c76f5ab4ec7cf65
2026-04-27T09:30:13.899Z - 📡 [TRAFFIC] 3:00:13 pm | GET /api/notifications?userId=69ec93ce2c76f5ab4ec7cf65&role=vendor
2026-04-27T09:30:13.923Z - SOCKET_JOIN - Client prA8ZQh-xPAFzCkaAAAJ -> vendors_pool
2026-04-27T09:30:14.131Z - SOCKET_JOIN - Client prA8ZQh-xPAFzCkaAAAJ -> user_69ec93ce2c76f5ab4ec7cf65
2026-04-27T09:30:14.133Z - SOCKET_JOIN - Client prA8ZQh-xPAFzCkaAAAJ -> vendors_pool
2026-04-27T09:30:14.137Z - SOCKET_JOIN - Client prA8ZQh-xPAFzCkaAAAJ -> user_69ec93ce2c76f5ab4ec7cf65
2026-04-27T09:30:14.181Z - 📡 [TRAFFIC] 3:00:14 pm | GET /api/notifications?userId=69ec93ce2c76f5ab4ec7cf65&role=vendor
2026-04-27T09:30:14.200Z - 📡 [TRAFFIC] 3:00:14 pm | GET /api/orders/pool?vendorId=69ec93ce2c76f5ab4ec7cf65
2026-04-27T09:30:14.251Z - 📡 [TRAFFIC] 3:00:14 pm | GET /api/orders/vendor?vendorId=69ec93ce2c76f5ab4ec7cf65
2026-04-27T09:30:39.924Z - 📡 [TRAFFIC] 3:00:39 pm | GET /api/master-services
2026-04-27T09:30:39.934Z - 📡 [TRAFFIC] 3:00:39 pm | GET /api/services?approvedOnly=true
2026-04-27T09:30:39.945Z - 📡 [TRAFFIC] 3:00:39 pm | GET /api/admin/config
2026-04-27T09:30:39.953Z - 📡 [TRAFFIC] 3:00:39 pm | GET /api/auth/profile/69ec93ce2c76f5ab4ec7cf64
2026-04-27T09:30:40.101Z - 📡 [TRAFFIC] 3:00:40 pm | GET /api/auth/profile/69ec93ce2c76f5ab4ec7cf64
2026-04-27T09:30:40.113Z - 📡 [TRAFFIC] 3:00:40 pm | GET /api/admin/config
2026-04-27T09:30:40.239Z - 📡 [TRAFFIC] 3:00:40 pm | GET /api/master-services
2026-04-27T09:30:40.248Z - 📡 [TRAFFIC] 3:00:40 pm | GET /api/services?approvedOnly=true
2026-04-27T09:30:41.538Z - 📡 [TRAFFIC] 3:00:41 pm | POST /api/orders
2026-04-27T09:30:41.878Z - Global broadcast sent for Order #EZ-9548
2026-04-27T09:30:41.898Z - 📡 [TRAFFIC] 3:00:41 pm | GET /api/orders/pool?vendorId=69ec93ce2c76f5ab4ec7cf65
2026-04-27T09:30:41.903Z - 📡 [TRAFFIC] 3:00:41 pm | GET /api/orders/69ef2cc189677e300ab3aa91
2026-04-27T09:30:42.132Z - Broadcasting to vendor room: user_69ec93ce2c76f5ab4ec7cf65
2026-04-27T09:30:42.278Z - 📡 [TRAFFIC] 3:00:42 pm | GET /api/orders/69ef2cc189677e300ab3aa91
2026-04-27T09:30:42.409Z - 📡 [TRAFFIC] 3:00:42 pm | GET /api/orders/pool?vendorId=69ec93ce2c76f5ab4ec7cf65
2026-04-27T09:30:42.784Z - 📡 [TRAFFIC] 3:00:42 pm | GET /api/orders/pool?vendorId=69ec93ce2c76f5ab4ec7cf65
2026-04-27T09:30:43.157Z - 📡 [TRAFFIC] 3:00:43 pm | GET /api/orders/pool?vendorId=69ec93ce2c76f5ab4ec7cf65
2026-04-27T09:30:49.289Z - 📡 [TRAFFIC] 3:00:49 pm | GET /api/orders/vendor?vendorId=69ec93ce2c76f5ab4ec7cf65
2026-04-27T09:30:49.296Z - 📡 [TRAFFIC] 3:00:49 pm | GET /api/orders/pool?vendorId=69ec93ce2c76f5ab4ec7cf65
2026-04-27T09:30:49.304Z - 📡 [TRAFFIC] 3:00:49 pm | GET /api/notifications?userId=69ec93ce2c76f5ab4ec7cf65&role=vendor
2026-04-27T09:30:49.313Z - SOCKET_JOIN - Client ttXBzKQtl8cYDOmgAAAL -> vendors_pool
2026-04-27T09:30:49.363Z - SOCKET_JOIN - Client ttXBzKQtl8cYDOmgAAAL -> user_69ec93ce2c76f5ab4ec7cf65
2026-04-27T09:30:49.373Z - SOCKET_JOIN - Client ttXBzKQtl8cYDOmgAAAL -> vendors_pool
2026-04-27T09:30:49.375Z - SOCKET_JOIN - Client ttXBzKQtl8cYDOmgAAAL -> user_69ec93ce2c76f5ab4ec7cf65
2026-04-27T09:30:49.454Z - 📡 [TRAFFIC] 3:00:49 pm | GET /api/notifications?userId=69ec93ce2c76f5ab4ec7cf65&role=vendor
2026-04-27T09:30:49.580Z - 📡 [TRAFFIC] 3:00:49 pm | GET /api/orders/vendor?vendorId=69ec93ce2c76f5ab4ec7cf65
2026-04-27T09:30:49.713Z - 📡 [TRAFFIC] 3:00:49 pm | GET /api/orders/pool?vendorId=69ec93ce2c76f5ab4ec7cf65
2026-04-27T09:30:51.186Z - 📡 [TRAFFIC] 3:00:51 pm | POST /api/orders/vendor-accept/69ef2cc189677e300ab3aa91
2026-04-27T09:30:51.828Z - --- Matching for 22.798059, 75.9232677 (Found 0 active riders) ---
2026-04-27T09:30:52.821Z - 📡 [TRAFFIC] 3:00:52 pm | GET /api/orders/vendor?vendorId=69ec93ce2c76f5ab4ec7cf65
2026-04-27T09:30:52.829Z - 📡 [TRAFFIC] 3:00:52 pm | GET /api/orders/pool?vendorId=69ec93ce2c76f5ab4ec7cf65
2026-04-27T09:30:52.837Z - 📡 [TRAFFIC] 3:00:52 pm | GET /api/notifications?userId=69ec93ce2c76f5ab4ec7cf65&role=vendor
2026-04-27T09:31:06.402Z - 📡 [TRAFFIC] 3:01:06 pm | GET /api/orders/69ef2cc189677e300ab3aa91
2026-04-27T09:31:06.407Z - SOCKET_JOIN - Client ZunSA4Q7s6eZU2uaAAAD -> order_69ef2cc189677e300ab3aa91
2026-04-27T09:31:06.422Z - SOCKET_JOIN - Client ZunSA4Q7s6eZU2uaAAAD -> order_69ef2cc189677e300ab3aa91
2026-04-27T09:31:06.674Z - 📡 [TRAFFIC] 3:01:06 pm | GET /api/orders/69ef2cc189677e300ab3aa91
2026-04-27T09:31:09.947Z - 📡 [TRAFFIC] 3:01:09 pm | POST /api/logistics/request
2026-04-27T09:31:20.641Z - 📡 [TRAFFIC] 3:01:20 pm | POST /api/logistics/verify
2026-04-27T09:31:20.885Z - 📡 [TRAFFIC] 3:01:20 pm | GET /api/orders/69ef2cc189677e300ab3aa91
2026-04-27T09:31:26.014Z - 📡 [TRAFFIC] 3:01:26 pm | GET /api/orders/vendor?vendorId=69ec93ce2c76f5ab4ec7cf65
2026-04-27T09:31:26.022Z - 📡 [TRAFFIC] 3:01:26 pm | GET /api/orders/pool?vendorId=69ec93ce2c76f5ab4ec7cf65
2026-04-27T09:31:26.028Z - 📡 [TRAFFIC] 3:01:26 pm | GET /api/notifications?userId=69ec93ce2c76f5ab4ec7cf65&role=vendor
2026-04-27T09:31:26.037Z - SOCKET_JOIN - Client 38r4tYOlvFWBgN9yAAAN -> vendors_pool
2026-04-27T09:31:26.076Z - SOCKET_JOIN - Client 38r4tYOlvFWBgN9yAAAN -> user_69ec93ce2c76f5ab4ec7cf65
2026-04-27T09:31:26.078Z - SOCKET_JOIN - Client 38r4tYOlvFWBgN9yAAAN -> vendors_pool
2026-04-27T09:31:26.079Z - SOCKET_JOIN - Client 38r4tYOlvFWBgN9yAAAN -> user_69ec93ce2c76f5ab4ec7cf65
2026-04-27T09:31:26.185Z - 📡 [TRAFFIC] 3:01:26 pm | GET /api/notifications?userId=69ec93ce2c76f5ab4ec7cf65&role=vendor
2026-04-27T09:31:26.260Z - 📡 [TRAFFIC] 3:01:26 pm | GET /api/orders/pool?vendorId=69ec93ce2c76f5ab4ec7cf65
2026-04-27T09:31:26.281Z - 📡 [TRAFFIC] 3:01:26 pm | GET /api/orders/vendor?vendorId=69ec93ce2c76f5ab4ec7cf65
2026-04-27T09:31:34.784Z - 📡 [TRAFFIC] 3:01:34 pm | PATCH /api/orders/status/69ef2cc189677e300ab3aa91
2026-04-27T09:31:35.835Z - --- Matching for 22.798059, 75.9232677 (Found 0 active riders) ---
2026-04-27T09:31:36.090Z - 📡 [TRAFFIC] 3:01:36 pm | GET /api/orders/vendor?vendorId=69ec93ce2c76f5ab4ec7cf65
2026-04-27T09:34:44.830Z - 📡 [TRAFFIC] 3:04:44 pm | GET /api/orders/69ef2cc189677e300ab3aa91
2026-04-27T09:34:45.081Z - 📡 [TRAFFIC] 3:04:45 pm | GET /api/orders/69ef2cc189677e300ab3aa91
2026-04-27T09:35:55.272Z - 📡 [TRAFFIC] 3:05:55 pm | GET /api/orders/vendor?vendorId=69ec93ce2c76f5ab4ec7cf65
2026-04-27T09:35:55.281Z - 📡 [TRAFFIC] 3:05:55 pm | GET /api/orders/pool?vendorId=69ec93ce2c76f5ab4ec7cf65
2026-04-27T09:35:55.287Z - 📡 [TRAFFIC] 3:05:55 pm | GET /api/notifications?userId=69ec93ce2c76f5ab4ec7cf65&role=vendor
2026-04-27T09:35:55.298Z - SOCKET_JOIN - Client LwOmhit90WbErnF_AAAP -> vendors_pool
2026-04-27T09:35:55.409Z - 📡 [TRAFFIC] 3:05:55 pm | GET /api/notifications?userId=69ec93ce2c76f5ab4ec7cf65&role=vendor
2026-04-27T09:35:55.427Z - SOCKET_JOIN - Client LwOmhit90WbErnF_AAAP -> user_69ec93ce2c76f5ab4ec7cf65
2026-04-27T09:35:55.429Z - SOCKET_JOIN - Client LwOmhit90WbErnF_AAAP -> vendors_pool
2026-04-27T09:35:55.431Z - SOCKET_JOIN - Client LwOmhit90WbErnF_AAAP -> user_69ec93ce2c76f5ab4ec7cf65
2026-04-27T09:35:55.528Z - 📡 [TRAFFIC] 3:05:55 pm | GET /api/orders/vendor?vendorId=69ec93ce2c76f5ab4ec7cf65
2026-04-27T09:35:55.537Z - 📡 [TRAFFIC] 3:05:55 pm | GET /api/orders/pool?vendorId=69ec93ce2c76f5ab4ec7cf65
2026-04-27T09:36:05.999Z - 📡 [TRAFFIC] 3:06:05 pm | GET /api/orders/69ef2cc189677e300ab3aa91
2026-04-27T09:36:06.240Z - 📡 [TRAFFIC] 3:06:06 pm | GET /api/orders/69ef2cc189677e300ab3aa91
2026-04-27T09:37:26.125Z - 📡 [TRAFFIC] 3:07:26 pm | GET /api/orders/vendor?vendorId=69ec93ce2c76f5ab4ec7cf65
2026-04-27T09:37:26.138Z - 📡 [TRAFFIC] 3:07:26 pm | GET /api/orders/pool?vendorId=69ec93ce2c76f5ab4ec7cf65
2026-04-27T09:37:26.153Z - 📡 [TRAFFIC] 3:07:26 pm | GET /api/notifications?userId=69ec93ce2c76f5ab4ec7cf65&role=vendor
2026-04-27T09:37:26.168Z - SOCKET_JOIN - Client 0N2uqoA3yCcrhpyaAAAR -> vendors_pool
2026-04-27T09:37:26.249Z - SOCKET_JOIN - Client 0N2uqoA3yCcrhpyaAAAR -> user_69ec93ce2c76f5ab4ec7cf65
2026-04-27T09:37:26.280Z - SOCKET_JOIN - Client 0N2uqoA3yCcrhpyaAAAR -> vendors_pool
2026-04-27T09:37:26.285Z - SOCKET_JOIN - Client 0N2uqoA3yCcrhpyaAAAR -> user_69ec93ce2c76f5ab4ec7cf65
2026-04-27T09:37:26.295Z - 📡 [TRAFFIC] 3:07:26 pm | GET /api/notifications?userId=69ec93ce2c76f5ab4ec7cf65&role=vendor
2026-04-27T09:37:26.359Z - 📡 [TRAFFIC] 3:07:26 pm | GET /api/orders/pool?vendorId=69ec93ce2c76f5ab4ec7cf65
2026-04-27T09:37:26.368Z - 📡 [TRAFFIC] 3:07:26 pm | GET /api/orders/vendor?vendorId=69ec93ce2c76f5ab4ec7cf65
2026-04-27T09:37:43.825Z - 📡 [TRAFFIC] 3:07:43 pm | GET /api/orders/69ef0a2a86fdc043d47203bc
2026-04-27T09:37:44.074Z - 📡 [TRAFFIC] 3:07:44 pm | GET /api/orders/69ef0a2a86fdc043d47203bc
2026-04-27T09:38:19.700Z - 📡 [TRAFFIC] 3:08:19 pm | GET /api/orders/69ef0a2a86fdc043d47203bc
2026-04-27T09:38:19.705Z - SOCKET_JOIN - Client 0N2uqoA3yCcrhpyaAAAR -> vendors_pool
2026-04-27T09:38:19.762Z - SOCKET_JOIN - Client 0N2uqoA3yCcrhpyaAAAR -> user_69ec93ce2c76f5ab4ec7cf65
2026-04-27T09:38:19.764Z - SOCKET_JOIN - Client 0N2uqoA3yCcrhpyaAAAR -> vendors_pool
2026-04-27T09:38:19.766Z - SOCKET_JOIN - Client 0N2uqoA3yCcrhpyaAAAR -> user_69ec93ce2c76f5ab4ec7cf65
2026-04-27T09:38:19.909Z - 📡 [TRAFFIC] 3:08:19 pm | GET /api/orders/69ef0a2a86fdc043d47203bc
2026-04-27T09:46:52.914Z - 📡 [TRAFFIC] 3:16:52 pm | PATCH /api/orders/status/69ef0a2a86fdc043d47203bc
2026-04-27T09:46:56.000Z - 📡 [TRAFFIC] 3:16:55 pm | GET /api/orders/69ef0a2a86fdc043d47203bc
2026-04-27T09:46:56.012Z - SOCKET_JOIN - Client BpEF0gxzpC6M7DirAAAT -> vendors_pool
2026-04-27T09:46:56.058Z - SOCKET_JOIN - Client BpEF0gxzpC6M7DirAAAT -> user_69ec93ce2c76f5ab4ec7cf65
2026-04-27T09:46:56.060Z - SOCKET_JOIN - Client BpEF0gxzpC6M7DirAAAT -> vendors_pool
2026-04-27T09:46:56.062Z - SOCKET_JOIN - Client BpEF0gxzpC6M7DirAAAT -> user_69ec93ce2c76f5ab4ec7cf65
2026-04-27T09:46:56.591Z - 📡 [TRAFFIC] 3:16:56 pm | GET /api/orders/69ef0a2a86fdc043d47203bc
2026-04-27T09:46:59.104Z - 📡 [TRAFFIC] 3:16:59 pm | POST /api/orders/mark-ready/69ef0a2a86fdc043d47203bc
2026-04-27T09:47:01.294Z - 📡 [TRAFFIC] 3:17:01 pm | GET /api/orders/69ef0a2a86fdc043d47203bc
2026-04-27T09:47:01.309Z - SOCKET_JOIN - Client OPIrERWM6C7CqOKXAAAV -> vendors_pool
2026-04-27T09:47:01.344Z - SOCKET_JOIN - Client OPIrERWM6C7CqOKXAAAV -> user_69ec93ce2c76f5ab4ec7cf65
2026-04-27T09:47:01.346Z - SOCKET_JOIN - Client OPIrERWM6C7CqOKXAAAV -> vendors_pool
2026-04-27T09:47:01.348Z - SOCKET_JOIN - Client OPIrERWM6C7CqOKXAAAV -> user_69ec93ce2c76f5ab4ec7cf65
2026-04-27T09:47:01.647Z - 📡 [TRAFFIC] 3:17:01 pm | GET /api/orders/69ef0a2a86fdc043d47203bc
2026-04-27T09:47:18.596Z - 📡 [TRAFFIC] 3:17:18 pm | POST /api/orders/verify-handshake/69ef0a2a86fdc043d47203bc
2026-04-27T09:47:43.614Z - 📡 [TRAFFIC] 3:17:43 pm | POST /api/orders/verify-handshake/69ef0a2a86fdc043d47203bc
2026-04-27T09:47:45.549Z - 📡 [TRAFFIC] 3:17:45 pm | GET /api/orders/69ef0a2a86fdc043d47203bc
2026-04-27T09:47:45.597Z - SOCKET_JOIN - Client bpejh5qS7MQvUgSsAAAX -> vendors_pool
2026-04-27T09:47:45.616Z - SOCKET_JOIN - Client bpejh5qS7MQvUgSsAAAX -> user_69ec93ce2c76f5ab4ec7cf65
2026-04-27T09:47:45.682Z - SOCKET_JOIN - Client bpejh5qS7MQvUgSsAAAX -> vendors_pool
2026-04-27T09:47:45.685Z - SOCKET_JOIN - Client bpejh5qS7MQvUgSsAAAX -> user_69ec93ce2c76f5ab4ec7cf65
2026-04-27T09:47:45.834Z - 📡 [TRAFFIC] 3:17:45 pm | GET /api/orders/69ef0a2a86fdc043d47203bc
2026-04-27T09:47:53.619Z - 📡 [TRAFFIC] 3:17:53 pm | GET /api/orders/vendor?vendorId=69ec93ce2c76f5ab4ec7cf65
2026-04-27T09:47:53.625Z - 📡 [TRAFFIC] 3:17:53 pm | GET /api/orders/pool?vendorId=69ec93ce2c76f5ab4ec7cf65
2026-04-27T09:47:53.630Z - 📡 [TRAFFIC] 3:17:53 pm | GET /api/notifications?userId=69ec93ce2c76f5ab4ec7cf65&role=vendor
2026-04-27T09:47:53.781Z - 📡 [TRAFFIC] 3:17:53 pm | GET /api/notifications?userId=69ec93ce2c76f5ab4ec7cf65&role=vendor
2026-04-27T09:47:53.902Z - 📡 [TRAFFIC] 3:17:53 pm | GET /api/orders/pool?vendorId=69ec93ce2c76f5ab4ec7cf65
2026-04-27T09:47:53.950Z - 📡 [TRAFFIC] 3:17:53 pm | GET /api/orders/vendor?vendorId=69ec93ce2c76f5ab4ec7cf65
2026-04-27T09:48:00.632Z - 📡 [TRAFFIC] 3:18:00 pm | GET /api/orders/69ef2cc189677e300ab3aa91
2026-04-27T09:48:00.841Z - 📡 [TRAFFIC] 3:18:00 pm | GET /api/orders/69ef2cc189677e300ab3aa91
2026-04-27T09:48:05.042Z - 📡 [TRAFFIC] 3:18:05 pm | GET /api/orders/vendor?vendorId=69ec93ce2c76f5ab4ec7cf65
2026-04-27T09:48:05.049Z - 📡 [TRAFFIC] 3:18:05 pm | GET /api/orders/pool?vendorId=69ec93ce2c76f5ab4ec7cf65
2026-04-27T09:48:05.055Z - 📡 [TRAFFIC] 3:18:05 pm | GET /api/notifications?userId=69ec93ce2c76f5ab4ec7cf65&role=vendor
2026-04-27T09:48:05.181Z - 📡 [TRAFFIC] 3:18:05 pm | GET /api/notifications?userId=69ec93ce2c76f5ab4ec7cf65&role=vendor
2026-04-27T09:48:05.272Z - 📡 [TRAFFIC] 3:18:05 pm | GET /api/orders/vendor?vendorId=69ec93ce2c76f5ab4ec7cf65
2026-04-27T09:48:05.277Z - 📡 [TRAFFIC] 3:18:05 pm | GET /api/orders/pool?vendorId=69ec93ce2c76f5ab4ec7cf65
2026-04-27T09:48:09.170Z - 📡 [TRAFFIC] 3:18:09 pm | GET /api/orders/69ef0a2a86fdc043d47203bc
2026-04-27T09:48:09.561Z - 📡 [TRAFFIC] 3:18:09 pm | GET /api/orders/69ef0a2a86fdc043d47203bc
2026-04-27T09:48:11.833Z - 📡 [TRAFFIC] 3:18:11 pm | GET /api/orders/vendor?vendorId=69ec93ce2c76f5ab4ec7cf65
2026-04-27T09:48:11.841Z - 📡 [TRAFFIC] 3:18:11 pm | GET /api/orders/pool?vendorId=69ec93ce2c76f5ab4ec7cf65
2026-04-27T09:48:11.848Z - 📡 [TRAFFIC] 3:18:11 pm | GET /api/notifications?userId=69ec93ce2c76f5ab4ec7cf65&role=vendor
2026-04-27T09:48:12.025Z - 📡 [TRAFFIC] 3:18:12 pm | GET /api/notifications?userId=69ec93ce2c76f5ab4ec7cf65&role=vendor
2026-04-27T09:48:12.126Z - 📡 [TRAFFIC] 3:18:12 pm | GET /api/orders/pool?vendorId=69ec93ce2c76f5ab4ec7cf65
2026-04-27T09:48:12.135Z - 📡 [TRAFFIC] 3:18:12 pm | GET /api/orders/vendor?vendorId=69ec93ce2c76f5ab4ec7cf65
2026-04-27T09:57:03.892Z - 📡 [TRAFFIC] 3:27:03 pm | GET /api/orders/69ef2cc189677e300ab3aa91
2026-04-27T09:57:03.902Z - SOCKET_JOIN - Client NU6io-8TvReDNh5IAAAZ -> order_69ef2cc189677e300ab3aa91
2026-04-27T09:57:04.107Z - SOCKET_JOIN - Client NU6io-8TvReDNh5IAAAZ -> user_69ec93ce2c76f5ab4ec7cf64
2026-04-27T09:57:04.112Z - SOCKET_JOIN - Client NU6io-8TvReDNh5IAAAZ -> order_69ef2cc189677e300ab3aa91
2026-04-27T09:57:04.116Z - SOCKET_JOIN - Client NU6io-8TvReDNh5IAAAZ -> user_69ec93ce2c76f5ab4ec7cf64
2026-04-27T09:57:04.189Z - 📡 [TRAFFIC] 3:27:04 pm | GET /api/orders/69ef2cc189677e300ab3aa91
2026-04-27T09:57:09.171Z - 📡 [TRAFFIC] 3:27:09 pm | GET /api/admin/config
2026-04-27T09:57:09.177Z - 📡 [TRAFFIC] 3:27:09 pm | GET /api/master-services
2026-04-27T09:57:09.183Z - 📡 [TRAFFIC] 3:27:09 pm | GET /api/services?approvedOnly=true
2026-04-27T09:57:09.297Z - 📡 [TRAFFIC] 3:27:09 pm | GET /api/admin/config
2026-04-27T09:57:09.313Z - 📡 [TRAFFIC] 3:27:09 pm | GET /api/auth/profile/69ec93ce2c76f5ab4ec7cf64
2026-04-27T09:57:09.432Z - 📡 [TRAFFIC] 3:27:09 pm | GET /api/master-services
2026-04-27T09:57:09.441Z - 📡 [TRAFFIC] 3:27:09 pm | GET /api/services?approvedOnly=true
2026-04-27T09:57:09.477Z - 📡 [TRAFFIC] 3:27:09 pm | GET /api/auth/profile/69ec93ce2c76f5ab4ec7cf64
2026-04-27T09:57:10.715Z - 📡 [TRAFFIC] 3:27:10 pm | GET /api/orders/my?customerId=69ec93ce2c76f5ab4ec7cf64
2026-04-27T09:57:10.718Z - [DEBUG] Fetching orders for CustomerID: 69ec93ce2c76f5ab4ec7cf64. Detecting phone...
2026-04-27T09:57:10.872Z - [DEBUG] Found phone: 9999999991 for account 69ec93ce2c76f5ab4ec7cf64
2026-04-27T09:57:11.036Z - [DEBUG] Cross-account search for 9999999991. Found 1 linked IDs.
2026-04-27T09:57:11.298Z - [DEBUG] Orders found for 9999999991: 5
2026-04-27T09:57:11.308Z - 📡 [TRAFFIC] 3:27:11 pm | GET /api/orders/my?customerId=69ec93ce2c76f5ab4ec7cf64
2026-04-27T09:57:11.310Z - [DEBUG] Fetching orders for CustomerID: 69ec93ce2c76f5ab4ec7cf64. Detecting phone...
2026-04-27T09:57:11.420Z - [DEBUG] Found phone: 9999999991 for account 69ec93ce2c76f5ab4ec7cf64
2026-04-27T09:57:11.628Z - [DEBUG] Cross-account search for 9999999991. Found 1 linked IDs.
2026-04-27T09:57:11.911Z - [DEBUG] Orders found for 9999999991: 5
2026-04-27T09:57:25.305Z - SOCKET_JOIN - Client NU6io-8TvReDNh5IAAAZ -> order_69ef2cc189677e300ab3aa91
2026-04-27T09:57:25.309Z - 📡 [TRAFFIC] 3:27:25 pm | GET /api/orders/69ef2cc189677e300ab3aa91
2026-04-27T09:57:25.321Z - SOCKET_JOIN - Client NU6io-8TvReDNh5IAAAZ -> order_69ef2cc189677e300ab3aa91
2026-04-27T09:57:25.546Z - 📡 [TRAFFIC] 3:27:25 pm | GET /api/orders/69ef2cc189677e300ab3aa91
2026-04-27T09:57:27.929Z - 📡 [TRAFFIC] 3:27:27 pm | GET /api/admin/config
2026-04-27T09:57:27.936Z - 📡 [TRAFFIC] 3:27:27 pm | GET /api/master-services
2026-04-27T09:57:27.942Z - 📡 [TRAFFIC] 3:27:27 pm | GET /api/services?approvedOnly=true
2026-04-27T09:57:28.040Z - 📡 [TRAFFIC] 3:27:28 pm | GET /api/admin/config
2026-04-27T09:57:28.053Z - 📡 [TRAFFIC] 3:27:28 pm | GET /api/auth/profile/69ec93ce2c76f5ab4ec7cf64
2026-04-27T09:57:28.156Z - 📡 [TRAFFIC] 3:27:28 pm | GET /api/master-services
2026-04-27T09:57:28.169Z - 📡 [TRAFFIC] 3:27:28 pm | GET /api/auth/profile/69ec93ce2c76f5ab4ec7cf64
2026-04-27T09:57:28.205Z - 📡 [TRAFFIC] 3:27:28 pm | GET /api/services?approvedOnly=true
2026-04-27T09:57:29.964Z - 📡 [TRAFFIC] 3:27:29 pm | GET /api/orders/my?customerId=69ec93ce2c76f5ab4ec7cf64
2026-04-27T09:57:29.966Z - [DEBUG] Fetching orders for CustomerID: 69ec93ce2c76f5ab4ec7cf64. Detecting phone...
2026-04-27T09:57:30.079Z - [DEBUG] Found phone: 9999999991 for account 69ec93ce2c76f5ab4ec7cf64
2026-04-27T09:57:30.239Z - [DEBUG] Cross-account search for 9999999991. Found 1 linked IDs.
2026-04-27T09:57:30.484Z - [DEBUG] Orders found for 9999999991: 5
2026-04-27T09:57:30.494Z - 📡 [TRAFFIC] 3:27:30 pm | GET /api/orders/my?customerId=69ec93ce2c76f5ab4ec7cf64
2026-04-27T09:57:30.496Z - [DEBUG] Fetching orders for CustomerID: 69ec93ce2c76f5ab4ec7cf64. Detecting phone...
2026-04-27T09:57:30.625Z - [DEBUG] Found phone: 9999999991 for account 69ec93ce2c76f5ab4ec7cf64
2026-04-27T09:57:30.724Z - [DEBUG] Cross-account search for 9999999991. Found 1 linked IDs.
2026-04-27T09:57:30.939Z - [DEBUG] Orders found for 9999999991: 5
2026-04-27T10:00:14.614Z - 📡 [TRAFFIC] 3:30:14 pm | GET /api/orders/vendor?vendorId=69ec93ce2c76f5ab4ec7cf65
2026-04-27T10:00:14.619Z - 📡 [TRAFFIC] 3:30:14 pm | GET /api/orders/pool?vendorId=69ec93ce2c76f5ab4ec7cf65
2026-04-27T10:00:14.629Z - 📡 [TRAFFIC] 3:30:14 pm | GET /api/notifications?userId=69ec93ce2c76f5ab4ec7cf65&role=vendor
2026-04-27T10:18:12.613Z - 📡 [TRAFFIC] 3:48:12 pm | GET /api/orders/vendor?vendorId=69ec93ce2c76f5ab4ec7cf65
2026-04-27T10:18:12.619Z - 📡 [TRAFFIC] 3:48:12 pm | GET /api/orders/pool?vendorId=69ec93ce2c76f5ab4ec7cf65
2026-04-27T10:18:12.624Z - 📡 [TRAFFIC] 3:48:12 pm | GET /api/notifications?userId=69ec93ce2c76f5ab4ec7cf65&role=vendor
2026-04-27T10:27:16.702Z - 🚀 SERVER RESTARTED AT 2026-04-27T10:27:16.701Z ON PORT 5001
2026-04-27T10:27:16.990Z - SOCKET_JOIN - Client EZRdt05XO4UKL0qzAAAH -> user_69ec93ce2c76f5ab4ec7cf64
2026-04-27T10:29:11.911Z - 📡 [TRAFFIC] 3:59:11 pm | GET /api/admin/config
2026-04-27T10:29:11.917Z - 📡 [TRAFFIC] 3:59:11 pm | GET /api/master-services
2026-04-27T10:29:11.924Z - 📡 [TRAFFIC] 3:59:11 pm | GET /api/services?approvedOnly=true
2026-04-27T10:29:12.114Z - 📡 [TRAFFIC] 3:59:12 pm | GET /api/admin/config
2026-04-27T10:29:12.118Z - 📡 [TRAFFIC] 3:59:12 pm | GET /api/auth/profile/69ec93ce2c76f5ab4ec7cf64
2026-04-27T10:29:12.284Z - 📡 [TRAFFIC] 3:59:12 pm | GET /api/master-services
2026-04-27T10:29:12.290Z - 📡 [TRAFFIC] 3:59:12 pm | GET /api/auth/profile/69ec93ce2c76f5ab4ec7cf64
2026-04-27T10:29:12.294Z - 📡 [TRAFFIC] 3:59:12 pm | GET /api/services?approvedOnly=true
2026-04-27T10:29:14.604Z - 📡 [TRAFFIC] 3:59:14 pm | GET /api/master-services
2026-04-27T10:29:14.608Z - 📡 [TRAFFIC] 3:59:14 pm | GET /api/services?approvedOnly=true
2026-04-27T10:29:14.611Z - 📡 [TRAFFIC] 3:59:14 pm | GET /api/admin/config
2026-04-27T10:29:14.614Z - 📡 [TRAFFIC] 3:59:14 pm | GET /api/auth/profile/69ec93ce2c76f5ab4ec7cf64
2026-04-27T10:29:14.732Z - 📡 [TRAFFIC] 3:59:14 pm | GET /api/auth/profile/69ec93ce2c76f5ab4ec7cf64
2026-04-27T10:29:14.737Z - 📡 [TRAFFIC] 3:59:14 pm | GET /api/admin/config
2026-04-27T10:29:14.826Z - 📡 [TRAFFIC] 3:59:14 pm | GET /api/services?approvedOnly=true
2026-04-27T10:29:14.853Z - 📡 [TRAFFIC] 3:59:14 pm | GET /api/master-services
2026-04-27T10:29:17.191Z - 📡 [TRAFFIC] 3:59:17 pm | POST /api/orders
2026-04-27T10:29:17.469Z - Global broadcast sent for Order #EZ-6681
2026-04-27T10:29:17.629Z - Broadcasting to vendor room: user_69ec93ce2c76f5ab4ec7cf65
2026-04-27T10:29:41.592Z - 📡 [TRAFFIC] 3:59:41 pm | GET /api/orders/vendor?vendorId=69ec93ce2c76f5ab4ec7cf65
2026-04-27T10:29:41.598Z - 📡 [TRAFFIC] 3:59:41 pm | GET /api/orders/pool?vendorId=69ec93ce2c76f5ab4ec7cf65
2026-04-27T10:29:41.601Z - 📡 [TRAFFIC] 3:59:41 pm | GET /api/notifications?userId=69ec93ce2c76f5ab4ec7cf65&role=vendor
2026-04-27T10:29:41.607Z - SOCKET_JOIN - Client ZQyuxQzQkZ54Rwa7AAAJ -> vendors_pool
2026-04-27T10:29:41.636Z - SOCKET_JOIN - Client ZQyuxQzQkZ54Rwa7AAAJ -> user_69ec93ce2c76f5ab4ec7cf65
2026-04-27T10:29:41.637Z - SOCKET_JOIN - Client ZQyuxQzQkZ54Rwa7AAAJ -> vendors_pool
2026-04-27T10:29:41.644Z - SOCKET_JOIN - Client ZQyuxQzQkZ54Rwa7AAAJ -> user_69ec93ce2c76f5ab4ec7cf65
2026-04-27T10:29:41.719Z - 📡 [TRAFFIC] 3:59:41 pm | GET /api/notifications?userId=69ec93ce2c76f5ab4ec7cf65&role=vendor
2026-04-27T10:29:41.869Z - 📡 [TRAFFIC] 3:59:41 pm | GET /api/orders/vendor?vendorId=69ec93ce2c76f5ab4ec7cf65
2026-04-27T10:29:42.021Z - 📡 [TRAFFIC] 3:59:42 pm | GET /api/orders/pool?vendorId=69ec93ce2c76f5ab4ec7cf65
2026-04-27T10:29:45.948Z - 📡 [TRAFFIC] 3:59:45 pm | POST /api/orders/vendor-accept/69ef3a7d83f3c060c904b67a
2026-04-27T10:29:46.603Z - --- Matching for 22.798059, 75.9232677 (Found 0 active riders) ---
2026-04-27T10:29:47.643Z - 📡 [TRAFFIC] 3:59:47 pm | GET /api/orders/vendor?vendorId=69ec93ce2c76f5ab4ec7cf65
2026-04-27T10:29:47.648Z - 📡 [TRAFFIC] 3:59:47 pm | GET /api/orders/pool?vendorId=69ec93ce2c76f5ab4ec7cf65
2026-04-27T10:29:47.651Z - 📡 [TRAFFIC] 3:59:47 pm | GET /api/notifications?userId=69ec93ce2c76f5ab4ec7cf65&role=vendor
2026-04-27T10:29:55.409Z - SOCKET_JOIN - Client EZRdt05XO4UKL0qzAAAH -> order_69ef3a7d83f3c060c904b67a
2026-04-27T10:29:55.411Z - 📡 [TRAFFIC] 3:59:55 pm | GET /api/orders/69ef3a7d83f3c060c904b67a
2026-04-27T10:29:55.416Z - SOCKET_JOIN - Client EZRdt05XO4UKL0qzAAAH -> order_69ef3a7d83f3c060c904b67a
2026-04-27T10:29:55.677Z - 📡 [TRAFFIC] 3:59:55 pm | GET /api/orders/69ef3a7d83f3c060c904b67a
2026-04-27T10:29:57.635Z - 📡 [TRAFFIC] 3:59:57 pm | POST /api/logistics/request
2026-04-27T10:30:06.535Z - 📡 [TRAFFIC] 4:00:06 pm | POST /api/logistics/verify
2026-04-27T10:30:07.059Z - 📡 [TRAFFIC] 4:00:07 pm | GET /api/orders/69ef3a7d83f3c060c904b67a
2026-04-27T10:30:14.218Z - 📡 [TRAFFIC] 4:00:14 pm | GET /api/orders/vendor?vendorId=69ec93ce2c76f5ab4ec7cf65
2026-04-27T10:30:14.222Z - 📡 [TRAFFIC] 4:00:14 pm | GET /api/orders/pool?vendorId=69ec93ce2c76f5ab4ec7cf65
2026-04-27T10:30:14.226Z - 📡 [TRAFFIC] 4:00:14 pm | GET /api/notifications?userId=69ec93ce2c76f5ab4ec7cf65&role=vendor
2026-04-27T10:30:14.231Z - SOCKET_JOIN - Client WD911vamMj3FE7X-AAAL -> vendors_pool
2026-04-27T10:30:14.291Z - SOCKET_JOIN - Client WD911vamMj3FE7X-AAAL -> user_69ec93ce2c76f5ab4ec7cf65
2026-04-27T10:30:14.305Z - SOCKET_JOIN - Client WD911vamMj3FE7X-AAAL -> vendors_pool
2026-04-27T10:30:14.308Z - SOCKET_JOIN - Client WD911vamMj3FE7X-AAAL -> user_69ec93ce2c76f5ab4ec7cf65
2026-04-27T10:30:14.364Z - 📡 [TRAFFIC] 4:00:14 pm | GET /api/notifications?userId=69ec93ce2c76f5ab4ec7cf65&role=vendor
2026-04-27T10:30:14.512Z - 📡 [TRAFFIC] 4:00:14 pm | GET /api/orders/pool?vendorId=69ec93ce2c76f5ab4ec7cf65
2026-04-27T10:30:14.516Z - 📡 [TRAFFIC] 4:00:14 pm | GET /api/orders/vendor?vendorId=69ec93ce2c76f5ab4ec7cf65
2026-04-27T10:30:18.426Z - 📡 [TRAFFIC] 4:00:18 pm | GET /api/orders/69ef3a7d83f3c060c904b67a
2026-04-27T10:30:18.671Z - 📡 [TRAFFIC] 4:00:18 pm | GET /api/orders/69ef3a7d83f3c060c904b67a
2026-04-27T10:30:20.823Z - 📡 [TRAFFIC] 4:00:20 pm | PATCH /api/orders/status/69ef3a7d83f3c060c904b67a
2026-04-27T10:30:22.036Z - 📡 [TRAFFIC] 4:00:22 pm | GET /api/orders/69ef3a7d83f3c060c904b67a
2026-04-27T10:30:22.041Z - SOCKET_JOIN - Client hU4VXe11ChgPv1AaAAAN -> vendors_pool
2026-04-27T10:30:22.048Z - SOCKET_JOIN - Client hU4VXe11ChgPv1AaAAAN -> user_69ec93ce2c76f5ab4ec7cf65
2026-04-27T10:30:22.049Z - SOCKET_JOIN - Client hU4VXe11ChgPv1AaAAAN -> vendors_pool
2026-04-27T10:30:22.050Z - SOCKET_JOIN - Client hU4VXe11ChgPv1AaAAAN -> user_69ec93ce2c76f5ab4ec7cf65
2026-04-27T10:30:22.351Z - 📡 [TRAFFIC] 4:00:22 pm | GET /api/orders/69ef3a7d83f3c060c904b67a
2026-04-27T10:30:25.181Z - 📡 [TRAFFIC] 4:00:25 pm | POST /api/orders/mark-ready/69ef3a7d83f3c060c904b67a
2026-04-27T10:30:26.398Z - 📡 [TRAFFIC] 4:00:26 pm | GET /api/orders/69ef3a7d83f3c060c904b67a
2026-04-27T10:30:26.403Z - SOCKET_JOIN - Client em3CUO4fnCxSwv3vAAAP -> vendors_pool
2026-04-27T10:30:26.417Z - SOCKET_JOIN - Client em3CUO4fnCxSwv3vAAAP -> user_69ec93ce2c76f5ab4ec7cf65
2026-04-27T10:30:26.418Z - SOCKET_JOIN - Client em3CUO4fnCxSwv3vAAAP -> vendors_pool
2026-04-27T10:30:26.418Z - SOCKET_JOIN - Client em3CUO4fnCxSwv3vAAAP -> user_69ec93ce2c76f5ab4ec7cf65
2026-04-27T10:30:26.691Z - 📡 [TRAFFIC] 4:00:26 pm | GET /api/orders/69ef3a7d83f3c060c904b67a
2026-04-27T10:30:43.663Z - 📡 [TRAFFIC] 4:00:43 pm | POST /api/orders/verify-handshake/69ef3a7d83f3c060c904b67a
2026-04-27T10:32:52.509Z - 📡 [TRAFFIC] 4:02:52 pm | POST /api/orders/verify-handshake/69ef3a7d83f3c060c904b67a
2026-04-27T10:48:12.617Z - 📡 [TRAFFIC] 4:18:12 pm | GET /api/orders/vendor?vendorId=69ec93ce2c76f5ab4ec7cf65
2026-04-27T10:48:12.622Z - 📡 [TRAFFIC] 4:18:12 pm | GET /api/orders/pool?vendorId=69ec93ce2c76f5ab4ec7cf65
2026-04-27T10:48:12.625Z - 📡 [TRAFFIC] 4:18:12 pm | GET /api/notifications?userId=69ec93ce2c76f5ab4ec7cf65&role=vendor
2026-04-27T10:49:33.573Z - 📡 [TRAFFIC] 4:19:33 pm | POST /api/orders/verify-handshake/69ef3a7d83f3c060c904b67a
2026-04-27T10:49:59.762Z - 🚀 SERVER RESTARTED AT 2026-04-27T10:49:59.761Z ON PORT 5001
2026-04-27T10:50:00.637Z - SOCKET_JOIN - Client y0igMen5PyZ_dLDdAAAE -> user_69ec93ce2c76f5ab4ec7cf64
2026-04-27T10:50:12.006Z - 📡 [TRAFFIC] 4:20:11 pm | GET /api/orders/69ef3a7d83f3c060c904b67a
2026-04-27T10:50:12.013Z - SOCKET_JOIN - Client kfTPC6J34yVLsxxmAAAJ -> vendors_pool
2026-04-27T10:50:12.172Z - SOCKET_JOIN - Client kfTPC6J34yVLsxxmAAAJ -> user_69ec93ce2c76f5ab4ec7cf65
2026-04-27T10:50:12.173Z - SOCKET_JOIN - Client kfTPC6J34yVLsxxmAAAJ -> vendors_pool
2026-04-27T10:50:12.173Z - SOCKET_JOIN - Client kfTPC6J34yVLsxxmAAAJ -> user_69ec93ce2c76f5ab4ec7cf65
2026-04-27T10:50:12.306Z - 📡 [TRAFFIC] 4:20:12 pm | GET /api/orders/69ef3a7d83f3c060c904b67a
2026-04-27T10:50:35.837Z - 📡 [TRAFFIC] 4:20:35 pm | GET /api/orders/69ef3a7d83f3c060c904b67a
2026-04-27T10:50:35.840Z - SOCKET_JOIN - Client G-qVBB05HkNTGvGtAAAL -> order_69ef3a7d83f3c060c904b67a
2026-04-27T10:50:35.907Z - SOCKET_JOIN - Client G-qVBB05HkNTGvGtAAAL -> user_69ec93ce2c76f5ab4ec7cf64
2026-04-27T10:50:35.908Z - SOCKET_JOIN - Client G-qVBB05HkNTGvGtAAAL -> order_69ef3a7d83f3c060c904b67a
2026-04-27T10:50:35.909Z - SOCKET_JOIN - Client G-qVBB05HkNTGvGtAAAL -> user_69ec93ce2c76f5ab4ec7cf64
2026-04-27T10:50:36.058Z - 📡 [TRAFFIC] 4:20:36 pm | GET /api/orders/69ef3a7d83f3c060c904b67a
2026-04-27T10:56:37.426Z - 🚀 SERVER RESTARTED AT 2026-04-27T10:56:37.425Z ON PORT 5001
2026-04-27T10:56:38.659Z - SOCKET_JOIN - Client sOvFqzMrnYrh4vkkAAAF -> user_69ec93ce2c76f5ab4ec7cf64
2026-04-27T10:57:35.061Z - SOCKET_JOIN - Client XeyH2wSm-tc4jCE0AAAJ -> order_69ef3a7d83f3c060c904b67a
2026-04-27T10:57:35.086Z - 📡 [TRAFFIC] 4:27:35 pm | GET /api/orders/69ef3a7d83f3c060c904b67a
2026-04-27T10:57:35.126Z - SOCKET_JOIN - Client XeyH2wSm-tc4jCE0AAAJ -> user_69ec93ce2c76f5ab4ec7cf64
2026-04-27T10:57:35.128Z - SOCKET_JOIN - Client XeyH2wSm-tc4jCE0AAAJ -> order_69ef3a7d83f3c060c904b67a
2026-04-27T10:57:35.129Z - SOCKET_JOIN - Client XeyH2wSm-tc4jCE0AAAJ -> user_69ec93ce2c76f5ab4ec7cf64
2026-04-27T10:57:35.328Z - 📡 [TRAFFIC] 4:27:35 pm | GET /api/orders/69ef3a7d83f3c060c904b67a
2026-04-27T10:57:38.367Z - 📡 [TRAFFIC] 4:27:38 pm | GET /api/admin/config
2026-04-27T10:57:38.371Z - 📡 [TRAFFIC] 4:27:38 pm | GET /api/master-services
2026-04-27T10:57:38.379Z - 📡 [TRAFFIC] 4:27:38 pm | GET /api/services?approvedOnly=true
2026-04-27T10:57:38.495Z - 📡 [TRAFFIC] 4:27:38 pm | GET /api/admin/config
2026-04-27T10:57:38.499Z - 📡 [TRAFFIC] 4:27:38 pm | GET /api/auth/profile/69ec93ce2c76f5ab4ec7cf64
2026-04-27T10:57:38.636Z - 📡 [TRAFFIC] 4:27:38 pm | GET /api/auth/profile/69ec93ce2c76f5ab4ec7cf64
2026-04-27T10:57:38.641Z - 📡 [TRAFFIC] 4:27:38 pm | GET /api/master-services
2026-04-27T10:57:38.648Z - 📡 [TRAFFIC] 4:27:38 pm | GET /api/services?approvedOnly=true
2026-04-27T10:57:43.410Z - 📡 [TRAFFIC] 4:27:43 pm | GET /api/orders/vendor?vendorId=69ec93ce2c76f5ab4ec7cf65
2026-04-27T10:57:43.413Z - 📡 [TRAFFIC] 4:27:43 pm | GET /api/orders/pool?vendorId=69ec93ce2c76f5ab4ec7cf65
2026-04-27T10:57:43.417Z - 📡 [TRAFFIC] 4:27:43 pm | GET /api/notifications?userId=69ec93ce2c76f5ab4ec7cf65&role=vendor
2026-04-27T10:57:43.624Z - 📡 [TRAFFIC] 4:27:43 pm | GET /api/notifications?userId=69ec93ce2c76f5ab4ec7cf65&role=vendor
2026-04-27T10:57:43.701Z - 📡 [TRAFFIC] 4:27:43 pm | GET /api/orders/pool?vendorId=69ec93ce2c76f5ab4ec7cf65
2026-04-27T10:57:43.750Z - 📡 [TRAFFIC] 4:27:43 pm | GET /api/orders/vendor?vendorId=69ec93ce2c76f5ab4ec7cf65
2026-04-27T10:57:49.662Z - 📡 [TRAFFIC] 4:27:49 pm | GET /api/master-services
2026-04-27T10:57:49.665Z - 📡 [TRAFFIC] 4:27:49 pm | GET /api/services?approvedOnly=true
2026-04-27T10:57:49.668Z - 📡 [TRAFFIC] 4:27:49 pm | GET /api/admin/config
2026-04-27T10:57:49.671Z - 📡 [TRAFFIC] 4:27:49 pm | GET /api/auth/profile/69ec93ce2c76f5ab4ec7cf64
2026-04-27T10:57:49.755Z - 📡 [TRAFFIC] 4:27:49 pm | GET /api/admin/config
2026-04-27T10:57:49.797Z - 📡 [TRAFFIC] 4:27:49 pm | GET /api/auth/profile/69ec93ce2c76f5ab4ec7cf64
2026-04-27T10:57:49.845Z - 📡 [TRAFFIC] 4:27:49 pm | GET /api/services?approvedOnly=true
2026-04-27T10:57:49.858Z - 📡 [TRAFFIC] 4:27:49 pm | GET /api/master-services
2026-04-27T10:57:51.440Z - 📡 [TRAFFIC] 4:27:51 pm | POST /api/orders
2026-04-27T10:57:51.716Z - Global broadcast sent for Order #EZ-5175
2026-04-27T10:57:51.859Z - Broadcasting to vendor room: user_69ec93ce2c76f5ab4ec7cf65
2026-04-27T10:57:58.486Z - SOCKET_JOIN - Client RpsWYKmvkG6MGoxWAAAL -> vendors_pool
2026-04-27T10:57:58.502Z - 📡 [TRAFFIC] 4:27:58 pm | GET /api/orders/vendor?vendorId=69ec93ce2c76f5ab4ec7cf65
2026-04-27T10:57:58.508Z - 📡 [TRAFFIC] 4:27:58 pm | GET /api/orders/pool?vendorId=69ec93ce2c76f5ab4ec7cf65
2026-04-27T10:57:58.520Z - 📡 [TRAFFIC] 4:27:58 pm | GET /api/notifications?userId=69ec93ce2c76f5ab4ec7cf65&role=vendor
2026-04-27T10:57:58.542Z - SOCKET_JOIN - Client RpsWYKmvkG6MGoxWAAAL -> user_69ec93ce2c76f5ab4ec7cf65
2026-04-27T10:57:58.553Z - SOCKET_JOIN - Client RpsWYKmvkG6MGoxWAAAL -> vendors_pool
2026-04-27T10:57:58.562Z - SOCKET_JOIN - Client RpsWYKmvkG6MGoxWAAAL -> user_69ec93ce2c76f5ab4ec7cf65
2026-04-27T10:57:58.655Z - 📡 [TRAFFIC] 4:27:58 pm | GET /api/notifications?userId=69ec93ce2c76f5ab4ec7cf65&role=vendor
2026-04-27T10:57:58.772Z - 📡 [TRAFFIC] 4:27:58 pm | GET /api/orders/vendor?vendorId=69ec93ce2c76f5ab4ec7cf65
2026-04-27T10:57:58.834Z - 📡 [TRAFFIC] 4:27:58 pm | GET /api/orders/pool?vendorId=69ec93ce2c76f5ab4ec7cf65
2026-04-27T10:58:00.096Z - 📡 [TRAFFIC] 4:28:00 pm | POST /api/orders/vendor-accept/69ef412fd6217e4ff2857b9d
2026-04-27T10:58:00.991Z - --- Matching for 22.798059, 75.9232677 (Found 0 active riders) ---
2026-04-27T10:58:01.870Z - 📡 [TRAFFIC] 4:28:01 pm | GET /api/orders/vendor?vendorId=69ec93ce2c76f5ab4ec7cf65
2026-04-27T10:58:01.874Z - 📡 [TRAFFIC] 4:28:01 pm | GET /api/orders/pool?vendorId=69ec93ce2c76f5ab4ec7cf65
2026-04-27T10:58:01.877Z - 📡 [TRAFFIC] 4:28:01 pm | GET /api/notifications?userId=69ec93ce2c76f5ab4ec7cf65&role=vendor
2026-04-27T10:58:07.004Z - SOCKET_JOIN - Client XeyH2wSm-tc4jCE0AAAJ -> order_69ef412fd6217e4ff2857b9d
2026-04-27T10:58:07.006Z - 📡 [TRAFFIC] 4:28:07 pm | GET /api/orders/69ef412fd6217e4ff2857b9d
2026-04-27T10:58:07.012Z - SOCKET_JOIN - Client XeyH2wSm-tc4jCE0AAAJ -> order_69ef412fd6217e4ff2857b9d
2026-04-27T10:58:07.364Z - 📡 [TRAFFIC] 4:28:07 pm | GET /api/orders/69ef412fd6217e4ff2857b9d
2026-04-27T11:02:05.667Z - 📡 [TRAFFIC] 4:32:05 pm | POST /api/logistics/request
2026-04-27T11:02:26.394Z - 📡 [TRAFFIC] 4:32:26 pm | POST /api/logistics/verify
2026-04-27T11:02:26.704Z - 📡 [TRAFFIC] 4:32:26 pm | GET /api/orders/69ef412fd6217e4ff2857b9d
2026-04-27T11:02:33.375Z - 📡 [TRAFFIC] 4:32:33 pm | GET /api/orders/vendor?vendorId=69ec93ce2c76f5ab4ec7cf65
2026-04-27T11:02:33.377Z - 📡 [TRAFFIC] 4:32:33 pm | GET /api/orders/pool?vendorId=69ec93ce2c76f5ab4ec7cf65
2026-04-27T11:02:33.379Z - 📡 [TRAFFIC] 4:32:33 pm | GET /api/notifications?userId=69ec93ce2c76f5ab4ec7cf65&role=vendor
2026-04-27T11:02:33.383Z - SOCKET_JOIN - Client AjnZZY9SYfDte-afAAAN -> vendors_pool
2026-04-27T11:02:33.433Z - SOCKET_JOIN - Client AjnZZY9SYfDte-afAAAN -> user_69ec93ce2c76f5ab4ec7cf65
2026-04-27T11:02:33.478Z - SOCKET_JOIN - Client AjnZZY9SYfDte-afAAAN -> vendors_pool
2026-04-27T11:02:33.481Z - SOCKET_JOIN - Client AjnZZY9SYfDte-afAAAN -> user_69ec93ce2c76f5ab4ec7cf65
2026-04-27T11:02:33.513Z - 📡 [TRAFFIC] 4:32:33 pm | GET /api/notifications?userId=69ec93ce2c76f5ab4ec7cf65&role=vendor
2026-04-27T11:02:33.575Z - 📡 [TRAFFIC] 4:32:33 pm | GET /api/orders/pool?vendorId=69ec93ce2c76f5ab4ec7cf65
2026-04-27T11:02:33.598Z - 📡 [TRAFFIC] 4:32:33 pm | GET /api/orders/vendor?vendorId=69ec93ce2c76f5ab4ec7cf65
2026-04-27T11:02:36.416Z - 📡 [TRAFFIC] 4:32:36 pm | GET /api/orders/69ef412fd6217e4ff2857b9d
2026-04-27T11:02:37.918Z - 📡 [TRAFFIC] 4:32:37 pm | GET /api/orders/69ef412fd6217e4ff2857b9d
2026-04-27T11:02:39.841Z - 📡 [TRAFFIC] 4:32:39 pm | PATCH /api/orders/status/69ef412fd6217e4ff2857b9d
2026-04-27T11:02:40.910Z - 📡 [TRAFFIC] 4:32:40 pm | GET /api/orders/69ef412fd6217e4ff2857b9d
2026-04-27T11:02:40.914Z - SOCKET_JOIN - Client ugw-RRFP0CbOUNL5AAAP -> vendors_pool
2026-04-27T11:02:40.925Z - SOCKET_JOIN - Client ugw-RRFP0CbOUNL5AAAP -> user_69ec93ce2c76f5ab4ec7cf65
2026-04-27T11:02:40.926Z - SOCKET_JOIN - Client ugw-RRFP0CbOUNL5AAAP -> vendors_pool
2026-04-27T11:02:40.926Z - SOCKET_JOIN - Client ugw-RRFP0CbOUNL5AAAP -> user_69ec93ce2c76f5ab4ec7cf65
2026-04-27T11:02:41.152Z - 📡 [TRAFFIC] 4:32:41 pm | GET /api/orders/69ef412fd6217e4ff2857b9d
2026-04-27T11:02:42.930Z - 📡 [TRAFFIC] 4:32:42 pm | POST /api/orders/mark-ready/69ef412fd6217e4ff2857b9d
2026-04-27T11:02:44.020Z - 📡 [TRAFFIC] 4:32:44 pm | GET /api/orders/69ef412fd6217e4ff2857b9d
2026-04-27T11:02:44.026Z - SOCKET_JOIN - Client Kcq7V3hG2B9-UsnEAAAR -> vendors_pool
2026-04-27T11:02:44.033Z - SOCKET_JOIN - Client Kcq7V3hG2B9-UsnEAAAR -> user_69ec93ce2c76f5ab4ec7cf65
2026-04-27T11:02:44.034Z - SOCKET_JOIN - Client Kcq7V3hG2B9-UsnEAAAR -> vendors_pool
2026-04-27T11:02:44.035Z - SOCKET_JOIN - Client Kcq7V3hG2B9-UsnEAAAR -> user_69ec93ce2c76f5ab4ec7cf65
2026-04-27T11:02:44.255Z - 📡 [TRAFFIC] 4:32:44 pm | GET /api/orders/69ef412fd6217e4ff2857b9d
2026-04-27T11:02:56.703Z - 📡 [TRAFFIC] 4:32:56 pm | POST /api/orders/verify-handshake/69ef412fd6217e4ff2857b9d
2026-04-27T11:02:59.395Z - 📡 [TRAFFIC] 4:32:59 pm | GET /api/orders/69ef412fd6217e4ff2857b9d
2026-04-27T11:02:59.399Z - SOCKET_JOIN - Client gwOQbJqVTiJLJl1wAAAT -> vendors_pool
2026-04-27T11:02:59.406Z - SOCKET_JOIN - Client gwOQbJqVTiJLJl1wAAAT -> user_69ec93ce2c76f5ab4ec7cf65
2026-04-27T11:02:59.409Z - SOCKET_JOIN - Client gwOQbJqVTiJLJl1wAAAT -> vendors_pool
2026-04-27T11:02:59.411Z - SOCKET_JOIN - Client gwOQbJqVTiJLJl1wAAAT -> user_69ec93ce2c76f5ab4ec7cf65
2026-04-27T11:02:59.710Z - 📡 [TRAFFIC] 4:32:59 pm | GET /api/orders/69ef412fd6217e4ff2857b9d
2026-04-27T11:03:08.203Z - 📡 [TRAFFIC] 4:33:08 pm | POST /api/logistics/request
2026-04-27T11:03:20.337Z - 📡 [TRAFFIC] 4:33:20 pm | POST /api/logistics/verify
2026-04-27T11:03:21.415Z - 📡 [TRAFFIC] 4:33:21 pm | GET /api/orders/69ef412fd6217e4ff2857b9d
2026-04-27T11:03:25.896Z - 📡 [TRAFFIC] 4:33:25 pm | GET /api/admin/config
2026-04-27T11:03:25.899Z - 📡 [TRAFFIC] 4:33:25 pm | GET /api/master-services
2026-04-27T11:03:25.902Z - 📡 [TRAFFIC] 4:33:25 pm | GET /api/services?approvedOnly=true
2026-04-27T11:03:26.548Z - 📡 [TRAFFIC] 4:33:26 pm | GET /api/admin/config
2026-04-27T11:03:26.552Z - 📡 [TRAFFIC] 4:33:26 pm | GET /api/auth/profile/69ec93ce2c76f5ab4ec7cf64
2026-04-27T11:03:26.934Z - 📡 [TRAFFIC] 4:33:26 pm | GET /api/master-services
2026-04-27T11:03:26.939Z - 📡 [TRAFFIC] 4:33:26 pm | GET /api/services?approvedOnly=true
2026-04-27T11:03:26.948Z - 📡 [TRAFFIC] 4:33:26 pm | GET /api/auth/profile/69ec93ce2c76f5ab4ec7cf64
2026-04-27T11:03:28.367Z - 📡 [TRAFFIC] 4:33:28 pm | GET /api/orders/my?customerId=69ec93ce2c76f5ab4ec7cf64
2026-04-27T11:03:28.368Z - [DEBUG] Fetching orders for CustomerID: 69ec93ce2c76f5ab4ec7cf64. Detecting phone...
2026-04-27T11:03:28.952Z - [DEBUG] Found phone: 9999999991 for account 69ec93ce2c76f5ab4ec7cf64
2026-04-27T11:03:29.301Z - [DEBUG] Cross-account search for 9999999991. Found 1 linked IDs.
2026-04-27T11:03:29.557Z - [DEBUG] Orders found for 9999999991: 7
2026-04-27T11:03:29.564Z - 📡 [TRAFFIC] 4:33:29 pm | GET /api/orders/my?customerId=69ec93ce2c76f5ab4ec7cf64
2026-04-27T11:03:29.565Z - [DEBUG] Fetching orders for CustomerID: 69ec93ce2c76f5ab4ec7cf64. Detecting phone...
2026-04-27T11:03:29.681Z - [DEBUG] Found phone: 9999999991 for account 69ec93ce2c76f5ab4ec7cf64
2026-04-27T11:03:29.790Z - [DEBUG] Cross-account search for 9999999991. Found 1 linked IDs.
2026-04-27T11:03:30.079Z - [DEBUG] Orders found for 9999999991: 7
2026-04-27T11:05:10.332Z - 📡 [TRAFFIC] 4:35:10 pm | GET /api/admin/config
2026-04-27T11:05:10.335Z - 📡 [TRAFFIC] 4:35:10 pm | GET /api/master-services
2026-04-27T11:05:10.338Z - 📡 [TRAFFIC] 4:35:10 pm | GET /api/services?approvedOnly=true
2026-04-27T11:05:10.711Z - 📡 [TRAFFIC] 4:35:10 pm | GET /api/admin/config
2026-04-27T11:05:10.716Z - 📡 [TRAFFIC] 4:35:10 pm | GET /api/auth/profile/69ec93ce2c76f5ab4ec7cf64
2026-04-27T11:05:11.035Z - 📡 [TRAFFIC] 4:35:11 pm | GET /api/services?approvedOnly=true
2026-04-27T11:05:11.038Z - 📡 [TRAFFIC] 4:35:11 pm | GET /api/master-services
2026-04-27T11:05:11.052Z - 📡 [TRAFFIC] 4:35:11 pm | GET /api/auth/profile/69ec93ce2c76f5ab4ec7cf64
2026-04-27T11:05:12.641Z - 📡 [TRAFFIC] 4:35:12 pm | GET /api/orders/my?customerId=69ec93ce2c76f5ab4ec7cf64
2026-04-27T11:05:12.642Z - [DEBUG] Fetching orders for CustomerID: 69ec93ce2c76f5ab4ec7cf64. Detecting phone...
2026-04-27T11:05:12.762Z - [DEBUG] Found phone: 9999999991 for account 69ec93ce2c76f5ab4ec7cf64
2026-04-27T11:05:12.891Z - [DEBUG] Cross-account search for 9999999991. Found 1 linked IDs.
2026-04-27T11:05:13.268Z - [DEBUG] Orders found for 9999999991: 7
2026-04-27T11:05:13.274Z - 📡 [TRAFFIC] 4:35:13 pm | GET /api/orders/my?customerId=69ec93ce2c76f5ab4ec7cf64
2026-04-27T11:05:13.276Z - [DEBUG] Fetching orders for CustomerID: 69ec93ce2c76f5ab4ec7cf64. Detecting phone...
2026-04-27T11:05:13.612Z - [DEBUG] Found phone: 9999999991 for account 69ec93ce2c76f5ab4ec7cf64
2026-04-27T11:05:13.727Z - [DEBUG] Cross-account search for 9999999991. Found 1 linked IDs.
2026-04-27T11:05:14.334Z - [DEBUG] Orders found for 9999999991: 7
2026-04-27T11:11:05.398Z - 📡 [TRAFFIC] 4:41:05 pm | GET /api/orders/vendor?vendorId=69ec93ce2c76f5ab4ec7cf65
2026-04-27T11:11:05.401Z - 📡 [TRAFFIC] 4:41:05 pm | GET /api/orders/pool?vendorId=69ec93ce2c76f5ab4ec7cf65
2026-04-27T11:11:05.404Z - 📡 [TRAFFIC] 4:41:05 pm | GET /api/notifications?userId=69ec93ce2c76f5ab4ec7cf65&role=vendor
2026-04-27T11:11:05.513Z - 📡 [TRAFFIC] 4:41:05 pm | GET /api/notifications?userId=69ec93ce2c76f5ab4ec7cf65&role=vendor
2026-04-27T11:11:05.645Z - 📡 [TRAFFIC] 4:41:05 pm | GET /api/orders/pool?vendorId=69ec93ce2c76f5ab4ec7cf65
2026-04-27T11:11:05.652Z - 📡 [TRAFFIC] 4:41:05 pm | GET /api/orders/vendor?vendorId=69ec93ce2c76f5ab4ec7cf65
2026-04-27T11:11:17.154Z - 📡 [TRAFFIC] 4:41:17 pm | GET /api/admin/config
2026-04-27T11:11:17.157Z - 📡 [TRAFFIC] 4:41:17 pm | GET /api/master-services
2026-04-27T11:11:17.160Z - 📡 [TRAFFIC] 4:41:17 pm | GET /api/services?approvedOnly=true
2026-04-27T11:11:17.272Z - 📡 [TRAFFIC] 4:41:17 pm | GET /api/admin/config
2026-04-27T11:11:17.276Z - 📡 [TRAFFIC] 4:41:17 pm | GET /api/auth/profile/69ec93ce2c76f5ab4ec7cf64
2026-04-27T11:11:17.374Z - 📡 [TRAFFIC] 4:41:17 pm | GET /api/services?approvedOnly=true
2026-04-27T11:11:17.436Z - 📡 [TRAFFIC] 4:41:17 pm | GET /api/master-services
2026-04-27T11:11:17.439Z - 📡 [TRAFFIC] 4:41:17 pm | GET /api/auth/profile/69ec93ce2c76f5ab4ec7cf64
2026-04-27T11:11:19.088Z - 📡 [TRAFFIC] 4:41:19 pm | GET /api/master-services
2026-04-27T11:11:19.092Z - 📡 [TRAFFIC] 4:41:19 pm | GET /api/services?approvedOnly=true
2026-04-27T11:11:19.096Z - 📡 [TRAFFIC] 4:41:19 pm | GET /api/admin/config
2026-04-27T11:11:19.100Z - 📡 [TRAFFIC] 4:41:19 pm | GET /api/auth/profile/69ec93ce2c76f5ab4ec7cf64
2026-04-27T11:11:19.254Z - 📡 [TRAFFIC] 4:41:19 pm | GET /api/auth/profile/69ec93ce2c76f5ab4ec7cf64
2026-04-27T11:11:19.257Z - 📡 [TRAFFIC] 4:41:19 pm | GET /api/admin/config
2026-04-27T11:11:19.366Z - 📡 [TRAFFIC] 4:41:19 pm | GET /api/services?approvedOnly=true
2026-04-27T11:11:19.370Z - 📡 [TRAFFIC] 4:41:19 pm | GET /api/master-services
2026-04-27T11:11:22.550Z - 📡 [TRAFFIC] 4:41:22 pm | POST /api/orders
2026-04-27T11:11:22.831Z - Global broadcast sent for Order #EZ-3152
2026-04-27T11:11:22.839Z - 📡 [TRAFFIC] 4:41:22 pm | GET /api/orders/69ef445ad6217e4ff2857d4d
2026-04-27T11:11:22.844Z - 📡 [TRAFFIC] 4:41:22 pm | GET /api/orders/pool?vendorId=69ec93ce2c76f5ab4ec7cf65
2026-04-27T11:11:23.004Z - Broadcasting to vendor room: user_69ec93ce2c76f5ab4ec7cf65
2026-04-27T11:11:23.136Z - 📡 [TRAFFIC] 4:41:23 pm | GET /api/orders/69ef445ad6217e4ff2857d4d
2026-04-27T11:11:23.240Z - 📡 [TRAFFIC] 4:41:23 pm | GET /api/orders/pool?vendorId=69ec93ce2c76f5ab4ec7cf65
2026-04-27T11:11:23.601Z - 📡 [TRAFFIC] 4:41:23 pm | GET /api/orders/pool?vendorId=69ec93ce2c76f5ab4ec7cf65
2026-04-27T11:11:24.029Z - 📡 [TRAFFIC] 4:41:24 pm | GET /api/orders/pool?vendorId=69ec93ce2c76f5ab4ec7cf65
2026-04-27T11:11:33.197Z - 📡 [TRAFFIC] 4:41:33 pm | POST /api/orders/vendor-accept/69ef445ad6217e4ff2857d4d
2026-04-27T11:11:33.799Z - --- Matching for 22.798059, 75.9232677 (Found 0 active riders) ---
2026-04-27T11:11:34.696Z - 📡 [TRAFFIC] 4:41:34 pm | GET /api/orders/vendor?vendorId=69ec93ce2c76f5ab4ec7cf65
2026-04-27T11:11:34.699Z - 📡 [TRAFFIC] 4:41:34 pm | GET /api/orders/pool?vendorId=69ec93ce2c76f5ab4ec7cf65
2026-04-27T11:11:34.702Z - 📡 [TRAFFIC] 4:41:34 pm | GET /api/notifications?userId=69ec93ce2c76f5ab4ec7cf65&role=vendor
2026-04-27T11:11:40.511Z - 📡 [TRAFFIC] 4:41:40 pm | GET /api/orders/vendor?vendorId=69ec93ce2c76f5ab4ec7cf65
2026-04-27T11:11:40.514Z - 📡 [TRAFFIC] 4:41:40 pm | GET /api/orders/pool?vendorId=69ec93ce2c76f5ab4ec7cf65
2026-04-27T11:11:40.518Z - 📡 [TRAFFIC] 4:41:40 pm | GET /api/notifications?userId=69ec93ce2c76f5ab4ec7cf65&role=vendor
2026-04-27T11:11:40.523Z - SOCKET_JOIN - Client VuHHYYj48OKXAqaiAAAV -> vendors_pool
2026-04-27T11:11:40.546Z - SOCKET_JOIN - Client VuHHYYj48OKXAqaiAAAV -> user_69ec93ce2c76f5ab4ec7cf65
2026-04-27T11:11:40.547Z - SOCKET_JOIN - Client VuHHYYj48OKXAqaiAAAV -> vendors_pool
2026-04-27T11:11:40.548Z - SOCKET_JOIN - Client VuHHYYj48OKXAqaiAAAV -> user_69ec93ce2c76f5ab4ec7cf65
2026-04-27T11:11:40.677Z - 📡 [TRAFFIC] 4:41:40 pm | GET /api/notifications?userId=69ec93ce2c76f5ab4ec7cf65&role=vendor
2026-04-27T11:11:40.786Z - 📡 [TRAFFIC] 4:41:40 pm | GET /api/orders/pool?vendorId=69ec93ce2c76f5ab4ec7cf65
2026-04-27T11:11:40.855Z - 📡 [TRAFFIC] 4:41:40 pm | GET /api/orders/vendor?vendorId=69ec93ce2c76f5ab4ec7cf65
2026-04-27T11:11:47.118Z - SOCKET_JOIN - Client XeyH2wSm-tc4jCE0AAAJ -> order_69ef445ad6217e4ff2857d4d
2026-04-27T11:11:47.121Z - 📡 [TRAFFIC] 4:41:47 pm | GET /api/orders/69ef445ad6217e4ff2857d4d
2026-04-27T11:11:47.128Z - SOCKET_JOIN - Client XeyH2wSm-tc4jCE0AAAJ -> order_69ef445ad6217e4ff2857d4d
2026-04-27T11:11:47.340Z - 📡 [TRAFFIC] 4:41:47 pm | GET /api/orders/69ef445ad6217e4ff2857d4d
2026-04-27T11:11:50.061Z - 📡 [TRAFFIC] 4:41:50 pm | POST /api/logistics/request
2026-04-27T11:11:59.043Z - 📡 [TRAFFIC] 4:41:59 pm | POST /api/logistics/verify
2026-04-27T11:11:59.285Z - 📡 [TRAFFIC] 4:41:59 pm | GET /api/orders/69ef445ad6217e4ff2857d4d
2026-04-27T11:12:05.071Z - SOCKET_JOIN - Client koyGhPMqQU8QO3REAAAX -> vendors_pool
2026-04-27T11:12:05.084Z - 📡 [TRAFFIC] 4:42:05 pm | GET /api/orders/vendor?vendorId=69ec93ce2c76f5ab4ec7cf65
2026-04-27T11:12:05.118Z - 📡 [TRAFFIC] 4:42:05 pm | GET /api/orders/pool?vendorId=69ec93ce2c76f5ab4ec7cf65
2026-04-27T11:12:05.136Z - 📡 [TRAFFIC] 4:42:05 pm | GET /api/notifications?userId=69ec93ce2c76f5ab4ec7cf65&role=vendor
2026-04-27T11:12:05.154Z - SOCKET_JOIN - Client koyGhPMqQU8QO3REAAAX -> user_69ec93ce2c76f5ab4ec7cf65
2026-04-27T11:12:05.173Z - SOCKET_JOIN - Client koyGhPMqQU8QO3REAAAX -> vendors_pool
2026-04-27T11:12:05.177Z - SOCKET_JOIN - Client koyGhPMqQU8QO3REAAAX -> user_69ec93ce2c76f5ab4ec7cf65
2026-04-27T11:12:05.251Z - 📡 [TRAFFIC] 4:42:05 pm | GET /api/notifications?userId=69ec93ce2c76f5ab4ec7cf65&role=vendor
2026-04-27T11:12:05.401Z - 📡 [TRAFFIC] 4:42:05 pm | GET /api/orders/pool?vendorId=69ec93ce2c76f5ab4ec7cf65
2026-04-27T11:12:05.472Z - 📡 [TRAFFIC] 4:42:05 pm | GET /api/orders/vendor?vendorId=69ec93ce2c76f5ab4ec7cf65
2026-04-27T11:12:07.930Z - 📡 [TRAFFIC] 4:42:07 pm | GET /api/orders/69ef445ad6217e4ff2857d4d
2026-04-27T11:12:08.110Z - 📡 [TRAFFIC] 4:42:08 pm | GET /api/orders/69ef445ad6217e4ff2857d4d
2026-04-27T11:12:09.731Z - 📡 [TRAFFIC] 4:42:09 pm | PATCH /api/orders/status/69ef445ad6217e4ff2857d4d
2026-04-27T11:12:10.734Z - 📡 [TRAFFIC] 4:42:10 pm | GET /api/orders/69ef445ad6217e4ff2857d4d
2026-04-27T11:12:10.738Z - SOCKET_JOIN - Client rW4nuksWOJNB1Ob4AAAZ -> vendors_pool
2026-04-27T11:12:10.751Z - SOCKET_JOIN - Client rW4nuksWOJNB1Ob4AAAZ -> user_69ec93ce2c76f5ab4ec7cf65
2026-04-27T11:12:10.752Z - SOCKET_JOIN - Client rW4nuksWOJNB1Ob4AAAZ -> vendors_pool
2026-04-27T11:12:10.752Z - SOCKET_JOIN - Client rW4nuksWOJNB1Ob4AAAZ -> user_69ec93ce2c76f5ab4ec7cf65
2026-04-27T11:12:11.010Z - 📡 [TRAFFIC] 4:42:11 pm | GET /api/orders/69ef445ad6217e4ff2857d4d
2026-04-27T11:12:13.168Z - 📡 [TRAFFIC] 4:42:13 pm | POST /api/orders/mark-ready/69ef445ad6217e4ff2857d4d
2026-04-27T11:12:14.291Z - 📡 [TRAFFIC] 4:42:14 pm | GET /api/orders/69ef445ad6217e4ff2857d4d
2026-04-27T11:12:14.296Z - SOCKET_JOIN - Client fszgFVdS7g7hLhGbAAAb -> vendors_pool
2026-04-27T11:12:14.305Z - SOCKET_JOIN - Client fszgFVdS7g7hLhGbAAAb -> user_69ec93ce2c76f5ab4ec7cf65
2026-04-27T11:12:14.307Z - SOCKET_JOIN - Client fszgFVdS7g7hLhGbAAAb -> vendors_pool
2026-04-27T11:12:14.308Z - SOCKET_JOIN - Client fszgFVdS7g7hLhGbAAAb -> user_69ec93ce2c76f5ab4ec7cf65
2026-04-27T11:12:14.531Z - 📡 [TRAFFIC] 4:42:14 pm | GET /api/orders/69ef445ad6217e4ff2857d4d
2026-04-27T11:12:31.359Z - 📡 [TRAFFIC] 4:42:31 pm | POST /api/orders/verify-handshake/69ef445ad6217e4ff2857d4d
2026-04-27T11:12:45.794Z - 📡 [TRAFFIC] 4:42:45 pm | POST /api/orders/verify-handshake/69ef445ad6217e4ff2857d4d
2026-04-27T11:12:46.834Z - 📡 [TRAFFIC] 4:42:46 pm | GET /api/orders/69ef445ad6217e4ff2857d4d
2026-04-27T11:12:46.837Z - SOCKET_JOIN - Client mDTvZTOOpT8wV8nnAAAd -> vendors_pool
2026-04-27T11:12:46.847Z - SOCKET_JOIN - Client mDTvZTOOpT8wV8nnAAAd -> user_69ec93ce2c76f5ab4ec7cf65
2026-04-27T11:12:46.848Z - SOCKET_JOIN - Client mDTvZTOOpT8wV8nnAAAd -> vendors_pool
2026-04-27T11:12:46.849Z - SOCKET_JOIN - Client mDTvZTOOpT8wV8nnAAAd -> user_69ec93ce2c76f5ab4ec7cf65
2026-04-27T11:12:47.072Z - 📡 [TRAFFIC] 4:42:47 pm | GET /api/orders/69ef445ad6217e4ff2857d4d
2026-04-27T11:12:51.816Z - 📡 [TRAFFIC] 4:42:51 pm | POST /api/logistics/request
2026-04-27T11:13:03.830Z - 📡 [TRAFFIC] 4:43:03 pm | POST /api/logistics/verify
2026-04-27T11:13:04.105Z - 📡 [TRAFFIC] 4:43:04 pm | GET /api/orders/69ef445ad6217e4ff2857d4d
2026-04-27T11:17:26.260Z - 🚀 SERVER RESTARTED AT 2026-04-27T11:17:26.259Z ON PORT 5001
2026-04-27T11:17:26.436Z - SOCKET_JOIN - Client NE6bzz9UztRFrEvpAAAH -> user_69ec93ce2c76f5ab4ec7cf64
2026-04-27T11:17:31.300Z - 📡 [TRAFFIC] 4:47:31 pm | GET /api/admin/config
2026-04-27T11:17:31.305Z - 📡 [TRAFFIC] 4:47:31 pm | GET /api/master-services
2026-04-27T11:17:31.311Z - 📡 [TRAFFIC] 4:47:31 pm | GET /api/services?approvedOnly=true
2026-04-27T11:17:31.420Z - 📡 [TRAFFIC] 4:47:31 pm | GET /api/admin/config
2026-04-27T11:17:31.424Z - 📡 [TRAFFIC] 4:47:31 pm | GET /api/auth/profile/69ec93ce2c76f5ab4ec7cf64
2026-04-27T11:17:31.606Z - 📡 [TRAFFIC] 4:47:31 pm | GET /api/master-services
2026-04-27T11:17:31.611Z - 📡 [TRAFFIC] 4:47:31 pm | GET /api/services?approvedOnly=true
2026-04-27T11:17:31.616Z - 📡 [TRAFFIC] 4:47:31 pm | GET /api/auth/profile/69ec93ce2c76f5ab4ec7cf64
2026-04-27T11:17:34.547Z - 📡 [TRAFFIC] 4:47:34 pm | GET /api/master-services
2026-04-27T11:17:34.551Z - 📡 [TRAFFIC] 4:47:34 pm | GET /api/services?approvedOnly=true
2026-04-27T11:17:34.556Z - 📡 [TRAFFIC] 4:47:34 pm | GET /api/admin/config
2026-04-27T11:17:34.559Z - 📡 [TRAFFIC] 4:47:34 pm | GET /api/auth/profile/69ec93ce2c76f5ab4ec7cf64
2026-04-27T11:17:34.669Z - 📡 [TRAFFIC] 4:47:34 pm | GET /api/auth/profile/69ec93ce2c76f5ab4ec7cf64
2026-04-27T11:17:34.676Z - 📡 [TRAFFIC] 4:47:34 pm | GET /api/admin/config
2026-04-27T11:17:34.776Z - 📡 [TRAFFIC] 4:47:34 pm | GET /api/services?approvedOnly=true
2026-04-27T11:17:34.779Z - 📡 [TRAFFIC] 4:47:34 pm | GET /api/master-services
2026-04-27T11:17:35.981Z - 📡 [TRAFFIC] 4:47:35 pm | POST /api/orders
2026-04-27T11:17:36.296Z - Global broadcast sent for Order #EZ-8155
2026-04-27T11:17:36.432Z - Broadcasting to vendor room: user_69ec93ce2c76f5ab4ec7cf65
2026-04-27T11:17:44.180Z - 📡 [TRAFFIC] 4:47:44 pm | GET /api/orders/vendor?vendorId=69ec93ce2c76f5ab4ec7cf65
2026-04-27T11:17:44.184Z - 📡 [TRAFFIC] 4:47:44 pm | GET /api/orders/pool?vendorId=69ec93ce2c76f5ab4ec7cf65
2026-04-27T11:17:44.189Z - 📡 [TRAFFIC] 4:47:44 pm | GET /api/notifications?userId=69ec93ce2c76f5ab4ec7cf65&role=vendor
2026-04-27T11:17:44.295Z - 📡 [TRAFFIC] 4:47:44 pm | GET /api/notifications?userId=69ec93ce2c76f5ab4ec7cf65&role=vendor
2026-04-27T11:17:44.519Z - 📡 [TRAFFIC] 4:47:44 pm | GET /api/orders/vendor?vendorId=69ec93ce2c76f5ab4ec7cf65
2026-04-27T11:17:44.569Z - 📡 [TRAFFIC] 4:47:44 pm | GET /api/orders/pool?vendorId=69ec93ce2c76f5ab4ec7cf65
2026-04-27T11:17:46.299Z - 📡 [TRAFFIC] 4:47:46 pm | POST /api/orders/vendor-accept/69ef45d01134cf2f3a798c59
2026-04-27T11:17:46.946Z - --- Matching for 22.798059, 75.9232677 (Found 0 active riders) ---
2026-04-27T11:17:47.889Z - 📡 [TRAFFIC] 4:47:47 pm | GET /api/orders/vendor?vendorId=69ec93ce2c76f5ab4ec7cf65
2026-04-27T11:17:47.892Z - 📡 [TRAFFIC] 4:47:47 pm | GET /api/orders/pool?vendorId=69ec93ce2c76f5ab4ec7cf65
2026-04-27T11:17:47.896Z - 📡 [TRAFFIC] 4:47:47 pm | GET /api/notifications?userId=69ec93ce2c76f5ab4ec7cf65&role=vendor
2026-04-27T11:17:52.582Z - SOCKET_JOIN - Client NE6bzz9UztRFrEvpAAAH -> order_69ef45d01134cf2f3a798c59
2026-04-27T11:17:52.584Z - 📡 [TRAFFIC] 4:47:52 pm | GET /api/orders/69ef45d01134cf2f3a798c59
2026-04-27T11:17:52.593Z - SOCKET_JOIN - Client NE6bzz9UztRFrEvpAAAH -> order_69ef45d01134cf2f3a798c59
2026-04-27T11:17:52.885Z - 📡 [TRAFFIC] 4:47:52 pm | GET /api/orders/69ef45d01134cf2f3a798c59
2026-04-27T11:17:54.785Z - 📡 [TRAFFIC] 4:47:54 pm | POST /api/logistics/request
2026-04-27T11:18:01.665Z - 📡 [TRAFFIC] 4:48:01 pm | POST /api/logistics/verify
2026-04-27T11:18:02.040Z - 📡 [TRAFFIC] 4:48:02 pm | GET /api/orders/69ef45d01134cf2f3a798c59
2026-04-27T11:18:08.627Z - 📡 [TRAFFIC] 4:48:08 pm | GET /api/orders/vendor?vendorId=69ec93ce2c76f5ab4ec7cf65
2026-04-27T11:18:08.630Z - 📡 [TRAFFIC] 4:48:08 pm | GET /api/orders/pool?vendorId=69ec93ce2c76f5ab4ec7cf65
2026-04-27T11:18:08.637Z - 📡 [TRAFFIC] 4:48:08 pm | GET /api/notifications?userId=69ec93ce2c76f5ab4ec7cf65&role=vendor
2026-04-27T11:18:08.650Z - SOCKET_JOIN - Client tTZYrSyDlyyPiEhMAAAJ -> vendors_pool
2026-04-27T11:18:08.698Z - SOCKET_JOIN - Client tTZYrSyDlyyPiEhMAAAJ -> user_69ec93ce2c76f5ab4ec7cf65
2026-04-27T11:18:08.717Z - SOCKET_JOIN - Client tTZYrSyDlyyPiEhMAAAJ -> vendors_pool
2026-04-27T11:18:08.718Z - SOCKET_JOIN - Client tTZYrSyDlyyPiEhMAAAJ -> user_69ec93ce2c76f5ab4ec7cf65
2026-04-27T11:18:08.803Z - 📡 [TRAFFIC] 4:48:08 pm | GET /api/notifications?userId=69ec93ce2c76f5ab4ec7cf65&role=vendor
2026-04-27T11:18:08.870Z - 📡 [TRAFFIC] 4:48:08 pm | GET /api/orders/pool?vendorId=69ec93ce2c76f5ab4ec7cf65
2026-04-27T11:18:09.017Z - 📡 [TRAFFIC] 4:48:09 pm | GET /api/orders/vendor?vendorId=69ec93ce2c76f5ab4ec7cf65
2026-04-27T11:18:11.257Z - 📡 [TRAFFIC] 4:48:11 pm | GET /api/orders/69ef45d01134cf2f3a798c59
2026-04-27T11:18:11.518Z - 📡 [TRAFFIC] 4:48:11 pm | GET /api/orders/69ef45d01134cf2f3a798c59
2026-04-27T11:18:12.619Z - 📡 [TRAFFIC] 4:48:12 pm | GET /api/orders/vendor?vendorId=69ec93ce2c76f5ab4ec7cf65
2026-04-27T11:18:12.622Z - 📡 [TRAFFIC] 4:48:12 pm | GET /api/orders/pool?vendorId=69ec93ce2c76f5ab4ec7cf65
2026-04-27T11:18:12.625Z - 📡 [TRAFFIC] 4:48:12 pm | GET /api/notifications?userId=69ec93ce2c76f5ab4ec7cf65&role=vendor
2026-04-27T11:18:13.426Z - 📡 [TRAFFIC] 4:48:13 pm | PATCH /api/orders/status/69ef45d01134cf2f3a798c59
2026-04-27T11:18:14.494Z - 📡 [TRAFFIC] 4:48:14 pm | GET /api/orders/69ef45d01134cf2f3a798c59
2026-04-27T11:18:14.499Z - SOCKET_JOIN - Client kcUlGgYS4AvnfJ3EAAAL -> vendors_pool
2026-04-27T11:18:14.510Z - SOCKET_JOIN - Client kcUlGgYS4AvnfJ3EAAAL -> user_69ec93ce2c76f5ab4ec7cf65
2026-04-27T11:18:14.511Z - SOCKET_JOIN - Client kcUlGgYS4AvnfJ3EAAAL -> vendors_pool
2026-04-27T11:18:14.512Z - SOCKET_JOIN - Client kcUlGgYS4AvnfJ3EAAAL -> user_69ec93ce2c76f5ab4ec7cf65
2026-04-27T11:18:14.736Z - 📡 [TRAFFIC] 4:48:14 pm | GET /api/orders/69ef45d01134cf2f3a798c59
2026-04-27T11:18:18.444Z - 📡 [TRAFFIC] 4:48:18 pm | POST /api/orders/mark-ready/69ef45d01134cf2f3a798c59
2026-04-27T11:18:19.561Z - 📡 [TRAFFIC] 4:48:19 pm | GET /api/orders/69ef45d01134cf2f3a798c59
2026-04-27T11:18:19.566Z - SOCKET_JOIN - Client PzEExvIgHn_fdP8jAAAN -> vendors_pool
2026-04-27T11:18:19.577Z - SOCKET_JOIN - Client PzEExvIgHn_fdP8jAAAN -> user_69ec93ce2c76f5ab4ec7cf65
2026-04-27T11:18:19.578Z - SOCKET_JOIN - Client PzEExvIgHn_fdP8jAAAN -> vendors_pool
2026-04-27T11:18:19.579Z - SOCKET_JOIN - Client PzEExvIgHn_fdP8jAAAN -> user_69ec93ce2c76f5ab4ec7cf65
2026-04-27T11:18:19.817Z - 📡 [TRAFFIC] 4:48:19 pm | GET /api/orders/69ef45d01134cf2f3a798c59
2026-04-27T11:18:33.152Z - 📡 [TRAFFIC] 4:48:33 pm | POST /api/orders/verify-handshake/69ef45d01134cf2f3a798c59
2026-04-27T11:18:34.170Z - 📡 [TRAFFIC] 4:48:34 pm | GET /api/orders/69ef45d01134cf2f3a798c59
2026-04-27T11:18:34.175Z - SOCKET_JOIN - Client jZl8G3bdFeAQrrWSAAAP -> vendors_pool
2026-04-27T11:18:34.187Z - SOCKET_JOIN - Client jZl8G3bdFeAQrrWSAAAP -> user_69ec93ce2c76f5ab4ec7cf65
2026-04-27T11:18:34.188Z - SOCKET_JOIN - Client jZl8G3bdFeAQrrWSAAAP -> vendors_pool
2026-04-27T11:18:34.189Z - SOCKET_JOIN - Client jZl8G3bdFeAQrrWSAAAP -> user_69ec93ce2c76f5ab4ec7cf65
2026-04-27T11:18:34.392Z - 📡 [TRAFFIC] 4:48:34 pm | GET /api/orders/69ef45d01134cf2f3a798c59
2026-04-27T11:18:39.613Z - 📡 [TRAFFIC] 4:48:39 pm | POST /api/logistics/request
2026-04-27T11:18:50.744Z - 📡 [TRAFFIC] 4:48:50 pm | POST /api/logistics/verify
2026-04-27T11:18:51.011Z - 📡 [TRAFFIC] 4:48:51 pm | GET /api/orders/69ef45d01134cf2f3a798c59
2026-04-27T11:19:01.513Z - 📡 [TRAFFIC] 4:49:01 pm | GET /api/orders/69ef45d01134cf2f3a798c59
2026-04-27T11:19:01.516Z - SOCKET_JOIN - Client t_XuchJLriiGE9nFAAAR -> order_69ef45d01134cf2f3a798c59
2026-04-27T11:19:01.570Z - SOCKET_JOIN - Client t_XuchJLriiGE9nFAAAR -> user_69ec93ce2c76f5ab4ec7cf64
2026-04-27T11:19:01.571Z - SOCKET_JOIN - Client t_XuchJLriiGE9nFAAAR -> order_69ef45d01134cf2f3a798c59
2026-04-27T11:19:01.574Z - SOCKET_JOIN - Client t_XuchJLriiGE9nFAAAR -> user_69ec93ce2c76f5ab4ec7cf64
2026-04-27T11:19:01.770Z - 📡 [TRAFFIC] 4:49:01 pm | GET /api/orders/69ef45d01134cf2f3a798c59
2026-04-27T11:27:37.893Z - 📡 [TRAFFIC] 4:57:37 pm | GET /api/admin/config
2026-04-27T11:27:37.897Z - 📡 [TRAFFIC] 4:57:37 pm | GET /api/master-services
2026-04-27T11:27:37.900Z - 📡 [TRAFFIC] 4:57:37 pm | GET /api/services?approvedOnly=true
2026-04-27T11:27:38.022Z - 📡 [TRAFFIC] 4:57:38 pm | GET /api/admin/config
2026-04-27T11:27:38.034Z - 📡 [TRAFFIC] 4:57:38 pm | GET /api/auth/profile/69ec93ce2c76f5ab4ec7cf64
2026-04-27T11:27:38.164Z - 📡 [TRAFFIC] 4:57:38 pm | GET /api/services?approvedOnly=true
2026-04-27T11:27:38.169Z - 📡 [TRAFFIC] 4:57:38 pm | GET /api/master-services
2026-04-27T11:27:38.194Z - 📡 [TRAFFIC] 4:57:38 pm | GET /api/auth/profile/69ec93ce2c76f5ab4ec7cf64
2026-04-27T11:27:39.851Z - 📡 [TRAFFIC] 4:57:39 pm | GET /api/master-services
2026-04-27T11:27:39.856Z - 📡 [TRAFFIC] 4:57:39 pm | GET /api/services?approvedOnly=true
2026-04-27T11:27:39.859Z - 📡 [TRAFFIC] 4:57:39 pm | GET /api/admin/config
2026-04-27T11:27:39.863Z - 📡 [TRAFFIC] 4:57:39 pm | GET /api/auth/profile/69ec93ce2c76f5ab4ec7cf64
2026-04-27T11:27:39.993Z - 📡 [TRAFFIC] 4:57:39 pm | GET /api/auth/profile/69ec93ce2c76f5ab4ec7cf64
2026-04-27T11:27:39.996Z - 📡 [TRAFFIC] 4:57:39 pm | GET /api/admin/config
2026-04-27T11:27:40.126Z - 📡 [TRAFFIC] 4:57:40 pm | GET /api/services?approvedOnly=true
2026-04-27T11:27:40.130Z - 📡 [TRAFFIC] 4:57:40 pm | GET /api/master-services
2026-04-27T11:27:43.788Z - 📡 [TRAFFIC] 4:57:43 pm | GET /api/admin/config
2026-04-27T11:27:43.792Z - 📡 [TRAFFIC] 4:57:43 pm | GET /api/master-services
2026-04-27T11:27:43.794Z - 📡 [TRAFFIC] 4:57:43 pm | GET /api/services?approvedOnly=true
2026-04-27T11:27:43.905Z - 📡 [TRAFFIC] 4:57:43 pm | GET /api/admin/config
2026-04-27T11:27:43.908Z - 📡 [TRAFFIC] 4:57:43 pm | GET /api/auth/profile/69ec93ce2c76f5ab4ec7cf64
2026-04-27T11:27:43.993Z - 📡 [TRAFFIC] 4:57:43 pm | GET /api/master-services
2026-04-27T11:27:44.045Z - 📡 [TRAFFIC] 4:57:44 pm | GET /api/services?approvedOnly=true
2026-04-27T11:27:44.081Z - 📡 [TRAFFIC] 4:57:44 pm | GET /api/auth/profile/69ec93ce2c76f5ab4ec7cf64
2026-04-27T11:27:45.934Z - 📡 [TRAFFIC] 4:57:45 pm | GET /api/master-services
2026-04-27T11:27:45.936Z - 📡 [TRAFFIC] 4:57:45 pm | GET /api/services?approvedOnly=true
2026-04-27T11:27:45.938Z - 📡 [TRAFFIC] 4:57:45 pm | GET /api/admin/config
2026-04-27T11:27:45.941Z - 📡 [TRAFFIC] 4:57:45 pm | GET /api/auth/profile/69ec93ce2c76f5ab4ec7cf64
2026-04-27T11:27:46.064Z - 📡 [TRAFFIC] 4:57:46 pm | GET /api/admin/config
2026-04-27T11:27:46.067Z - 📡 [TRAFFIC] 4:57:46 pm | GET /api/auth/profile/69ec93ce2c76f5ab4ec7cf64
2026-04-27T11:27:46.174Z - 📡 [TRAFFIC] 4:57:46 pm | GET /api/services?approvedOnly=true
2026-04-27T11:27:46.188Z - 📡 [TRAFFIC] 4:57:46 pm | GET /api/master-services
2026-04-27T11:27:48.501Z - 📡 [TRAFFIC] 4:57:48 pm | POST /api/orders
2026-04-27T11:27:48.751Z - Global broadcast sent for Order #EZ-3951
2026-04-27T11:27:48.759Z - 📡 [TRAFFIC] 4:57:48 pm | GET /api/orders/69ef48341134cf2f3a798dcb
2026-04-27T11:27:48.813Z - 📡 [TRAFFIC] 4:57:48 pm | POST /api/orders
2026-04-27T11:27:48.861Z - Broadcasting to vendor room: user_69ec93ce2c76f5ab4ec7cf65
2026-04-27T11:27:49.004Z - 📡 [TRAFFIC] 4:57:49 pm | GET /api/orders/69ef48341134cf2f3a798dcb
2026-04-27T11:27:49.017Z - Global broadcast sent for Order #EZ-2920
2026-04-27T11:27:49.026Z - 📡 [TRAFFIC] 4:57:49 pm | GET /api/orders/69ef48341134cf2f3a798dd7
2026-04-27T11:27:49.140Z - Broadcasting to vendor room: user_69ec93ce2c76f5ab4ec7cf65
2026-04-27T11:27:49.244Z - 📡 [TRAFFIC] 4:57:49 pm | GET /api/orders/69ef48341134cf2f3a798dd7
2026-04-27T11:27:55.377Z - 📡 [TRAFFIC] 4:57:55 pm | GET /api/orders/vendor?vendorId=69ec93ce2c76f5ab4ec7cf65
2026-04-27T11:27:55.381Z - 📡 [TRAFFIC] 4:57:55 pm | GET /api/orders/pool?vendorId=69ec93ce2c76f5ab4ec7cf65
2026-04-27T11:27:55.385Z - 📡 [TRAFFIC] 4:57:55 pm | GET /api/notifications?userId=69ec93ce2c76f5ab4ec7cf65&role=vendor
2026-04-27T11:27:55.518Z - 📡 [TRAFFIC] 4:57:55 pm | GET /api/notifications?userId=69ec93ce2c76f5ab4ec7cf65&role=vendor
2026-04-27T11:27:55.684Z - 📡 [TRAFFIC] 4:57:55 pm | GET /api/orders/vendor?vendorId=69ec93ce2c76f5ab4ec7cf65
2026-04-27T11:27:55.703Z - 📡 [TRAFFIC] 4:57:55 pm | GET /api/orders/pool?vendorId=69ec93ce2c76f5ab4ec7cf65
2026-04-27T11:27:58.767Z - 📡 [TRAFFIC] 4:57:58 pm | POST /api/orders/vendor-accept/69ef48341134cf2f3a798dcb
2026-04-27T11:27:59.275Z - --- Matching for 22.798059, 75.9232677 (Found 0 active riders) ---
2026-04-27T11:28:00.167Z - 📡 [TRAFFIC] 4:58:00 pm | GET /api/orders/vendor?vendorId=69ec93ce2c76f5ab4ec7cf65
2026-04-27T11:28:00.170Z - 📡 [TRAFFIC] 4:58:00 pm | GET /api/orders/pool?vendorId=69ec93ce2c76f5ab4ec7cf65
2026-04-27T11:28:00.172Z - 📡 [TRAFFIC] 4:58:00 pm | GET /api/notifications?userId=69ec93ce2c76f5ab4ec7cf65&role=vendor
2026-04-27T11:28:06.280Z - SOCKET_JOIN - Client t_XuchJLriiGE9nFAAAR -> order_69ef48341134cf2f3a798dd7
2026-04-27T11:28:06.282Z - 📡 [TRAFFIC] 4:58:06 pm | GET /api/orders/69ef48341134cf2f3a798dd7
2026-04-27T11:28:06.287Z - SOCKET_JOIN - Client t_XuchJLriiGE9nFAAAR -> order_69ef48341134cf2f3a798dd7
2026-04-27T11:28:06.519Z - 📡 [TRAFFIC] 4:58:06 pm | GET /api/orders/69ef48341134cf2f3a798dd7
2026-04-27T11:28:15.353Z - 📡 [TRAFFIC] 4:58:15 pm | GET /api/orders/69ef48341134cf2f3a798dd7
2026-04-27T11:28:15.357Z - SOCKET_JOIN - Client KJKTAx-MirZpl9q0AAAT -> order_69ef48341134cf2f3a798dd7
2026-04-27T11:28:15.412Z - SOCKET_JOIN - Client KJKTAx-MirZpl9q0AAAT -> user_69ec93ce2c76f5ab4ec7cf64
2026-04-27T11:28:15.413Z - SOCKET_JOIN - Client KJKTAx-MirZpl9q0AAAT -> order_69ef48341134cf2f3a798dd7
2026-04-27T11:28:15.414Z - SOCKET_JOIN - Client KJKTAx-MirZpl9q0AAAT -> user_69ec93ce2c76f5ab4ec7cf64
2026-04-27T11:28:15.629Z - 📡 [TRAFFIC] 4:58:15 pm | GET /api/orders/69ef48341134cf2f3a798dd7
2026-04-27T11:28:19.153Z - 📡 [TRAFFIC] 4:58:19 pm | POST /api/orders/vendor-accept/69ef48341134cf2f3a798dd7
2026-04-27T11:28:19.705Z - --- Matching for 22.798059, 75.9232677 (Found 0 active riders) ---
2026-04-27T11:28:20.571Z - 📡 [TRAFFIC] 4:58:20 pm | GET /api/orders/vendor?vendorId=69ec93ce2c76f5ab4ec7cf65
2026-04-27T11:28:20.574Z - 📡 [TRAFFIC] 4:58:20 pm | GET /api/orders/pool?vendorId=69ec93ce2c76f5ab4ec7cf65
2026-04-27T11:28:20.577Z - 📡 [TRAFFIC] 4:58:20 pm | GET /api/notifications?userId=69ec93ce2c76f5ab4ec7cf65&role=vendor
2026-04-27T11:28:26.804Z - 📡 [TRAFFIC] 4:58:26 pm | GET /api/orders/69ef48341134cf2f3a798dd7
2026-04-27T11:28:26.808Z - SOCKET_JOIN - Client 0FggljyiA9lkEUPBAAAV -> order_69ef48341134cf2f3a798dd7
2026-04-27T11:28:26.865Z - SOCKET_JOIN - Client 0FggljyiA9lkEUPBAAAV -> user_69ec93ce2c76f5ab4ec7cf64
2026-04-27T11:28:26.868Z - SOCKET_JOIN - Client 0FggljyiA9lkEUPBAAAV -> order_69ef48341134cf2f3a798dd7
2026-04-27T11:28:26.871Z - SOCKET_JOIN - Client 0FggljyiA9lkEUPBAAAV -> user_69ec93ce2c76f5ab4ec7cf64
2026-04-27T11:28:27.021Z - 📡 [TRAFFIC] 4:58:27 pm | GET /api/orders/69ef48341134cf2f3a798dd7
2026-04-27T11:28:28.709Z - 📡 [TRAFFIC] 4:58:28 pm | POST /api/logistics/request
2026-04-27T11:28:43.205Z - 📡 [TRAFFIC] 4:58:43 pm | POST /api/logistics/verify
2026-04-27T11:28:43.426Z - 📡 [TRAFFIC] 4:58:43 pm | GET /api/orders/69ef48341134cf2f3a798dd7
2026-04-27T11:28:50.265Z - 📡 [TRAFFIC] 4:58:50 pm | GET /api/orders/vendor?vendorId=69ec93ce2c76f5ab4ec7cf65
2026-04-27T11:28:50.269Z - 📡 [TRAFFIC] 4:58:50 pm | GET /api/orders/pool?vendorId=69ec93ce2c76f5ab4ec7cf65
2026-04-27T11:28:50.272Z - 📡 [TRAFFIC] 4:58:50 pm | GET /api/notifications?userId=69ec93ce2c76f5ab4ec7cf65&role=vendor
2026-04-27T11:28:50.275Z - SOCKET_JOIN - Client iErPrEQVTKp8Jo0PAAAX -> vendors_pool
2026-04-27T11:28:50.356Z - SOCKET_JOIN - Client iErPrEQVTKp8Jo0PAAAX -> user_69ec93ce2c76f5ab4ec7cf65
2026-04-27T11:28:50.365Z - SOCKET_JOIN - Client iErPrEQVTKp8Jo0PAAAX -> vendors_pool
2026-04-27T11:28:50.367Z - SOCKET_JOIN - Client iErPrEQVTKp8Jo0PAAAX -> user_69ec93ce2c76f5ab4ec7cf65
2026-04-27T11:28:50.429Z - 📡 [TRAFFIC] 4:58:50 pm | GET /api/notifications?userId=69ec93ce2c76f5ab4ec7cf65&role=vendor
2026-04-27T11:28:50.479Z - 📡 [TRAFFIC] 4:58:50 pm | GET /api/orders/pool?vendorId=69ec93ce2c76f5ab4ec7cf65
2026-04-27T11:28:50.597Z - 📡 [TRAFFIC] 4:58:50 pm | GET /api/orders/vendor?vendorId=69ec93ce2c76f5ab4ec7cf65
2026-04-27T11:28:52.506Z - 📡 [TRAFFIC] 4:58:52 pm | GET /api/orders/69ef48341134cf2f3a798dd7
2026-04-27T11:28:52.734Z - 📡 [TRAFFIC] 4:58:52 pm | GET /api/orders/69ef48341134cf2f3a798dd7
2026-04-27T11:28:54.325Z - 📡 [TRAFFIC] 4:58:54 pm | PATCH /api/orders/status/69ef48341134cf2f3a798dd7
2026-04-27T11:28:55.296Z - 📡 [TRAFFIC] 4:58:55 pm | GET /api/orders/69ef48341134cf2f3a798dd7
2026-04-27T11:28:55.299Z - SOCKET_JOIN - Client Cfi3xb_ZfRGB7YBkAAAZ -> vendors_pool
2026-04-27T11:28:55.309Z - SOCKET_JOIN - Client Cfi3xb_ZfRGB7YBkAAAZ -> user_69ec93ce2c76f5ab4ec7cf65
2026-04-27T11:28:55.310Z - SOCKET_JOIN - Client Cfi3xb_ZfRGB7YBkAAAZ -> vendors_pool
2026-04-27T11:28:55.311Z - SOCKET_JOIN - Client Cfi3xb_ZfRGB7YBkAAAZ -> user_69ec93ce2c76f5ab4ec7cf65
2026-04-27T11:28:55.528Z - 📡 [TRAFFIC] 4:58:55 pm | GET /api/orders/69ef48341134cf2f3a798dd7
2026-04-27T11:28:57.199Z - 📡 [TRAFFIC] 4:58:57 pm | POST /api/orders/mark-ready/69ef48341134cf2f3a798dd7
2026-04-27T11:28:58.296Z - 📡 [TRAFFIC] 4:58:58 pm | GET /api/orders/69ef48341134cf2f3a798dd7
2026-04-27T11:28:58.300Z - SOCKET_JOIN - Client EfK62gSaeuYHdc7lAAAb -> vendors_pool
2026-04-27T11:28:58.305Z - SOCKET_JOIN - Client EfK62gSaeuYHdc7lAAAb -> user_69ec93ce2c76f5ab4ec7cf65
2026-04-27T11:28:58.309Z - SOCKET_JOIN - Client EfK62gSaeuYHdc7lAAAb -> vendors_pool
2026-04-27T11:28:58.311Z - SOCKET_JOIN - Client EfK62gSaeuYHdc7lAAAb -> user_69ec93ce2c76f5ab4ec7cf65
2026-04-27T11:28:58.576Z - 📡 [TRAFFIC] 4:58:58 pm | GET /api/orders/69ef48341134cf2f3a798dd7
2026-04-27T11:29:12.458Z - 📡 [TRAFFIC] 4:59:12 pm | POST /api/orders/verify-handshake/69ef48341134cf2f3a798dd7
2026-04-27T11:29:13.823Z - 📡 [TRAFFIC] 4:59:13 pm | GET /api/orders/69ef48341134cf2f3a798dd7
2026-04-27T11:29:13.827Z - SOCKET_JOIN - Client Xjzk7be0wI4-QBvRAAAd -> vendors_pool
2026-04-27T11:29:13.838Z - SOCKET_JOIN - Client Xjzk7be0wI4-QBvRAAAd -> user_69ec93ce2c76f5ab4ec7cf65
2026-04-27T11:29:13.839Z - SOCKET_JOIN - Client Xjzk7be0wI4-QBvRAAAd -> vendors_pool
2026-04-27T11:29:13.840Z - SOCKET_JOIN - Client Xjzk7be0wI4-QBvRAAAd -> user_69ec93ce2c76f5ab4ec7cf65
2026-04-27T11:29:14.082Z - 📡 [TRAFFIC] 4:59:14 pm | GET /api/orders/69ef48341134cf2f3a798dd7
2026-04-27T11:29:18.445Z - 📡 [TRAFFIC] 4:59:18 pm | POST /api/logistics/request
2026-04-27T11:29:28.239Z - 📡 [TRAFFIC] 4:59:28 pm | POST /api/logistics/verify
2026-04-27T11:29:28.543Z - 📡 [TRAFFIC] 4:59:28 pm | GET /api/orders/69ef48341134cf2f3a798dd7
2026-04-27T11:30:02.416Z - 🚀 SERVER RESTARTED AT 2026-04-27T11:30:02.415Z ON PORT 5001
2026-04-27T11:30:04.633Z - SOCKET_JOIN - Client JmVEeNT061i_0MsoAAAF -> user_69ec93ce2c76f5ab4ec7cf64
2026-04-27T11:30:10.661Z - SOCKET_JOIN - Client TPZybmLo53V7HF-rAAAJ -> order_69ef48341134cf2f3a798dd7
2026-04-27T11:30:10.698Z - 📡 [TRAFFIC] 5:00:10 pm | GET /api/orders/69ef48341134cf2f3a798dd7
2026-04-27T11:30:10.744Z - SOCKET_JOIN - Client TPZybmLo53V7HF-rAAAJ -> user_69ec93ce2c76f5ab4ec7cf64
2026-04-27T11:30:10.745Z - SOCKET_JOIN - Client TPZybmLo53V7HF-rAAAJ -> order_69ef48341134cf2f3a798dd7
2026-04-27T11:30:10.746Z - SOCKET_JOIN - Client TPZybmLo53V7HF-rAAAJ -> user_69ec93ce2c76f5ab4ec7cf64
2026-04-27T11:30:10.943Z - 📡 [TRAFFIC] 5:00:10 pm | GET /api/orders/69ef48341134cf2f3a798dd7
2026-04-27T11:30:15.441Z - 📡 [TRAFFIC] 5:00:15 pm | GET /api/admin/config
2026-04-27T11:30:15.446Z - 📡 [TRAFFIC] 5:00:15 pm | GET /api/master-services
2026-04-27T11:30:15.452Z - 📡 [TRAFFIC] 5:00:15 pm | GET /api/services?approvedOnly=true
2026-04-27T11:30:15.547Z - 📡 [TRAFFIC] 5:00:15 pm | GET /api/admin/config
2026-04-27T11:30:15.556Z - 📡 [TRAFFIC] 5:00:15 pm | GET /api/auth/profile/69ec93ce2c76f5ab4ec7cf64
2026-04-27T11:30:15.675Z - 📡 [TRAFFIC] 5:00:15 pm | GET /api/services?approvedOnly=true
2026-04-27T11:30:15.680Z - 📡 [TRAFFIC] 5:00:15 pm | GET /api/auth/profile/69ec93ce2c76f5ab4ec7cf64
2026-04-27T11:30:15.686Z - 📡 [TRAFFIC] 5:00:15 pm | GET /api/master-services
2026-04-27T11:33:46.124Z - 📡 [TRAFFIC] 5:03:46 pm | GET /api/orders/my?customerId=69ec93ce2c76f5ab4ec7cf64
2026-04-27T11:33:46.125Z - [DEBUG] Fetching orders for CustomerID: 69ec93ce2c76f5ab4ec7cf64. Detecting phone...
2026-04-27T11:33:46.240Z - [DEBUG] Found phone: 9999999991 for account 69ec93ce2c76f5ab4ec7cf64
2026-04-27T11:33:46.336Z - [DEBUG] Cross-account search for 9999999991. Found 1 linked IDs.
2026-04-27T11:33:46.735Z - [DEBUG] Orders found for 9999999991: 11
2026-04-27T11:33:46.744Z - 📡 [TRAFFIC] 5:03:46 pm | GET /api/orders/my?customerId=69ec93ce2c76f5ab4ec7cf64
2026-04-27T11:33:46.746Z - [DEBUG] Fetching orders for CustomerID: 69ec93ce2c76f5ab4ec7cf64. Detecting phone...
2026-04-27T11:33:46.857Z - [DEBUG] Found phone: 9999999991 for account 69ec93ce2c76f5ab4ec7cf64
2026-04-27T11:33:47.015Z - [DEBUG] Cross-account search for 9999999991. Found 1 linked IDs.
2026-04-27T11:33:47.260Z - [DEBUG] Orders found for 9999999991: 11
2026-04-27T11:34:36.203Z - 📡 [TRAFFIC] 5:04:36 pm | GET /api/orders/my?customerId=69ec93ce2c76f5ab4ec7cf64
2026-04-27T11:34:36.204Z - [DEBUG] Fetching orders for CustomerID: 69ec93ce2c76f5ab4ec7cf64. Detecting phone...
2026-04-27T11:34:36.295Z - [DEBUG] Found phone: 9999999991 for account 69ec93ce2c76f5ab4ec7cf64
2026-04-27T11:34:36.425Z - [DEBUG] Cross-account search for 9999999991. Found 1 linked IDs.
2026-04-27T11:34:36.789Z - [DEBUG] Orders found for 9999999991: 11
2026-04-27T11:34:36.799Z - 📡 [TRAFFIC] 5:04:36 pm | GET /api/orders/my?customerId=69ec93ce2c76f5ab4ec7cf64
2026-04-27T11:34:36.799Z - [DEBUG] Fetching orders for CustomerID: 69ec93ce2c76f5ab4ec7cf64. Detecting phone...
2026-04-27T11:34:36.921Z - [DEBUG] Found phone: 9999999991 for account 69ec93ce2c76f5ab4ec7cf64
2026-04-27T11:34:37.015Z - [DEBUG] Cross-account search for 9999999991. Found 1 linked IDs.
2026-04-27T11:34:37.243Z - [DEBUG] Orders found for 9999999991: 11
2026-04-27T11:38:22.427Z - SOCKET_JOIN - Client g0wl8R-yU3qWyN9FAAAL -> user_69eafd0d2c76f5ab4ec7b5f3
2026-04-27T11:38:22.428Z - 📡 [TRAFFIC] 5:08:22 pm | GET /api/notifications?userId=69eafd0d2c76f5ab4ec7b5f3&role=admin
2026-04-27T11:38:22.462Z - SOCKET_JOIN - Client g0wl8R-yU3qWyN9FAAAL -> admins_pool
2026-04-27T11:38:22.463Z - SOCKET_JOIN - Client g0wl8R-yU3qWyN9FAAAL -> user_69eafd0d2c76f5ab4ec7b5f3
2026-04-27T11:38:22.463Z - SOCKET_JOIN - Client g0wl8R-yU3qWyN9FAAAL -> admins_pool
2026-04-27T11:38:22.573Z - 📡 [TRAFFIC] 5:08:22 pm | GET /api/notifications?userId=69eafd0d2c76f5ab4ec7b5f3&role=admin
2026-04-27T11:38:47.734Z - 📡 [TRAFFIC] 5:08:47 pm | POST /api/auth/request-otp
2026-04-27T11:39:08.983Z - 📡 [TRAFFIC] 5:09:08 pm | POST /api/auth/request-otp
2026-04-27T11:42:41.470Z - 📡 [TRAFFIC] 5:12:41 pm | POST /api/auth/request-otp
2026-04-27T11:42:45.905Z - 📡 [TRAFFIC] 5:12:45 pm | POST /api/auth/verify-otp
2026-04-27T11:42:46.241Z - SOCKET_JOIN - Client g0wl8R-yU3qWyN9FAAAL -> user_69eafd0d2c76f5ab4ec7b5f3
2026-04-27T11:42:46.245Z - SOCKET_JOIN - Client g0wl8R-yU3qWyN9FAAAL -> admins_pool
2026-04-27T11:42:46.247Z - SOCKET_JOIN - Client g0wl8R-yU3qWyN9FAAAL -> user_69eafd0d2c76f5ab4ec7b5f3
2026-04-27T11:42:46.248Z - SOCKET_JOIN - Client g0wl8R-yU3qWyN9FAAAL -> admins_pool
2026-04-27T11:42:46.250Z - 📡 [TRAFFIC] 5:12:46 pm | GET /api/notifications?userId=69eafd0d2c76f5ab4ec7b5f3&role=admin
2026-04-27T11:42:46.254Z - 📡 [TRAFFIC] 5:12:46 pm | GET /api/admin/stats
2026-04-27T11:42:46.454Z - 📡 [TRAFFIC] 5:12:46 pm | GET /api/notifications?userId=69eafd0d2c76f5ab4ec7b5f3&role=admin
2026-04-27T11:42:46.865Z - 📡 [TRAFFIC] 5:12:46 pm | GET /api/admin/stats
2026-04-27T11:42:51.964Z - 📡 [TRAFFIC] 5:12:51 pm | GET /api/master-services
2026-04-27T11:42:51.967Z - 📡 [TRAFFIC] 5:12:51 pm | GET /api/admin/users
2026-04-27T11:42:52.100Z - 📡 [TRAFFIC] 5:12:52 pm | GET /api/admin/users
2026-04-27T11:42:52.225Z - 📡 [TRAFFIC] 5:12:52 pm | GET /api/master-services
2026-04-27T11:42:54.128Z - 📡 [TRAFFIC] 5:12:54 pm | GET /api/admin/stats
2026-04-27T11:42:54.654Z - 📡 [TRAFFIC] 5:12:54 pm | GET /api/admin/stats
2026-04-27T11:47:20.931Z - SOCKET_JOIN - Client TPZybmLo53V7HF-rAAAJ -> user_69ec93ce2c76f5ab4ec7cf64
2026-04-27T11:48:12.622Z - 📡 [TRAFFIC] 5:18:12 pm | GET /api/orders/vendor?vendorId=69ec93ce2c76f5ab4ec7cf65
2026-04-27T11:48:12.626Z - 📡 [TRAFFIC] 5:18:12 pm | GET /api/orders/pool?vendorId=69ec93ce2c76f5ab4ec7cf65
2026-04-27T11:48:12.629Z - 📡 [TRAFFIC] 5:18:12 pm | GET /api/notifications?userId=69ec93ce2c76f5ab4ec7cf65&role=vendor
2026-04-27T11:55:15.715Z - 🚀 SERVER RESTARTED AT 2026-04-27T11:55:15.714Z ON PORT 5001
2026-04-27T11:55:18.641Z - SOCKET_JOIN - Client 8baShKudO77E9JkuAAAH -> user_69ec93ce2c76f5ab4ec7cf64
2026-04-27T11:58:07.165Z - 📡 [TRAFFIC] 5:28:07 pm | POST /api/auth/request-otp
2026-04-27T11:58:10.849Z - 📡 [TRAFFIC] 5:28:10 pm | POST /api/auth/verify-otp
2026-04-27T11:58:11.231Z - SOCKET_JOIN - Client gQtjJ4czLz_fEMsjAAAF -> user_69eafd0d2c76f5ab4ec7b5f3
2026-04-27T11:58:11.233Z - SOCKET_JOIN - Client gQtjJ4czLz_fEMsjAAAF -> admins_pool
2026-04-27T11:58:11.235Z - SOCKET_JOIN - Client gQtjJ4czLz_fEMsjAAAF -> user_69eafd0d2c76f5ab4ec7b5f3
2026-04-27T11:58:11.242Z - SOCKET_JOIN - Client gQtjJ4czLz_fEMsjAAAF -> admins_pool
2026-04-27T11:58:11.246Z - 📡 [TRAFFIC] 5:28:11 pm | GET /api/notifications?userId=69eafd0d2c76f5ab4ec7b5f3&role=admin
2026-04-27T11:58:11.253Z - 📡 [TRAFFIC] 5:28:11 pm | GET /api/admin/stats
2026-04-27T11:58:11.389Z - 📡 [TRAFFIC] 5:28:11 pm | GET /api/notifications?userId=69eafd0d2c76f5ab4ec7b5f3&role=admin
2026-04-27T11:58:11.765Z - 📡 [TRAFFIC] 5:28:11 pm | GET /api/admin/stats
2026-04-27T12:02:29.947Z - 📡 [TRAFFIC] 5:32:29 pm | GET /api/orders/my?customerId=69ec93ce2c76f5ab4ec7cf64
2026-04-27T12:02:29.948Z - [DEBUG] Fetching orders for CustomerID: 69ec93ce2c76f5ab4ec7cf64. Detecting phone...
2026-04-27T12:02:30.059Z - [DEBUG] Found phone: 9999999991 for account 69ec93ce2c76f5ab4ec7cf64
2026-04-27T12:02:30.208Z - [DEBUG] Cross-account search for 9999999991. Found 1 linked IDs.
2026-04-27T12:02:30.632Z - [DEBUG] Orders found for 9999999991: 11
2026-04-27T12:02:30.646Z - 📡 [TRAFFIC] 5:32:30 pm | GET /api/orders/my?customerId=69ec93ce2c76f5ab4ec7cf64
2026-04-27T12:02:30.647Z - [DEBUG] Fetching orders for CustomerID: 69ec93ce2c76f5ab4ec7cf64. Detecting phone...
2026-04-27T12:02:30.772Z - [DEBUG] Found phone: 9999999991 for account 69ec93ce2c76f5ab4ec7cf64
2026-04-27T12:02:30.891Z - [DEBUG] Cross-account search for 9999999991. Found 1 linked IDs.
2026-04-27T12:02:31.147Z - [DEBUG] Orders found for 9999999991: 11
2026-04-27T12:09:53.737Z - 📡 [TRAFFIC] 5:39:53 pm | GET /api/tickets/admin/all
2026-04-27T12:09:53.838Z - SOCKET_JOIN - Client 8baShKudO77E9JkuAAAH -> user_69ec93ce2c76f5ab4ec7cf64
2026-04-27T12:13:26.553Z - 🚀 SERVER RESTARTED AT 2026-04-27T12:13:26.550Z ON PORT 5001
2026-04-27T12:13:26.706Z - SOCKET_JOIN - Client qGJ-r5j7Z4kE3KxrAAAD -> user_69ec93ce2c76f5ab4ec7cf64
2026-04-27T12:13:37.082Z - 📡 [TRAFFIC] 5:43:37 pm | GET /api/tickets/order/69ef48341134cf2f3a798dcb
2026-04-27T12:13:37.207Z - 📡 [TRAFFIC] 5:43:37 pm | GET /api/tickets/order/69ef48341134cf2f3a798dcb
2026-04-27T12:13:40.871Z - 📡 [TRAFFIC] 5:43:40 pm | POST /api/tickets/create
2026-04-27T12:13:46.496Z - SOCKET_JOIN - Client JAjmf2T__fNUbUySAAAK -> user_69eafd0d2c76f5ab4ec7b5f3
2026-04-27T12:13:46.507Z - 📡 [TRAFFIC] 5:43:46 pm | GET /api/notifications?userId=69eafd0d2c76f5ab4ec7b5f3&role=admin
2026-04-27T12:13:46.519Z - 📡 [TRAFFIC] 5:43:46 pm | GET /api/tickets/admin/all
2026-04-27T12:13:46.607Z - 📡 [TRAFFIC] 5:43:46 pm | GET /api/notifications?userId=69eafd0d2c76f5ab4ec7b5f3&role=admin
2026-04-27T12:13:46.810Z - SOCKET_JOIN - Client JAjmf2T__fNUbUySAAAK -> admins_pool
2026-04-27T12:13:46.812Z - SOCKET_JOIN - Client JAjmf2T__fNUbUySAAAK -> user_69eafd0d2c76f5ab4ec7b5f3
2026-04-27T12:13:46.815Z - SOCKET_JOIN - Client JAjmf2T__fNUbUySAAAK -> admins_pool
2026-04-27T12:13:46.819Z - 📡 [TRAFFIC] 5:43:46 pm | GET /api/tickets/admin/all
2026-04-27T12:18:12.616Z - 📡 [TRAFFIC] 5:48:12 pm | GET /api/orders/vendor?vendorId=69ec93ce2c76f5ab4ec7cf65
2026-04-27T12:18:12.623Z - 📡 [TRAFFIC] 5:48:12 pm | GET /api/orders/pool?vendorId=69ec93ce2c76f5ab4ec7cf65
2026-04-27T12:18:12.631Z - 📡 [TRAFFIC] 5:48:12 pm | GET /api/notifications?userId=69ec93ce2c76f5ab4ec7cf65&role=vendor
2026-04-27T12:21:52.636Z - 📡 [TRAFFIC] 5:51:52 pm | GET /api/tickets/order/69ef48341134cf2f3a798dcb
2026-04-27T12:21:52.842Z - SOCKET_JOIN - Client JAjmf2T__fNUbUySAAAK -> user_69eafd0d2c76f5ab4ec7b5f3
2026-04-27T12:21:52.846Z - 📡 [TRAFFIC] 5:51:52 pm | GET /api/notifications?userId=69eafd0d2c76f5ab4ec7b5f3&role=admin
2026-04-27T12:21:52.852Z - 📡 [TRAFFIC] 5:51:52 pm | GET /api/tickets/admin/all
2026-04-27T12:21:52.866Z - SOCKET_JOIN - Client JAjmf2T__fNUbUySAAAK -> admins_pool
2026-04-27T12:21:52.870Z - SOCKET_JOIN - Client JAjmf2T__fNUbUySAAAK -> user_69eafd0d2c76f5ab4ec7b5f3
2026-04-27T12:21:52.872Z - SOCKET_JOIN - Client JAjmf2T__fNUbUySAAAK -> admins_pool
2026-04-27T12:21:52.964Z - 📡 [TRAFFIC] 5:51:52 pm | GET /api/notifications?userId=69eafd0d2c76f5ab4ec7b5f3&role=admin
2026-04-27T12:21:53.081Z - 📡 [TRAFFIC] 5:51:53 pm | GET /api/tickets/admin/all
2026-04-27T13:48:39.507Z - 📡 [TRAFFIC] 7:18:39 pm | GET /api/orders/vendor?vendorId=69ec93ce2c76f5ab4ec7cf65
2026-04-27T13:48:39.578Z - 📡 [TRAFFIC] 7:18:39 pm | GET /api/notifications?userId=69ec93ce2c76f5ab4ec7cf65&role=vendor
2026-04-27T13:48:39.676Z - 📡 [TRAFFIC] 7:18:39 pm | GET /api/orders/pool?vendorId=69ec93ce2c76f5ab4ec7cf65
2026-04-27T13:48:40.170Z - SOCKET_JOIN - Client MchZVRvUIqeUafe4AAAT -> user_69ec93ce2c76f5ab4ec7cf64
2026-04-27T13:48:45.566Z - 📡 [TRAFFIC] 7:18:45 pm | GET /api/notifications?userId=69eafd0d2c76f5ab4ec7b5f3&role=admin
2026-04-27T13:48:45.583Z - 📡 [TRAFFIC] 7:18:45 pm | GET /api/tickets/admin/all
2026-04-27T13:48:45.712Z - SOCKET_JOIN - Client XfxB8gCUV4PprBBOAAAY -> user_69eafd0d2c76f5ab4ec7b5f3
2026-04-27T13:48:45.714Z - SOCKET_JOIN - Client XfxB8gCUV4PprBBOAAAY -> admins_pool
2026-04-27T13:48:45.720Z - SOCKET_JOIN - Client XfxB8gCUV4PprBBOAAAY -> user_69eafd0d2c76f5ab4ec7b5f3
2026-04-27T13:48:45.722Z - SOCKET_JOIN - Client XfxB8gCUV4PprBBOAAAY -> admins_pool
2026-04-27T13:48:45.770Z - 📡 [TRAFFIC] 7:18:45 pm | GET /api/notifications?userId=69eafd0d2c76f5ab4ec7b5f3&role=admin
2026-04-27T13:48:45.781Z - 📡 [TRAFFIC] 7:18:45 pm | GET /api/tickets/admin/all
2026-04-27T13:48:46.738Z - 📡 [TRAFFIC] 7:18:46 pm | GET /api/tickets/order/69ef48341134cf2f3a798dcb
2026-04-27T13:48:46.818Z - 📡 [TRAFFIC] 7:18:46 pm | GET /api/tickets/order/69ef48341134cf2f3a798dcb
2026-04-27T13:48:46.838Z - SOCKET_JOIN - Client eTuAYesT3mmHM0oIAAAa -> user_69ec93ce2c76f5ab4ec7cf64
2026-04-27T13:48:46.841Z - SOCKET_JOIN - Client eTuAYesT3mmHM0oIAAAa -> user_69ec93ce2c76f5ab4ec7cf64
2026-04-27T13:49:43.407Z - 📡 [TRAFFIC] 7:19:43 pm | GET /api/tickets/order/69ef48341134cf2f3a798dcb
2026-04-27T13:49:43.550Z - 📡 [TRAFFIC] 7:19:43 pm | GET /api/tickets/order/69ef48341134cf2f3a798dcb
2026-04-27T13:49:44.234Z - SOCKET_JOIN - Client JRNafspAc73fYFlCAAAl -> user_69ec93ce2c76f5ab4ec7cf64
2026-04-27T13:49:44.659Z - SOCKET_JOIN - Client Ygx_kPfEbn_NTnYYAAAn -> user_69eafd0d2c76f5ab4ec7b5f3
2026-04-27T13:49:44.662Z - 📡 [TRAFFIC] 7:19:44 pm | GET /api/notifications?userId=69eafd0d2c76f5ab4ec7b5f3&role=admin
2026-04-27T13:49:44.667Z - 📡 [TRAFFIC] 7:19:44 pm | GET /api/tickets/admin/all
2026-04-27T13:49:44.679Z - SOCKET_JOIN - Client Ygx_kPfEbn_NTnYYAAAn -> admins_pool
2026-04-27T13:49:44.680Z - SOCKET_JOIN - Client Ygx_kPfEbn_NTnYYAAAn -> user_69eafd0d2c76f5ab4ec7b5f3
2026-04-27T13:49:44.682Z - SOCKET_JOIN - Client Ygx_kPfEbn_NTnYYAAAn -> admins_pool
2026-04-27T13:49:44.732Z - 📡 [TRAFFIC] 7:19:44 pm | GET /api/notifications?userId=69eafd0d2c76f5ab4ec7b5f3&role=admin
2026-04-27T13:49:44.838Z - 📡 [TRAFFIC] 7:19:44 pm | GET /api/tickets/admin/all
2026-04-27T13:50:22.948Z - 📡 [TRAFFIC] 7:20:22 pm | POST /api/auth/request-otp
2026-04-27T13:51:56.813Z - 📡 [TRAFFIC] 7:21:56 pm | POST /api/auth/request-otp
2026-04-27T13:52:27.877Z - 📡 [TRAFFIC] 7:22:27 pm | POST /api/auth/request-otp
2026-04-27T13:52:39.469Z - 📡 [TRAFFIC] 7:22:39 pm | GET /api/orders/69ef48341134cf2f3a798dd7
2026-04-27T13:52:39.485Z - SOCKET_JOIN - Client -C3Svfj53sfWP1H9AAAq -> vendors_pool
2026-04-27T13:52:39.515Z - SOCKET_JOIN - Client -C3Svfj53sfWP1H9AAAq -> user_69ec93ce2c76f5ab4ec7cf65
2026-04-27T13:52:39.517Z - SOCKET_JOIN - Client -C3Svfj53sfWP1H9AAAq -> vendors_pool
2026-04-27T13:52:39.519Z - SOCKET_JOIN - Client -C3Svfj53sfWP1H9AAAq -> user_69ec93ce2c76f5ab4ec7cf65
2026-04-27T13:52:39.650Z - 📡 [TRAFFIC] 7:22:39 pm | GET /api/orders/69ef48341134cf2f3a798dd7
2026-04-27T13:52:54.256Z - 📡 [TRAFFIC] 7:22:54 pm | POST /api/auth/request-otp
2026-04-27T13:56:37.669Z - SOCKET_JOIN - Client JRNafspAc73fYFlCAAAl -> user_69ec93ce2c76f5ab4ec7cf64
2026-04-27T13:56:37.807Z - SOCKET_JOIN - Client -C3Svfj53sfWP1H9AAAq -> vendors_pool
2026-04-27T13:56:37.868Z - SOCKET_JOIN - Client -C3Svfj53sfWP1H9AAAq -> user_69ec93ce2c76f5ab4ec7cf65
2026-04-27T13:56:37.881Z - SOCKET_JOIN - Client Ygx_kPfEbn_NTnYYAAAn -> user_69eafd0d2c76f5ab4ec7b5f3
2026-04-27T13:56:37.888Z - 📡 [TRAFFIC] 7:26:37 pm | GET /api/notifications?userId=69eafd0d2c76f5ab4ec7b5f3&role=admin
2026-04-27T13:56:37.899Z - 📡 [TRAFFIC] 7:26:37 pm | GET /api/tickets/admin/all
2026-04-27T13:56:37.913Z - SOCKET_JOIN - Client Ygx_kPfEbn_NTnYYAAAn -> admins_pool
2026-04-27T13:56:37.916Z - SOCKET_JOIN - Client Ygx_kPfEbn_NTnYYAAAn -> user_69eafd0d2c76f5ab4ec7b5f3
2026-04-27T13:56:37.917Z - SOCKET_JOIN - Client Ygx_kPfEbn_NTnYYAAAn -> admins_pool
2026-04-27T13:56:37.997Z - 📡 [TRAFFIC] 7:26:37 pm | GET /api/notifications?userId=69eafd0d2c76f5ab4ec7b5f3&role=admin
2026-04-27T13:56:38.070Z - 📡 [TRAFFIC] 7:26:38 pm | GET /api/tickets/admin/all
2026-04-27T13:56:54.663Z - SOCKET_JOIN - Client JRNafspAc73fYFlCAAAl -> user_69ec93ce2c76f5ab4ec7cf64
2026-04-27T13:56:54.754Z - SOCKET_JOIN - Client -C3Svfj53sfWP1H9AAAq -> vendors_pool
2026-04-27T13:56:54.935Z - SOCKET_JOIN - Client -C3Svfj53sfWP1H9AAAq -> user_69ec93ce2c76f5ab4ec7cf65
2026-04-27T13:56:55.019Z - SOCKET_JOIN - Client Ygx_kPfEbn_NTnYYAAAn -> user_69eafd0d2c76f5ab4ec7b5f3
2026-04-27T13:56:55.023Z - 📡 [TRAFFIC] 7:26:55 pm | GET /api/notifications?userId=69eafd0d2c76f5ab4ec7b5f3&role=admin
2026-04-27T13:56:55.046Z - 📡 [TRAFFIC] 7:26:55 pm | GET /api/tickets/admin/all
2026-04-27T13:56:55.057Z - SOCKET_JOIN - Client Ygx_kPfEbn_NTnYYAAAn -> admins_pool
2026-04-27T13:56:55.059Z - SOCKET_JOIN - Client Ygx_kPfEbn_NTnYYAAAn -> user_69eafd0d2c76f5ab4ec7b5f3
2026-04-27T13:56:55.062Z - SOCKET_JOIN - Client Ygx_kPfEbn_NTnYYAAAn -> admins_pool
2026-04-27T13:56:55.102Z - 📡 [TRAFFIC] 7:26:55 pm | GET /api/notifications?userId=69eafd0d2c76f5ab4ec7b5f3&role=admin
2026-04-27T13:56:55.181Z - 📡 [TRAFFIC] 7:26:55 pm | GET /api/tickets/admin/all
2026-04-27T14:16:22.321Z - SOCKET_JOIN - Client JRNafspAc73fYFlCAAAl -> user_69ec93ce2c76f5ab4ec7cf64
2026-04-27T14:16:22.408Z - SOCKET_JOIN - Client -C3Svfj53sfWP1H9AAAq -> vendors_pool
2026-04-27T14:16:22.769Z - SOCKET_JOIN - Client -C3Svfj53sfWP1H9AAAq -> user_69ec93ce2c76f5ab4ec7cf65
2026-04-27T14:16:22.872Z - SOCKET_JOIN - Client Ygx_kPfEbn_NTnYYAAAn -> user_69eafd0d2c76f5ab4ec7b5f3
2026-04-27T14:16:22.877Z - 📡 [TRAFFIC] 7:46:22 pm | GET /api/notifications?userId=69eafd0d2c76f5ab4ec7b5f3&role=admin
2026-04-27T14:16:22.892Z - 📡 [TRAFFIC] 7:46:22 pm | GET /api/tickets/admin/all
2026-04-27T14:16:22.905Z - SOCKET_JOIN - Client Ygx_kPfEbn_NTnYYAAAn -> admins_pool
2026-04-27T14:16:22.907Z - SOCKET_JOIN - Client Ygx_kPfEbn_NTnYYAAAn -> user_69eafd0d2c76f5ab4ec7b5f3
2026-04-27T14:16:22.908Z - SOCKET_JOIN - Client Ygx_kPfEbn_NTnYYAAAn -> admins_pool
2026-04-27T14:16:24.029Z - 📡 [TRAFFIC] 7:46:24 pm | GET /api/notifications?userId=69eafd0d2c76f5ab4ec7b5f3&role=admin
2026-04-27T14:16:24.106Z - 📡 [TRAFFIC] 7:46:24 pm | GET /api/tickets/admin/all
2026-04-27T14:18:50.616Z - 📡 [TRAFFIC] 7:48:50 pm | GET /api/orders/vendor?vendorId=69ec93ce2c76f5ab4ec7cf65
2026-04-27T14:18:50.624Z - 📡 [TRAFFIC] 7:48:50 pm | GET /api/orders/pool?vendorId=69ec93ce2c76f5ab4ec7cf65
2026-04-27T14:18:50.630Z - 📡 [TRAFFIC] 7:48:50 pm | GET /api/notifications?userId=69ec93ce2c76f5ab4ec7cf65&role=vendor
2026-04-27T14:22:06.732Z - 📡 [TRAFFIC] 7:52:06 pm | GET /api/orders/vendor?vendorId=69ec93ce2c76f5ab4ec7cf65
2026-04-27T14:22:06.741Z - 📡 [TRAFFIC] 7:52:06 pm | GET /api/orders/pool?vendorId=69ec93ce2c76f5ab4ec7cf65
2026-04-27T14:22:06.752Z - 📡 [TRAFFIC] 7:52:06 pm | GET /api/notifications?userId=69ec93ce2c76f5ab4ec7cf65&role=vendor
2026-04-27T14:22:06.769Z - SOCKET_JOIN - Client XnpgqtonNvH9BxCkAAAy -> vendors_pool
2026-04-27T14:22:06.822Z - 📡 [TRAFFIC] 7:52:06 pm | GET /api/notifications?userId=69ec93ce2c76f5ab4ec7cf65&role=vendor
2026-04-27T14:22:06.899Z - 📡 [TRAFFIC] 7:52:06 pm | GET /api/orders/pool?vendorId=69ec93ce2c76f5ab4ec7cf65
2026-04-27T14:22:06.940Z - SOCKET_JOIN - Client XnpgqtonNvH9BxCkAAAy -> user_69ec93ce2c76f5ab4ec7cf65
2026-04-27T14:22:06.943Z - SOCKET_JOIN - Client XnpgqtonNvH9BxCkAAAy -> vendors_pool
2026-04-27T14:22:06.947Z - SOCKET_JOIN - Client XnpgqtonNvH9BxCkAAAy -> user_69ec93ce2c76f5ab4ec7cf65
2026-04-27T14:22:06.961Z - 📡 [TRAFFIC] 7:52:06 pm | GET /api/orders/vendor?vendorId=69ec93ce2c76f5ab4ec7cf65
2026-04-27T14:52:07.623Z - 📡 [TRAFFIC] 8:22:07 pm | GET /api/orders/vendor?vendorId=69ec93ce2c76f5ab4ec7cf65
2026-04-27T14:52:07.631Z - 📡 [TRAFFIC] 8:22:07 pm | GET /api/orders/pool?vendorId=69ec93ce2c76f5ab4ec7cf65
2026-04-27T14:52:07.638Z - 📡 [TRAFFIC] 8:22:07 pm | GET /api/notifications?userId=69ec93ce2c76f5ab4ec7cf65&role=vendor
2026-04-27T15:06:00.785Z - SOCKET_JOIN - Client s36OSLjLO0gtQHCPAAA4 -> user_69ec93ce2c76f5ab4ec7cf64
2026-04-27T15:06:06.039Z - 📡 [TRAFFIC] 8:36:06 pm | GET /api/orders/69ef48341134cf2f3a798dd7
2026-04-27T15:06:06.089Z - SOCKET_JOIN - Client eSGWsXuwdDDGZpZ7AAA8 -> vendors_pool
2026-04-27T15:06:06.158Z - SOCKET_JOIN - Client eSGWsXuwdDDGZpZ7AAA8 -> user_69ec93ce2c76f5ab4ec7cf65
2026-04-27T15:06:06.173Z - SOCKET_JOIN - Client eSGWsXuwdDDGZpZ7AAA8 -> vendors_pool
2026-04-27T15:06:06.183Z - SOCKET_JOIN - Client eSGWsXuwdDDGZpZ7AAA8 -> user_69ec93ce2c76f5ab4ec7cf65
2026-04-27T15:06:07.998Z - 📡 [TRAFFIC] 8:36:07 pm | GET /api/orders/69ef48341134cf2f3a798dd7
2026-04-27T15:06:09.119Z - 📡 [TRAFFIC] 8:36:09 pm | GET /api/orders/vendor?vendorId=69ec93ce2c76f5ab4ec7cf65
2026-04-27T15:06:09.143Z - 📡 [TRAFFIC] 8:36:09 pm | GET /api/orders/pool?vendorId=69ec93ce2c76f5ab4ec7cf65
2026-04-27T15:06:09.156Z - 📡 [TRAFFIC] 8:36:09 pm | GET /api/notifications?userId=69ec93ce2c76f5ab4ec7cf65&role=vendor
2026-04-27T15:06:09.179Z - SOCKET_JOIN - Client kLvc_igHq50V7hNZAAA- -> vendors_pool
2026-04-27T15:06:09.351Z - SOCKET_JOIN - Client kLvc_igHq50V7hNZAAA- -> user_69ec93ce2c76f5ab4ec7cf65
2026-04-27T15:06:09.468Z - SOCKET_JOIN - Client kLvc_igHq50V7hNZAAA- -> vendors_pool
2026-04-27T15:06:09.486Z - SOCKET_JOIN - Client kLvc_igHq50V7hNZAAA- -> user_69ec93ce2c76f5ab4ec7cf65
2026-04-27T15:06:10.689Z - 📡 [TRAFFIC] 8:36:10 pm | GET /api/orders/vendor?vendorId=69ec93ce2c76f5ab4ec7cf65
2026-04-27T15:06:11.111Z - 📡 [TRAFFIC] 8:36:11 pm | GET /api/orders/pool?vendorId=69ec93ce2c76f5ab4ec7cf65
2026-04-27T15:06:11.482Z - 📡 [TRAFFIC] 8:36:11 pm | GET /api/notifications?userId=69eafd0d2c76f5ab4ec7b5f3&role=admin
2026-04-27T15:06:11.501Z - 📡 [TRAFFIC] 8:36:11 pm | GET /api/tickets/admin/all
2026-04-27T15:06:12.033Z - SOCKET_JOIN - Client ArlnbQkUJMVZ3omXAABB -> user_69eafd0d2c76f5ab4ec7b5f3
2026-04-27T15:06:12.036Z - SOCKET_JOIN - Client ArlnbQkUJMVZ3omXAABB -> admins_pool
2026-04-27T15:06:12.038Z - SOCKET_JOIN - Client ArlnbQkUJMVZ3omXAABB -> user_69eafd0d2c76f5ab4ec7b5f3
2026-04-27T15:06:12.047Z - SOCKET_JOIN - Client ArlnbQkUJMVZ3omXAABB -> admins_pool
2026-04-27T15:06:12.859Z - 📡 [TRAFFIC] 8:36:12 pm | GET /api/tickets/order/69ef48341134cf2f3a798dcb
2026-04-27T15:06:12.921Z - SOCKET_JOIN - Client lkrR3MoLmmwJkAMrAABD -> user_69ec93ce2c76f5ab4ec7cf64
2026-04-27T15:06:12.938Z - SOCKET_JOIN - Client lkrR3MoLmmwJkAMrAABD -> user_69ec93ce2c76f5ab4ec7cf64
2026-04-27T15:06:13.732Z - 📡 [TRAFFIC] 8:36:13 pm | GET /api/tickets/order/69ef48341134cf2f3a798dcb
2026-04-27T15:06:14.348Z - 📡 [TRAFFIC] 8:36:14 pm | GET /api/tickets/admin/all
2026-04-27T15:06:14.431Z - 📡 [TRAFFIC] 8:36:14 pm | GET /api/notifications?userId=69ec93ce2c76f5ab4ec7cf65&role=vendor
2026-04-27T15:06:15.126Z - 📡 [TRAFFIC] 8:36:15 pm | GET /api/notifications?userId=69eafd0d2c76f5ab4ec7b5f3&role=admin
2026-04-27T15:06:23.434Z - SOCKET_JOIN - Client nPXeOlQXgYnHV5l1AABG -> user_69eafd0d2c76f5ab4ec7b5f3
2026-04-27T15:06:23.439Z - 📡 [TRAFFIC] 8:36:23 pm | GET /api/notifications?userId=69eafd0d2c76f5ab4ec7b5f3&role=admin
2026-04-27T15:06:23.448Z - 📡 [TRAFFIC] 8:36:23 pm | GET /api/admin/stats
2026-04-27T15:06:23.470Z - SOCKET_JOIN - Client nPXeOlQXgYnHV5l1AABG -> admins_pool
2026-04-27T15:06:23.472Z - SOCKET_JOIN - Client nPXeOlQXgYnHV5l1AABG -> user_69eafd0d2c76f5ab4ec7b5f3
2026-04-27T15:06:23.474Z - SOCKET_JOIN - Client nPXeOlQXgYnHV5l1AABG -> admins_pool
2026-04-27T15:06:23.517Z - 📡 [TRAFFIC] 8:36:23 pm | GET /api/notifications?userId=69eafd0d2c76f5ab4ec7b5f3&role=admin
2026-04-27T15:06:23.795Z - 📡 [TRAFFIC] 8:36:23 pm | GET /api/admin/stats
2026-04-27T15:06:50.141Z - 📡 [TRAFFIC] 8:36:50 pm | GET /api/admin/config
2026-04-27T15:06:50.309Z - 📡 [TRAFFIC] 8:36:50 pm | GET /api/admin/config
2026-04-27T15:07:08.227Z - 📡 [TRAFFIC] 8:37:08 pm | POST /api/admin/config
2026-04-27T15:07:08.281Z - 📡 [TRAFFIC] 8:37:08 pm | POST /api/admin/config
2026-04-27T15:07:08.287Z - 📡 [TRAFFIC] 8:37:08 pm | POST /api/admin/config
2026-04-27T15:07:08.295Z - 📡 [TRAFFIC] 8:37:08 pm | POST /api/admin/config
2026-04-27T15:07:08.301Z - 📡 [TRAFFIC] 8:37:08 pm | POST /api/admin/config
2026-04-27T15:07:08.403Z - 📡 [TRAFFIC] 8:37:08 pm | GET /api/admin/config
2026-04-27T15:07:27.037Z - 📡 [TRAFFIC] 8:37:27 pm | GET /api/orders/my?customerId=69ec93ce2c76f5ab4ec7cf64
2026-04-27T15:07:27.040Z - [DEBUG] Fetching orders for CustomerID: 69ec93ce2c76f5ab4ec7cf64. Detecting phone...
2026-04-27T15:07:27.135Z - [DEBUG] Found phone: 9999999991 for account 69ec93ce2c76f5ab4ec7cf64
2026-04-27T15:07:27.210Z - [DEBUG] Cross-account search for 9999999991. Found 1 linked IDs.
2026-04-27T15:07:27.452Z - [DEBUG] Orders found for 9999999991: 12
2026-04-27T15:07:27.466Z - 📡 [TRAFFIC] 8:37:27 pm | GET /api/orders/my?customerId=69ec93ce2c76f5ab4ec7cf64
2026-04-27T15:07:27.468Z - [DEBUG] Fetching orders for CustomerID: 69ec93ce2c76f5ab4ec7cf64. Detecting phone...
2026-04-27T15:07:27.591Z - [DEBUG] Found phone: 9999999991 for account 69ec93ce2c76f5ab4ec7cf64
2026-04-27T15:07:27.665Z - [DEBUG] Cross-account search for 9999999991. Found 1 linked IDs.
2026-04-27T15:07:27.865Z - [DEBUG] Orders found for 9999999991: 12
2026-04-27T15:07:28.301Z - 📡 [TRAFFIC] 8:37:28 pm | GET /api/admin/config
2026-04-27T15:07:28.309Z - 📡 [TRAFFIC] 8:37:28 pm | GET /api/master-services
2026-04-27T15:07:28.320Z - 📡 [TRAFFIC] 8:37:28 pm | GET /api/services?approvedOnly=true
2026-04-27T15:07:28.433Z - 📡 [TRAFFIC] 8:37:28 pm | GET /api/admin/config
2026-04-27T15:07:28.440Z - 📡 [TRAFFIC] 8:37:28 pm | GET /api/auth/profile/69ec93ce2c76f5ab4ec7cf64
2026-04-27T15:07:28.554Z - 📡 [TRAFFIC] 8:37:28 pm | GET /api/master-services
2026-04-27T15:07:28.559Z - 📡 [TRAFFIC] 8:37:28 pm | GET /api/services?approvedOnly=true
2026-04-27T15:07:28.628Z - 📡 [TRAFFIC] 8:37:28 pm | GET /api/auth/profile/69ec93ce2c76f5ab4ec7cf64
2026-04-27T15:07:35.649Z - 📡 [TRAFFIC] 8:37:35 pm | GET /api/admin/config
2026-04-27T15:07:35.656Z - 📡 [TRAFFIC] 8:37:35 pm | GET /api/master-services
2026-04-27T15:07:35.660Z - 📡 [TRAFFIC] 8:37:35 pm | GET /api/services?approvedOnly=true
2026-04-27T15:07:35.668Z - SOCKET_JOIN - Client 2Rl9Cn1O-7HX42OvAABI -> user_69ec93ce2c76f5ab4ec7cf64
2026-04-27T15:07:35.757Z - 📡 [TRAFFIC] 8:37:35 pm | GET /api/admin/config
2026-04-27T15:07:35.810Z - SOCKET_JOIN - Client 2Rl9Cn1O-7HX42OvAABI -> user_69ec93ce2c76f5ab4ec7cf64
2026-04-27T15:07:35.847Z - 📡 [TRAFFIC] 8:37:35 pm | GET /api/auth/profile/69ec93ce2c76f5ab4ec7cf64
2026-04-27T15:07:35.876Z - 📡 [TRAFFIC] 8:37:35 pm | GET /api/master-services
2026-04-27T15:07:35.884Z - 📡 [TRAFFIC] 8:37:35 pm | GET /api/services?approvedOnly=true
2026-04-27T15:07:35.962Z - 📡 [TRAFFIC] 8:37:35 pm | GET /api/auth/profile/69ec93ce2c76f5ab4ec7cf64
2026-04-27T15:27:58.281Z - SOCKET_JOIN - Client JgSB9JVirNWPXne3AABN -> user_69ec93ce2c76f5ab4ec7cf64
2026-04-27T15:28:03.210Z - 📡 [TRAFFIC] 8:58:03 pm | GET /api/orders/69ef48341134cf2f3a798dd7
2026-04-27T15:28:03.233Z - 📡 [TRAFFIC] 8:58:03 pm | GET /api/notifications?userId=69eafd0d2c76f5ab4ec7b5f3&role=admin
2026-04-27T15:28:03.261Z - 📡 [TRAFFIC] 8:58:03 pm | GET /api/admin/config
2026-04-27T15:44:54.636Z - 📡 [TRAFFIC] 9:14:54 pm | GET /api/orders/vendor?vendorId=69ec93ce2c76f5ab4ec7cf65
2026-04-27T15:44:54.656Z - 📡 [TRAFFIC] 9:14:54 pm | GET /api/orders/pool?vendorId=69ec93ce2c76f5ab4ec7cf65
2026-04-27T15:44:54.672Z - 📡 [TRAFFIC] 9:14:54 pm | GET /api/notifications?userId=69ec93ce2c76f5ab4ec7cf65&role=vendor
2026-04-27T15:44:58.223Z - SOCKET_JOIN - Client lFuSY6w6moj3EM88AABU -> user_69eafd0d2c76f5ab4ec7b5f3
2026-04-27T15:45:01.252Z - 📡 [TRAFFIC] 9:15:01 pm | GET /api/admin/config
2026-04-27T15:45:01.380Z - 📡 [TRAFFIC] 9:15:01 pm | GET /api/master-services
2026-04-27T15:45:01.650Z - 📡 [TRAFFIC] 9:15:01 pm | GET /api/services?approvedOnly=true
2026-04-27T15:45:03.427Z - SOCKET_JOIN - Client 7S3akYEaxZnzPuYGAABb -> vendors_pool
2026-04-27T15:45:03.435Z - 📡 [TRAFFIC] 9:15:03 pm | GET /api/notifications?userId=69ec93ce2c76f5ab4ec7cf65&role=vendor
2026-04-27T15:45:03.454Z - 📡 [TRAFFIC] 9:15:03 pm | GET /api/orders/vendor?vendorId=69ec93ce2c76f5ab4ec7cf65
2026-04-27T15:45:03.466Z - 📡 [TRAFFIC] 9:15:03 pm | GET /api/orders/pool?vendorId=69ec93ce2c76f5ab4ec7cf65
2026-04-27T15:45:04.528Z - SOCKET_JOIN - Client 7S3akYEaxZnzPuYGAABb -> user_69ec93ce2c76f5ab4ec7cf65
2026-04-27T15:45:04.553Z - SOCKET_JOIN - Client 7S3akYEaxZnzPuYGAABb -> vendors_pool
2026-04-27T15:45:04.571Z - SOCKET_JOIN - Client 7S3akYEaxZnzPuYGAABb -> user_69ec93ce2c76f5ab4ec7cf65
2026-04-27T15:45:06.186Z - 📡 [TRAFFIC] 9:15:06 pm | GET /api/admin/config
2026-04-27T15:45:06.200Z - 📡 [TRAFFIC] 9:15:06 pm | GET /api/master-services
2026-04-27T15:45:06.218Z - 📡 [TRAFFIC] 9:15:06 pm | GET /api/services?approvedOnly=true
2026-04-27T15:45:06.236Z - SOCKET_JOIN - Client pPHL1RHWvBmNyrlEAABd -> user_69ec93ce2c76f5ab4ec7cf64
2026-04-27T15:45:06.551Z - SOCKET_JOIN - Client pPHL1RHWvBmNyrlEAABd -> user_69ec93ce2c76f5ab4ec7cf64
2026-04-27T15:45:08.098Z - 📡 [TRAFFIC] 9:15:08 pm | GET /api/orders/69ef48341134cf2f3a798dd7
2026-04-27T15:45:08.112Z - SOCKET_JOIN - Client t83C8kdun1Tu5ixLAABh -> vendors_pool
2026-04-27T15:45:08.499Z - SOCKET_JOIN - Client t83C8kdun1Tu5ixLAABh -> user_69ec93ce2c76f5ab4ec7cf65
2026-04-27T15:45:08.516Z - SOCKET_JOIN - Client t83C8kdun1Tu5ixLAABh -> vendors_pool
2026-04-27T15:45:08.530Z - SOCKET_JOIN - Client t83C8kdun1Tu5ixLAABh -> user_69ec93ce2c76f5ab4ec7cf65
2026-04-27T15:45:09.036Z - 📡 [TRAFFIC] 9:15:09 pm | GET /api/notifications?userId=69eafd0d2c76f5ab4ec7b5f3&role=admin
2026-04-27T15:45:09.045Z - SOCKET_JOIN - Client vBeExZgNhGoiCg0DAABj -> user_69eafd0d2c76f5ab4ec7b5f3
2026-04-27T15:45:09.047Z - 📡 [TRAFFIC] 9:15:09 pm | GET /api/admin/config
2026-04-27T15:45:09.165Z - SOCKET_JOIN - Client vBeExZgNhGoiCg0DAABj -> admins_pool
2026-04-27T15:45:09.167Z - SOCKET_JOIN - Client vBeExZgNhGoiCg0DAABj -> user_69eafd0d2c76f5ab4ec7b5f3
2026-04-27T15:45:09.168Z - SOCKET_JOIN - Client vBeExZgNhGoiCg0DAABj -> admins_pool
2026-04-27T15:45:23.537Z - 📡 [TRAFFIC] 9:15:23 pm | GET /api/orders/vendor?vendorId=69ec93ce2c76f5ab4ec7cf65
2026-04-27T15:45:23.542Z - 📡 [TRAFFIC] 9:15:23 pm | GET /api/orders/pool?vendorId=69ec93ce2c76f5ab4ec7cf65
2026-04-27T15:45:23.545Z - 📡 [TRAFFIC] 9:15:23 pm | GET /api/notifications?userId=69ec93ce2c76f5ab4ec7cf65&role=vendor
2026-04-27T15:45:23.549Z - 📡 [TRAFFIC] 9:15:23 pm | GET /api/auth/profile/69ec93ce2c76f5ab4ec7cf64
2026-04-27T15:45:23.552Z - 📡 [TRAFFIC] 9:15:23 pm | GET /api/admin/config
2026-04-27T15:45:23.556Z - 📡 [TRAFFIC] 9:15:23 pm | GET /api/master-services
2026-04-27T15:45:23.559Z - 📡 [TRAFFIC] 9:15:23 pm | GET /api/services?approvedOnly=true
2026-04-27T15:45:23.563Z - 📡 [TRAFFIC] 9:15:23 pm | GET /api/notifications?userId=69eafd0d2c76f5ab4ec7b5f3&role=admin
2026-04-27T15:45:23.569Z - 📡 [TRAFFIC] 9:15:23 pm | GET /api/admin/config
2026-04-27T15:45:23.571Z - 📡 [TRAFFIC] 9:15:23 pm | GET /api/orders/69ef48341134cf2f3a798dd7
2026-04-27T15:45:23.746Z - 📡 [TRAFFIC] 9:15:23 pm | GET /api/auth/profile/69ec93ce2c76f5ab4ec7cf64
2026-04-27T15:47:07.136Z - SOCKET_JOIN - Client VliBxlFZEydc0zQUAABl -> user_69ec93ce2c76f5ab4ec7cf64
2026-04-27T15:47:07.164Z - SOCKET_JOIN - Client VliBxlFZEydc0zQUAABl -> user_69ec93ce2c76f5ab4ec7cf64
2026-04-27T16:28:58.416Z - SOCKET_JOIN - Client W253a6pAmfETh3VIAABq -> user_69ec93ce2c76f5ab4ec7cf64
2026-04-27T16:29:01.335Z - SOCKET_JOIN - Client yglXE85C6qRiu5QOAABs -> user_69ec93ce2c76f5ab4ec7cf64
2026-04-27T16:29:01.340Z - 📡 [TRAFFIC] 9:59:01 pm | GET /api/admin/config
2026-04-27T16:29:01.358Z - 📡 [TRAFFIC] 9:59:01 pm | GET /api/master-services
2026-04-27T16:29:01.362Z - 📡 [TRAFFIC] 9:59:01 pm | GET /api/services?approvedOnly=true
2026-04-27T16:29:01.467Z - SOCKET_JOIN - Client yglXE85C6qRiu5QOAABs -> user_69ec93ce2c76f5ab4ec7cf64
2026-04-27T16:29:03.430Z - SOCKET_JOIN - Client mTj9dg-LeGGWhf7oAABx -> user_69ec93ce2c76f5ab4ec7cf64
2026-04-27T16:29:04.984Z - 📡 [TRAFFIC] 9:59:04 pm | GET /api/orders/69ef48341134cf2f3a798dd7
2026-04-27T16:29:05.190Z - SOCKET_JOIN - Client SeUlva_U5U7rx1HaAAB1 -> vendors_pool
2026-04-27T16:29:05.350Z - SOCKET_JOIN - Client SeUlva_U5U7rx1HaAAB1 -> user_69ec93ce2c76f5ab4ec7cf65
2026-04-27T16:29:05.352Z - SOCKET_JOIN - Client SeUlva_U5U7rx1HaAAB1 -> vendors_pool
2026-04-27T16:29:05.360Z - SOCKET_JOIN - Client SeUlva_U5U7rx1HaAAB1 -> user_69ec93ce2c76f5ab4ec7cf65
2026-04-27T16:29:06.946Z - SOCKET_JOIN - Client TPdfAVxTS3kGhH2SAAB3 -> user_69ec93ce2c76f5ab4ec7cf64
2026-04-27T16:29:07.046Z - SOCKET_JOIN - Client TPdfAVxTS3kGhH2SAAB3 -> user_69ec93ce2c76f5ab4ec7cf64
2026-04-27T16:29:07.144Z - SOCKET_JOIN - Client EOwQjZOK10YxWIN6AAB6 -> user_69eafd0d2c76f5ab4ec7b5f3
2026-04-27T16:29:07.147Z - 📡 [TRAFFIC] 9:59:07 pm | GET /api/notifications?userId=69eafd0d2c76f5ab4ec7b5f3&role=admin
2026-04-27T16:29:07.160Z - 📡 [TRAFFIC] 9:59:07 pm | GET /api/admin/config
2026-04-27T16:29:07.182Z - SOCKET_JOIN - Client EOwQjZOK10YxWIN6AAB6 -> admins_pool
2026-04-27T16:29:07.184Z - SOCKET_JOIN - Client EOwQjZOK10YxWIN6AAB6 -> user_69eafd0d2c76f5ab4ec7b5f3
2026-04-27T16:29:07.185Z - SOCKET_JOIN - Client EOwQjZOK10YxWIN6AAB6 -> admins_pool
2026-04-27T16:29:07.387Z - 📡 [TRAFFIC] 9:59:07 pm | GET /api/orders/vendor?vendorId=69ec93ce2c76f5ab4ec7cf65
2026-04-27T16:29:07.392Z - 📡 [TRAFFIC] 9:59:07 pm | GET /api/orders/pool?vendorId=69ec93ce2c76f5ab4ec7cf65
2026-04-27T16:29:07.397Z - 📡 [TRAFFIC] 9:59:07 pm | GET /api/notifications?userId=69ec93ce2c76f5ab4ec7cf65&role=vendor
2026-04-27T16:29:07.404Z - SOCKET_JOIN - Client mbb2QSEUGkFncba_AAB7 -> vendors_pool
2026-04-27T16:29:07.611Z - SOCKET_JOIN - Client mbb2QSEUGkFncba_AAB7 -> user_69ec93ce2c76f5ab4ec7cf65
2026-04-27T16:29:07.613Z - SOCKET_JOIN - Client mbb2QSEUGkFncba_AAB7 -> vendors_pool
2026-04-27T16:29:07.614Z - SOCKET_JOIN - Client mbb2QSEUGkFncba_AAB7 -> user_69ec93ce2c76f5ab4ec7cf65
2026-04-27T16:29:21.418Z - 📡 [TRAFFIC] 9:59:21 pm | GET /api/notifications?userId=69eafd0d2c76f5ab4ec7b5f3&role=admin
2026-04-27T16:29:21.423Z - 📡 [TRAFFIC] 9:59:21 pm | GET /api/admin/config
2026-04-27T16:29:21.455Z - SOCKET_JOIN - Client gB9cd0LZljFdMpDwAACC -> user_69eafd0d2c76f5ab4ec7b5f3
2026-04-27T16:29:21.457Z - SOCKET_JOIN - Client gB9cd0LZljFdMpDwAACC -> admins_pool
2026-04-27T16:29:21.459Z - SOCKET_JOIN - Client gB9cd0LZljFdMpDwAACC -> user_69eafd0d2c76f5ab4ec7b5f3
2026-04-27T16:29:21.461Z - SOCKET_JOIN - Client gB9cd0LZljFdMpDwAACC -> admins_pool
2026-04-27T16:29:21.803Z - SOCKET_JOIN - Client ALL4q0cHDB8vv1udAACG -> vendors_pool
2026-04-27T16:29:21.815Z - 📡 [TRAFFIC] 9:59:21 pm | GET /api/orders/69ef48341134cf2f3a798dd7
2026-04-27T16:29:21.972Z - SOCKET_JOIN - Client ALL4q0cHDB8vv1udAACG -> user_69ec93ce2c76f5ab4ec7cf65
2026-04-27T16:29:21.995Z - SOCKET_JOIN - Client ALL4q0cHDB8vv1udAACG -> vendors_pool
2026-04-27T16:29:22.019Z - SOCKET_JOIN - Client ALL4q0cHDB8vv1udAACG -> user_69ec93ce2c76f5ab4ec7cf65
2026-04-27T16:29:22.323Z - SOCKET_JOIN - Client E9vKGX8UDXDpBauNAACH -> user_69ec93ce2c76f5ab4ec7cf64
2026-04-27T16:29:22.360Z - 📡 [TRAFFIC] 9:59:22 pm | GET /api/orders/vendor?vendorId=69ec93ce2c76f5ab4ec7cf65
2026-04-27T16:29:22.365Z - 📡 [TRAFFIC] 9:59:22 pm | GET /api/orders/pool?vendorId=69ec93ce2c76f5ab4ec7cf65
2026-04-27T16:29:22.413Z - SOCKET_JOIN - Client F_zdXGKtdncsiKWoAACE -> vendors_pool
2026-04-27T16:29:22.417Z - 📡 [TRAFFIC] 9:59:22 pm | GET /api/notifications?userId=69ec93ce2c76f5ab4ec7cf65&role=vendor
2026-04-27T16:29:22.450Z - SOCKET_JOIN - Client E9vKGX8UDXDpBauNAACH -> user_69ec93ce2c76f5ab4ec7cf64
2026-04-27T16:29:22.670Z - SOCKET_JOIN - Client F_zdXGKtdncsiKWoAACE -> user_69ec93ce2c76f5ab4ec7cf65
2026-04-27T16:29:22.672Z - SOCKET_JOIN - Client F_zdXGKtdncsiKWoAACE -> vendors_pool
2026-04-27T16:29:22.673Z - SOCKET_JOIN - Client F_zdXGKtdncsiKWoAACE -> user_69ec93ce2c76f5ab4ec7cf65
2026-04-27T16:29:22.961Z - 📡 [TRAFFIC] 9:59:22 pm | GET /api/admin/config
2026-04-27T16:29:22.967Z - 📡 [TRAFFIC] 9:59:22 pm | GET /api/master-services
2026-04-27T16:29:22.971Z - 📡 [TRAFFIC] 9:59:22 pm | GET /api/services?approvedOnly=true
2026-04-27T16:29:22.985Z - SOCKET_JOIN - Client MJtIErNJHIKo1LnYAACJ -> user_69ec93ce2c76f5ab4ec7cf64
2026-04-27T16:29:23.051Z - SOCKET_JOIN - Client MJtIErNJHIKo1LnYAACJ -> user_69ec93ce2c76f5ab4ec7cf64
2026-04-27T16:29:46.125Z - 📡 [TRAFFIC] 9:59:46 pm | GET /api/orders/69ef48341134cf2f3a798dd7
2026-04-27T16:29:46.131Z - 📡 [TRAFFIC] 9:59:46 pm | GET /api/orders/vendor?vendorId=69ec93ce2c76f5ab4ec7cf65
2026-04-27T16:29:46.138Z - 📡 [TRAFFIC] 9:59:46 pm | GET /api/orders/pool?vendorId=69ec93ce2c76f5ab4ec7cf65
2026-04-27T16:29:46.149Z - 📡 [TRAFFIC] 9:59:46 pm | GET /api/notifications?userId=69eafd0d2c76f5ab4ec7b5f3&role=admin
2026-04-27T16:29:46.156Z - 📡 [TRAFFIC] 9:59:46 pm | GET /api/notifications?userId=69ec93ce2c76f5ab4ec7cf65&role=vendor
2026-04-27T16:29:46.160Z - 📡 [TRAFFIC] 9:59:46 pm | GET /api/admin/config
2026-04-28T03:58:22.623Z - SOCKET_JOIN - Client -Mvy-xtflAVD5mSfAACQ -> vendors_pool
2026-04-28T03:58:22.900Z - 📡 [TRAFFIC] 9:28:22 am | GET /api/orders/vendor?vendorId=69ec93ce2c76f5ab4ec7cf65
2026-04-28T03:58:22.913Z - 📡 [TRAFFIC] 9:28:22 am | GET /api/notifications?userId=69ec93ce2c76f5ab4ec7cf65&role=vendor
2026-04-28T03:58:22.919Z - 📡 [TRAFFIC] 9:28:22 am | GET /api/orders/pool?vendorId=69ec93ce2c76f5ab4ec7cf65
2026-04-28T03:58:23.837Z - SOCKET_JOIN - Client -Mvy-xtflAVD5mSfAACQ -> user_69ec93ce2c76f5ab4ec7cf65
2026-04-28T03:58:23.838Z - SOCKET_JOIN - Client -Mvy-xtflAVD5mSfAACQ -> vendors_pool
2026-04-28T03:58:23.855Z - SOCKET_JOIN - Client -Mvy-xtflAVD5mSfAACQ -> user_69ec93ce2c76f5ab4ec7cf65
2026-04-28T03:58:29.946Z - 📡 [TRAFFIC] 9:28:29 am | GET /api/admin/config
2026-04-28T03:58:29.951Z - 📡 [TRAFFIC] 9:28:29 am | GET /api/notifications?userId=69eafd0d2c76f5ab4ec7b5f3&role=admin
2026-04-28T03:58:29.955Z - SOCKET_JOIN - Client 5i8pQ1C2s5p2g6DvAACW -> user_69eafd0d2c76f5ab4ec7b5f3
2026-04-28T03:58:31.207Z - SOCKET_JOIN - Client 587GIrZxS6X-qyZ0AACZ -> vendors_pool
2026-04-28T03:58:31.209Z - SOCKET_JOIN - Client 587GIrZxS6X-qyZ0AACZ -> user_69ec93ce2c76f5ab4ec7cf65
2026-04-28T03:58:31.210Z - SOCKET_JOIN - Client 587GIrZxS6X-qyZ0AACZ -> vendors_pool
2026-04-28T03:58:31.211Z - SOCKET_JOIN - Client 587GIrZxS6X-qyZ0AACZ -> user_69ec93ce2c76f5ab4ec7cf65
2026-04-28T03:58:31.384Z - SOCKET_JOIN - Client jKHHeVpu-LmsMrwDAACa -> user_69ec93ce2c76f5ab4ec7cf64
2026-04-28T03:58:31.702Z - SOCKET_JOIN - Client 5i8pQ1C2s5p2g6DvAACW -> admins_pool
2026-04-28T03:58:31.703Z - SOCKET_JOIN - Client 5i8pQ1C2s5p2g6DvAACW -> user_69eafd0d2c76f5ab4ec7b5f3
2026-04-28T03:58:31.705Z - SOCKET_JOIN - Client 5i8pQ1C2s5p2g6DvAACW -> admins_pool
2026-04-28T03:58:32.089Z - 📡 [TRAFFIC] 9:28:32 am | GET /api/admin/config
2026-04-28T03:58:32.099Z - 📡 [TRAFFIC] 9:28:32 am | GET /api/master-services
2026-04-28T03:58:32.103Z - 📡 [TRAFFIC] 9:28:32 am | GET /api/services?approvedOnly=true
2026-04-28T03:58:32.118Z - SOCKET_JOIN - Client UY5wf2afVuArSMGDAACc -> user_69ec93ce2c76f5ab4ec7cf64
2026-04-28T03:58:32.309Z - SOCKET_JOIN - Client UY5wf2afVuArSMGDAACc -> user_69ec93ce2c76f5ab4ec7cf64
2026-04-28T03:58:47.047Z - 📡 [TRAFFIC] 9:28:47 am | GET /api/notifications?userId=69eafd0d2c76f5ab4ec7b5f3&role=admin
2026-04-28T03:58:47.050Z - 📡 [TRAFFIC] 9:28:47 am | GET /api/admin/config
2026-04-28T03:58:52.198Z - 📡 [TRAFFIC] 9:28:52 am | GET /api/admin/config
2026-04-28T03:58:52.202Z - 📡 [TRAFFIC] 9:28:52 am | GET /api/master-services
2026-04-28T03:58:52.275Z - 📡 [TRAFFIC] 9:28:52 am | GET /api/services?approvedOnly=true
2026-04-28T04:09:56.042Z - 📡 [TRAFFIC] 9:39:56 am | GET /api/orders/vendor?vendorId=69ec93ce2c76f5ab4ec7cf65
2026-04-28T04:09:56.046Z - 📡 [TRAFFIC] 9:39:56 am | GET /api/orders/pool?vendorId=69ec93ce2c76f5ab4ec7cf65
2026-04-28T04:09:56.049Z - 📡 [TRAFFIC] 9:39:56 am | GET /api/notifications?userId=69ec93ce2c76f5ab4ec7cf65&role=vendor
2026-04-28T04:09:56.052Z - SOCKET_JOIN - Client tuHbxSL_V8MUi7IKAACe -> vendors_pool
2026-04-28T04:09:56.079Z - SOCKET_JOIN - Client tuHbxSL_V8MUi7IKAACe -> user_69ec93ce2c76f5ab4ec7cf65
2026-04-28T04:09:56.080Z - SOCKET_JOIN - Client tuHbxSL_V8MUi7IKAACe -> vendors_pool
2026-04-28T04:09:56.080Z - SOCKET_JOIN - Client tuHbxSL_V8MUi7IKAACe -> user_69ec93ce2c76f5ab4ec7cf65
2026-04-28T04:09:57.102Z - 📡 [TRAFFIC] 9:39:57 am | GET /api/orders/pool?vendorId=69ec93ce2c76f5ab4ec7cf65
2026-04-28T04:09:57.175Z - 📡 [TRAFFIC] 9:39:57 am | GET /api/orders/vendor?vendorId=69ec93ce2c76f5ab4ec7cf65
2026-04-28T04:09:57.951Z - 📡 [TRAFFIC] 9:39:57 am | GET /api/notifications?userId=69ec93ce2c76f5ab4ec7cf65&role=vendor
2026-04-28T04:10:17.469Z - 📡 [TRAFFIC] 9:40:17 am | GET /api/admin/config
2026-04-28T04:23:27.407Z - 📡 [TRAFFIC] 9:53:27 am | GET /api/orders/vendor?vendorId=69ec93ce2c76f5ab4ec7cf65
2026-04-28T04:23:27.411Z - 📡 [TRAFFIC] 9:53:27 am | GET /api/orders/pool?vendorId=69ec93ce2c76f5ab4ec7cf65
2026-04-28T04:23:27.414Z - 📡 [TRAFFIC] 9:53:27 am | GET /api/notifications?userId=69ec93ce2c76f5ab4ec7cf65&role=vendor
2026-04-28T04:25:53.160Z - 📡 [TRAFFIC] 9:55:53 am | GET /api/orders/vendor?vendorId=69ec93ce2c76f5ab4ec7cf65
2026-04-28T04:25:53.165Z - 📡 [TRAFFIC] 9:55:53 am | GET /api/orders/pool?vendorId=69ec93ce2c76f5ab4ec7cf65
2026-04-28T04:25:53.167Z - 📡 [TRAFFIC] 9:55:53 am | GET /api/notifications?userId=69ec93ce2c76f5ab4ec7cf65&role=vendor
2026-04-28T04:25:53.170Z - SOCKET_JOIN - Client OnveW9joLMg6pmNeAACg -> vendors_pool
2026-04-28T04:25:53.211Z - SOCKET_JOIN - Client OnveW9joLMg6pmNeAACg -> user_69ec93ce2c76f5ab4ec7cf65
2026-04-28T04:25:53.212Z - SOCKET_JOIN - Client OnveW9joLMg6pmNeAACg -> vendors_pool
2026-04-28T04:25:53.213Z - SOCKET_JOIN - Client OnveW9joLMg6pmNeAACg -> user_69ec93ce2c76f5ab4ec7cf65
2026-04-28T04:25:53.368Z - 📡 [TRAFFIC] 9:55:53 am | GET /api/notifications?userId=69ec93ce2c76f5ab4ec7cf65&role=vendor
2026-04-28T04:25:53.483Z - 📡 [TRAFFIC] 9:55:53 am | GET /api/orders/pool?vendorId=69ec93ce2c76f5ab4ec7cf65
2026-04-28T04:25:53.583Z - 📡 [TRAFFIC] 9:55:53 am | GET /api/orders/vendor?vendorId=69ec93ce2c76f5ab4ec7cf65
2026-04-28T04:26:39.711Z - 📡 [TRAFFIC] 9:56:39 am | POST /api/auth/request-otp
2026-04-28T04:26:43.281Z - 📡 [TRAFFIC] 9:56:43 am | POST /api/auth/verify-otp
2026-04-28T04:26:44.120Z - 📡 [TRAFFIC] 9:56:44 am | GET /api/admin/config
2026-04-28T04:26:44.125Z - 📡 [TRAFFIC] 9:56:44 am | GET /api/master-services
2026-04-28T04:26:44.130Z - 📡 [TRAFFIC] 9:56:44 am | GET /api/services?approvedOnly=true
2026-04-28T04:26:44.134Z - SOCKET_JOIN - Client ExnhFIhVBnUebUk2AACi -> user_69ec93ce2c76f5ab4ec7cf64
2026-04-28T04:26:44.161Z - SOCKET_JOIN - Client ExnhFIhVBnUebUk2AACi -> user_69ec93ce2c76f5ab4ec7cf64
2026-04-28T04:26:44.251Z - 📡 [TRAFFIC] 9:56:44 am | GET /api/admin/config
2026-04-28T04:26:44.264Z - 📡 [TRAFFIC] 9:56:44 am | GET /api/auth/profile/69ec93ce2c76f5ab4ec7cf64
2026-04-28T04:26:44.346Z - 📡 [TRAFFIC] 9:56:44 am | GET /api/master-services
2026-04-28T04:26:44.349Z - 📡 [TRAFFIC] 9:56:44 am | GET /api/services?approvedOnly=true
2026-04-28T04:26:46.102Z - 📡 [TRAFFIC] 9:56:46 am | GET /api/auth/profile/69ec93ce2c76f5ab4ec7cf64
2026-04-28T04:26:50.156Z - 📡 [TRAFFIC] 9:56:50 am | GET /api/orders/my?customerId=69ec93ce2c76f5ab4ec7cf64
2026-04-28T04:26:50.157Z - [DEBUG] Fetching orders for CustomerID: 69ec93ce2c76f5ab4ec7cf64. Detecting phone...
2026-04-28T04:26:50.245Z - [DEBUG] Found phone: 9999999991 for account 69ec93ce2c76f5ab4ec7cf64
2026-04-28T04:26:50.345Z - [DEBUG] Cross-account search for 9999999991. Found 1 linked IDs.
2026-04-28T04:26:50.604Z - [DEBUG] Orders found for 9999999991: 12
2026-04-28T04:26:50.610Z - 📡 [TRAFFIC] 9:56:50 am | GET /api/orders/my?customerId=69ec93ce2c76f5ab4ec7cf64
2026-04-28T04:26:50.611Z - [DEBUG] Fetching orders for CustomerID: 69ec93ce2c76f5ab4ec7cf64. Detecting phone...
2026-04-28T04:26:50.730Z - [DEBUG] Found phone: 9999999991 for account 69ec93ce2c76f5ab4ec7cf64
2026-04-28T04:26:50.820Z - [DEBUG] Cross-account search for 9999999991. Found 1 linked IDs.
2026-04-28T04:26:51.019Z - [DEBUG] Orders found for 9999999991: 12
2026-04-28T04:30:09.176Z - 📡 [TRAFFIC] 10:00:09 am | GET /api/orders/my?customerId=69ec93ce2c76f5ab4ec7cf64
2026-04-28T04:30:09.177Z - [DEBUG] Fetching orders for CustomerID: 69ec93ce2c76f5ab4ec7cf64. Detecting phone...
2026-04-28T04:30:09.325Z - [DEBUG] Found phone: 9999999991 for account 69ec93ce2c76f5ab4ec7cf64
2026-04-28T04:30:09.464Z - [DEBUG] Cross-account search for 9999999991. Found 1 linked IDs.
2026-04-28T04:30:09.769Z - [DEBUG] Orders found for 9999999991: 12
2026-04-28T04:30:09.778Z - 📡 [TRAFFIC] 10:00:09 am | GET /api/orders/my?customerId=69ec93ce2c76f5ab4ec7cf64
2026-04-28T04:30:09.778Z - [DEBUG] Fetching orders for CustomerID: 69ec93ce2c76f5ab4ec7cf64. Detecting phone...
2026-04-28T04:30:09.905Z - [DEBUG] Found phone: 9999999991 for account 69ec93ce2c76f5ab4ec7cf64
2026-04-28T04:30:09.984Z - [DEBUG] Cross-account search for 9999999991. Found 1 linked IDs.
2026-04-28T04:30:10.177Z - [DEBUG] Orders found for 9999999991: 12
2026-04-28T04:54:40.699Z - 🚀 SERVER RESTARTED AT 2026-04-28T04:54:40.698Z ON PORT 5001
2026-04-28T04:54:40.751Z - SOCKET_JOIN - Client KYSIgfPekajrOQZAAAAG -> user_69ec93ce2c76f5ab4ec7cf64
2026-04-28T04:54:40.754Z - SOCKET_JOIN - Client TSRBXjvaG0sbwBlmAAAE -> user_69ec93ce2c76f5ab4ec7cf64
2026-04-28T09:40:14.376Z - 🚀 SERVER RESTARTED AT 2026-04-28T09:40:14.375Z ON PORT 5001
2026-04-28T09:40:14.482Z - SOCKET_JOIN - Client 2m2HspgWTIqABnTFAAAC -> user_69ec93ce2c76f5ab4ec7cf64
2026-04-28T09:40:14.488Z - SOCKET_JOIN - Client 4S9D0aL0cItSWBXTAAAD -> user_69ec93ce2c76f5ab4ec7cf64
2026-04-28T09:43:36.209Z - 📡 [TRAFFIC] 3:13:36 pm | GET /api/ads/active
2026-04-28T09:43:36.308Z - 📡 [TRAFFIC] 3:13:36 pm | GET /api/ads/active
2026-04-28T09:43:36.339Z - 📡 [TRAFFIC] 3:13:36 pm | GET /uploads//uploads/ads/ad-1776840922950-642798316.mp4
2026-04-28T09:43:40.901Z - SOCKET_JOIN - Client lIWukFBAnFBMAz7MAAAN -> user_69ec93ce2c76f5ab4ec7cf64
2026-04-28T09:43:40.916Z - SOCKET_JOIN - Client lIWukFBAnFBMAz7MAAAN -> user_69ec93ce2c76f5ab4ec7cf64
2026-04-28T09:43:45.145Z - 📡 [TRAFFIC] 3:13:45 pm | POST /api/auth/request-otp
2026-04-28T09:43:47.815Z - 📡 [TRAFFIC] 3:13:47 pm | POST /api/auth/verify-otp
2026-04-28T09:43:48.409Z - 📡 [TRAFFIC] 3:13:48 pm | GET /api/admin/config
2026-04-28T09:43:48.414Z - SOCKET_JOIN - Client bH6_AC0_Xl8E6mBfAAAP -> user_69ec93ce2c76f5ab4ec7cf64
2026-04-28T09:43:48.416Z - 📡 [TRAFFIC] 3:13:48 pm | GET /api/master-services
2026-04-28T09:43:48.423Z - 📡 [TRAFFIC] 3:13:48 pm | GET /api/services?approvedOnly=true
2026-04-28T09:43:48.431Z - SOCKET_JOIN - Client bH6_AC0_Xl8E6mBfAAAP -> user_69ec93ce2c76f5ab4ec7cf64
2026-04-28T09:43:48.517Z - 📡 [TRAFFIC] 3:13:48 pm | GET /api/admin/config
2026-04-28T09:43:48.521Z - 📡 [TRAFFIC] 3:13:48 pm | GET /api/auth/profile/69ec93ce2c76f5ab4ec7cf64
2026-04-28T09:43:48.625Z - 📡 [TRAFFIC] 3:13:48 pm | GET /api/services?approvedOnly=true
2026-04-28T09:43:48.629Z - 📡 [TRAFFIC] 3:13:48 pm | GET /api/master-services
2026-04-28T09:43:48.631Z - 📡 [TRAFFIC] 3:13:48 pm | GET /api/auth/profile/69ec93ce2c76f5ab4ec7cf64
2026-04-28T10:00:45.068Z - 📡 [TRAFFIC] 3:30:45 pm | GET /api/admin/config
2026-04-28T10:00:45.071Z - 📡 [TRAFFIC] 3:30:45 pm | GET /api/master-services
2026-04-28T10:00:45.074Z - 📡 [TRAFFIC] 3:30:45 pm | GET /api/services?approvedOnly=true
2026-04-28T10:00:46.034Z - 📡 [TRAFFIC] 3:30:46 pm | GET /api/admin/config
2026-04-28T10:00:46.039Z - 📡 [TRAFFIC] 3:30:46 pm | GET /api/auth/profile/69ec93ce2c76f5ab4ec7cf64
2026-04-28T10:00:46.954Z - 📡 [TRAFFIC] 3:30:46 pm | GET /api/master-services
2026-04-28T10:00:46.957Z - 📡 [TRAFFIC] 3:30:46 pm | GET /api/services?approvedOnly=true
2026-04-28T10:00:46.961Z - 📡 [TRAFFIC] 3:30:46 pm | GET /api/auth/profile/69ec93ce2c76f5ab4ec7cf64
2026-04-28T10:16:28.505Z - SOCKET_JOIN - Client bH6_AC0_Xl8E6mBfAAAP -> user_69ec93ce2c76f5ab4ec7cf64
2026-04-28T10:18:33.395Z - 📡 [TRAFFIC] 3:48:33 pm | GET /api/admin/config
2026-04-28T10:18:33.528Z - 📡 [TRAFFIC] 3:48:33 pm | GET /api/auth/profile/69ec93ce2c76f5ab4ec7cf64
2026-04-28T10:18:42.231Z - 📡 [TRAFFIC] 3:48:42 pm | GET /api/admin/config
2026-04-28T10:18:42.234Z - 📡 [TRAFFIC] 3:48:42 pm | GET /api/master-services
2026-04-28T10:18:42.237Z - 📡 [TRAFFIC] 3:48:42 pm | GET /api/services?approvedOnly=true
2026-04-28T10:18:42.239Z - 📡 [TRAFFIC] 3:48:42 pm | GET /api/categories/main
2026-04-28T10:18:42.242Z - SOCKET_JOIN - Client bH6_AC0_Xl8E6mBfAAAP -> user_69ec93ce2c76f5ab4ec7cf64
2026-04-28T10:18:42.253Z - 📡 [TRAFFIC] 3:48:42 pm | GET /api/categories/main
2026-04-28T10:18:42.257Z - SOCKET_JOIN - Client bH6_AC0_Xl8E6mBfAAAP -> user_69ec93ce2c76f5ab4ec7cf64
2026-04-28T10:18:42.375Z - 📡 [TRAFFIC] 3:48:42 pm | GET /api/admin/config
2026-04-28T10:18:42.418Z - 📡 [TRAFFIC] 3:48:42 pm | GET /api/auth/profile/69ec93ce2c76f5ab4ec7cf64
2026-04-28T10:18:42.574Z - 📡 [TRAFFIC] 3:48:42 pm | GET /api/master-services
2026-04-28T10:18:42.587Z - 📡 [TRAFFIC] 3:48:42 pm | GET /api/services?approvedOnly=true
2026-04-28T10:18:42.624Z - 📡 [TRAFFIC] 3:48:42 pm | GET /api/auth/profile/69ec93ce2c76f5ab4ec7cf64
2026-04-28T10:19:44.446Z - SOCKET_JOIN - Client Nr80xQ8on4ynzSyAAAAR -> user_69eafd0d2c76f5ab4ec7b5f3
2026-04-28T10:19:44.451Z - 📡 [TRAFFIC] 3:49:44 pm | GET /api/notifications?userId=69eafd0d2c76f5ab4ec7b5f3&role=admin
2026-04-28T10:19:44.457Z - 📡 [TRAFFIC] 3:49:44 pm | GET /api/admin/config
2026-04-28T10:19:44.464Z - SOCKET_JOIN - Client Nr80xQ8on4ynzSyAAAAR -> admins_pool
2026-04-28T10:19:44.467Z - SOCKET_JOIN - Client Nr80xQ8on4ynzSyAAAAR -> user_69eafd0d2c76f5ab4ec7b5f3
2026-04-28T10:19:44.468Z - SOCKET_JOIN - Client Nr80xQ8on4ynzSyAAAAR -> admins_pool
2026-04-28T10:19:44.560Z - 📡 [TRAFFIC] 3:49:44 pm | GET /api/admin/config
2026-04-28T10:19:44.564Z - 📡 [TRAFFIC] 3:49:44 pm | GET /api/notifications?userId=69eafd0d2c76f5ab4ec7b5f3&role=admin
2026-04-28T10:20:12.388Z - 📡 [TRAFFIC] 3:50:12 pm | GET /api/categories
2026-04-28T10:20:12.391Z - 📡 [TRAFFIC] 3:50:12 pm | GET /api/categories
2026-04-28T10:21:13.474Z - SOCKET_JOIN - Client bH6_AC0_Xl8E6mBfAAAP -> user_69ec93ce2c76f5ab4ec7cf64
2026-04-28T10:22:12.740Z - 🚀 SERVER RESTARTED AT 2026-04-28T10:22:12.739Z ON PORT 5001
2026-04-28T10:22:12.793Z - SOCKET_JOIN - Client uW4QgjH4_lEmXPxsAAAF -> user_69ec93ce2c76f5ab4ec7cf64
2026-04-28T10:22:12.926Z - SOCKET_JOIN - Client KZgjDWf-aiu377zvAAAD -> user_69ec93ce2c76f5ab4ec7cf64
2026-04-28T10:22:12.930Z - SOCKET_JOIN - Client gHGmex1DuHxtwNP-AAAE -> user_69ec93ce2c76f5ab4ec7cf64
2026-04-28T10:22:55.526Z - 📡 [TRAFFIC] 3:52:55 pm | GET /api/admin/config
2026-04-28T10:22:55.535Z - 📡 [TRAFFIC] 3:52:55 pm | GET /api/master-services
2026-04-28T10:22:55.543Z - 📡 [TRAFFIC] 3:52:55 pm | GET /api/services?approvedOnly=true
2026-04-28T10:22:55.549Z - 📡 [TRAFFIC] 3:52:55 pm | GET /api/categories/main
2026-04-28T10:22:55.556Z - SOCKET_JOIN - Client jCKCTUII5Xw_7MBiAAAN -> user_69ec93ce2c76f5ab4ec7cf64
2026-04-28T10:22:55.667Z - SOCKET_JOIN - Client jCKCTUII5Xw_7MBiAAAN -> user_69ec93ce2c76f5ab4ec7cf64
2026-04-28T10:22:55.668Z - 📡 [TRAFFIC] 3:52:55 pm | GET /api/admin/config
2026-04-28T10:22:55.673Z - 📡 [TRAFFIC] 3:52:55 pm | GET /api/auth/profile/69ec93ce2c76f5ab4ec7cf64
2026-04-28T10:22:55.731Z - 📡 [TRAFFIC] 3:52:55 pm | GET /api/master-services
2026-04-28T10:22:55.746Z - 📡 [TRAFFIC] 3:52:55 pm | GET /api/categories/main
2026-04-28T10:22:55.862Z - 📡 [TRAFFIC] 3:52:55 pm | GET /api/services?approvedOnly=true
2026-04-28T10:22:55.897Z - 📡 [TRAFFIC] 3:52:55 pm | GET /api/auth/profile/69ec93ce2c76f5ab4ec7cf64
2026-04-28T10:26:01.012Z - 📡 [TRAFFIC] 3:56:01 pm | GET /api/notifications?userId=69eafd0d2c76f5ab4ec7b5f3&role=admin
2026-04-28T10:26:01.018Z - SOCKET_JOIN - Client DRZUgelSxrLkxR_4AAAP -> user_69eafd0d2c76f5ab4ec7b5f3
2026-04-28T10:26:01.022Z - 📡 [TRAFFIC] 3:56:01 pm | GET /api/categories
2026-04-28T10:26:01.108Z - 📡 [TRAFFIC] 3:56:01 pm | GET /api/categories
2026-04-28T10:26:01.111Z - 📡 [TRAFFIC] 3:56:01 pm | GET /api/notifications?userId=69eafd0d2c76f5ab4ec7b5f3&role=admin
2026-04-28T10:26:01.127Z - SOCKET_JOIN - Client DRZUgelSxrLkxR_4AAAP -> admins_pool
2026-04-28T10:26:01.128Z - SOCKET_JOIN - Client DRZUgelSxrLkxR_4AAAP -> user_69eafd0d2c76f5ab4ec7b5f3
2026-04-28T10:26:01.128Z - SOCKET_JOIN - Client DRZUgelSxrLkxR_4AAAP -> admins_pool
2026-04-28T10:30:35.144Z - 📡 [TRAFFIC] 4:00:35 pm | POST /api/categories/bulk-upload
2026-04-28T10:30:43.760Z - 📡 [TRAFFIC] 4:00:43 pm | POST /api/categories/bulk-upload
2026-04-28T10:30:49.064Z - 📡 [TRAFFIC] 4:00:49 pm | GET /api/categories
2026-04-28T10:30:52.515Z - 📡 [TRAFFIC] 4:00:52 pm | GET /api/categories
2026-04-28T10:54:17.022Z - 📡 [TRAFFIC] 4:24:17 pm | GET /api/admin/config
2026-04-28T10:54:17.031Z - 📡 [TRAFFIC] 4:24:17 pm | GET /api/master-services
2026-04-28T10:54:17.036Z - 📡 [TRAFFIC] 4:24:17 pm | GET /api/services?approvedOnly=true
2026-04-28T10:54:17.041Z - 📡 [TRAFFIC] 4:24:17 pm | GET /api/categories/main
2026-04-28T10:54:17.046Z - SOCKET_JOIN - Client iUIcJRqIJQkokBpaAAAR -> user_69ec93ce2c76f5ab4ec7cf64
2026-04-28T10:54:17.067Z - SOCKET_JOIN - Client iUIcJRqIJQkokBpaAAAR -> user_69ec93ce2c76f5ab4ec7cf64
2026-04-28T10:54:17.133Z - 📡 [TRAFFIC] 4:24:17 pm | GET /api/admin/config
2026-04-28T10:54:17.135Z - 📡 [TRAFFIC] 4:24:17 pm | GET /api/categories/main
2026-04-28T10:54:17.137Z - 📡 [TRAFFIC] 4:24:17 pm | GET /api/master-services
2026-04-28T10:54:17.216Z - 📡 [TRAFFIC] 4:24:17 pm | GET /api/services?approvedOnly=true
2026-04-28T10:54:17.221Z - 📡 [TRAFFIC] 4:24:17 pm | GET /api/auth/profile/69ec93ce2c76f5ab4ec7cf64
2026-04-28T10:54:17.367Z - 📡 [TRAFFIC] 4:24:17 pm | GET /api/auth/profile/69ec93ce2c76f5ab4ec7cf64
2026-04-28T10:54:24.198Z - 📡 [TRAFFIC] 4:24:24 pm | GET /api/categories/sub/69f08c4b4a429c9e04165903
2026-04-28T10:54:27.084Z - 📡 [TRAFFIC] 4:24:27 pm | GET /api/categories/sub/69f08c4b4a429c9e04165907
2026-04-28T10:54:28.859Z - 📡 [TRAFFIC] 4:24:28 pm | GET /api/categories/sub/69f08c4c4a429c9e0416590b
2026-04-28T10:54:30.247Z - 📡 [TRAFFIC] 4:24:30 pm | GET /api/categories/sub/69f08c4c4a429c9e0416590f
2026-04-28T10:54:31.237Z - 📡 [TRAFFIC] 4:24:31 pm | GET /api/categories/sub/69f08c504a429c9e0416591b
2026-04-28T10:54:37.602Z - 📡 [TRAFFIC] 4:24:37 pm | GET /api/categories/sub/69f08c524a429c9e0416591f
2026-04-28T11:05:06.516Z - SOCKET_JOIN - Client iUIcJRqIJQkokBpaAAAR -> user_69ec93ce2c76f5ab4ec7cf64
2026-04-28T11:05:51.152Z - 📡 [TRAFFIC] 4:35:51 pm | DELETE /api/categories/clear-all
2026-04-28T11:05:51.159Z - 📡 [TRAFFIC] 4:35:51 pm | GET /api/categories
2026-04-28T11:05:54.851Z - 📡 [TRAFFIC] 4:35:54 pm | GET /api/notifications?userId=69eafd0d2c76f5ab4ec7b5f3&role=admin
2026-04-28T11:05:54.856Z - SOCKET_JOIN - Client XJum5jSRo5ZAD0BTAAAT -> user_69eafd0d2c76f5ab4ec7b5f3
2026-04-28T11:05:54.859Z - 📡 [TRAFFIC] 4:35:54 pm | GET /api/categories
2026-04-28T11:05:54.866Z - SOCKET_JOIN - Client XJum5jSRo5ZAD0BTAAAT -> admins_pool
2026-04-28T11:05:54.869Z - SOCKET_JOIN - Client XJum5jSRo5ZAD0BTAAAT -> user_69eafd0d2c76f5ab4ec7b5f3
2026-04-28T11:05:54.873Z - SOCKET_JOIN - Client XJum5jSRo5ZAD0BTAAAT -> admins_pool
2026-04-28T11:05:54.921Z - 📡 [TRAFFIC] 4:35:54 pm | GET /api/notifications?userId=69eafd0d2c76f5ab4ec7b5f3&role=admin
2026-04-28T11:05:54.980Z - 📡 [TRAFFIC] 4:35:54 pm | GET /api/categories
2026-04-28T11:05:57.554Z - 📡 [TRAFFIC] 4:35:57 pm | DELETE /api/categories/69f08c4b4a429c9e04165903
2026-04-28T11:05:57.762Z - 📡 [TRAFFIC] 4:35:57 pm | GET /api/categories
2026-04-28T11:06:49.472Z - 📡 [TRAFFIC] 4:36:49 pm | DELETE /api/categories/clear-all
2026-04-28T11:06:49.479Z - 📡 [TRAFFIC] 4:36:49 pm | GET /api/categories
2026-04-28T11:06:53.026Z - 📡 [TRAFFIC] 4:36:53 pm | DELETE /api/categories/clear-all
2026-04-28T11:06:53.031Z - 📡 [TRAFFIC] 4:36:53 pm | GET /api/categories
2026-04-28T11:06:55.748Z - 📡 [TRAFFIC] 4:36:55 pm | DELETE /api/categories/69f08c4b4a429c9e04165907
2026-04-28T11:06:55.881Z - 📡 [TRAFFIC] 4:36:55 pm | GET /api/categories
2026-04-28T11:06:57.922Z - 📡 [TRAFFIC] 4:36:57 pm | DELETE /api/categories/69f08c4c4a429c9e0416590b
2026-04-28T11:06:58.094Z - 📡 [TRAFFIC] 4:36:58 pm | GET /api/categories
2026-04-28T11:07:00.294Z - 📡 [TRAFFIC] 4:37:00 pm | DELETE /api/categories/69f08c4c4a429c9e0416590f
2026-04-28T11:07:00.413Z - 📡 [TRAFFIC] 4:37:00 pm | GET /api/categories
2026-04-28T11:07:02.446Z - 📡 [TRAFFIC] 4:37:02 pm | DELETE /api/categories/69f08c504a429c9e0416591b
2026-04-28T11:07:04.835Z - 📡 [TRAFFIC] 4:37:04 pm | DELETE /api/categories/69f08c504a429c9e0416591b
2026-04-28T11:07:07.035Z - 📡 [TRAFFIC] 4:37:07 pm | DELETE /api/categories/69f08c504a429c9e0416591b
2026-04-28T11:07:09.625Z - 📡 [TRAFFIC] 4:37:09 pm | DELETE /api/categories/69f08c504a429c9e0416591b
2026-04-28T11:07:12.331Z - 📡 [TRAFFIC] 4:37:12 pm | GET /api/notifications?userId=69eafd0d2c76f5ab4ec7b5f3&role=admin
2026-04-28T11:07:12.335Z - SOCKET_JOIN - Client D48ILxuaiIAZKQzjAAAV -> user_69eafd0d2c76f5ab4ec7b5f3
2026-04-28T11:07:12.337Z - 📡 [TRAFFIC] 4:37:12 pm | GET /api/categories
2026-04-28T11:07:12.413Z - 📡 [TRAFFIC] 4:37:12 pm | GET /api/notifications?userId=69eafd0d2c76f5ab4ec7b5f3&role=admin
2026-04-28T11:07:12.448Z - SOCKET_JOIN - Client D48ILxuaiIAZKQzjAAAV -> admins_pool
2026-04-28T11:07:12.448Z - SOCKET_JOIN - Client D48ILxuaiIAZKQzjAAAV -> user_69eafd0d2c76f5ab4ec7b5f3
2026-04-28T11:07:12.449Z - SOCKET_JOIN - Client D48ILxuaiIAZKQzjAAAV -> admins_pool
2026-04-28T11:07:12.480Z - 📡 [TRAFFIC] 4:37:12 pm | GET /api/categories
2026-04-28T11:07:15.683Z - 📡 [TRAFFIC] 4:37:15 pm | DELETE /api/categories/69f08c504a429c9e0416591b
2026-04-28T11:07:21.644Z - 📡 [TRAFFIC] 4:37:21 pm | DELETE /api/categories/69f08c554a429c9e04165939
2026-04-28T11:08:35.732Z - SOCKET_JOIN - Client XkwAD7ysGqkspIFrAAAX -> user_69eafd0d2c76f5ab4ec7b5f3
2026-04-28T11:08:35.733Z - 📡 [TRAFFIC] 4:38:35 pm | GET /api/notifications?userId=69eafd0d2c76f5ab4ec7b5f3&role=admin
2026-04-28T11:08:35.737Z - 📡 [TRAFFIC] 4:38:35 pm | GET /api/categories
2026-04-28T11:08:35.740Z - SOCKET_JOIN - Client XkwAD7ysGqkspIFrAAAX -> admins_pool
2026-04-28T11:08:35.740Z - SOCKET_JOIN - Client XkwAD7ysGqkspIFrAAAX -> user_69eafd0d2c76f5ab4ec7b5f3
2026-04-28T11:08:35.741Z - SOCKET_JOIN - Client XkwAD7ysGqkspIFrAAAX -> admins_pool
2026-04-28T11:08:36.138Z - 📡 [TRAFFIC] 4:38:36 pm | GET /api/categories
2026-04-28T11:08:36.142Z - 📡 [TRAFFIC] 4:38:36 pm | GET /api/notifications?userId=69eafd0d2c76f5ab4ec7b5f3&role=admin
2026-04-28T11:09:26.346Z - 📡 [TRAFFIC] 4:39:26 pm | POST /api/categories/bulk-upload
2026-04-28T11:09:30.702Z - 📡 [TRAFFIC] 4:39:30 pm | GET /api/categories
2026-04-28T11:10:30.722Z - SOCKET_JOIN - Client kxlo5ovuB0wY62DBAAAZ -> user_69eafd0d2c76f5ab4ec7b5f3
2026-04-28T11:10:30.726Z - 📡 [TRAFFIC] 4:40:30 pm | GET /api/categories
2026-04-28T11:10:30.729Z - 📡 [TRAFFIC] 4:40:30 pm | GET /api/notifications?userId=69eafd0d2c76f5ab4ec7b5f3&role=admin
2026-04-28T11:10:30.732Z - SOCKET_JOIN - Client kxlo5ovuB0wY62DBAAAZ -> admins_pool
2026-04-28T11:10:30.733Z - SOCKET_JOIN - Client kxlo5ovuB0wY62DBAAAZ -> user_69eafd0d2c76f5ab4ec7b5f3
2026-04-28T11:10:30.734Z - SOCKET_JOIN - Client kxlo5ovuB0wY62DBAAAZ -> admins_pool
2026-04-28T11:10:30.791Z - 📡 [TRAFFIC] 4:40:30 pm | GET /api/notifications?userId=69eafd0d2c76f5ab4ec7b5f3&role=admin
2026-04-28T11:10:30.796Z - 📡 [TRAFFIC] 4:40:30 pm | GET /api/categories
2026-04-28T11:13:05.746Z - SOCKET_JOIN - Client PBcB65s0yrvBpsqSAAAb -> user_69eafd0d2c76f5ab4ec7b5f3
2026-04-28T11:13:05.747Z - 📡 [TRAFFIC] 4:43:05 pm | GET /api/notifications?userId=69eafd0d2c76f5ab4ec7b5f3&role=admin
2026-04-28T11:13:05.751Z - 📡 [TRAFFIC] 4:43:05 pm | GET /api/categories
2026-04-28T11:13:05.754Z - SOCKET_JOIN - Client PBcB65s0yrvBpsqSAAAb -> admins_pool
2026-04-28T11:13:05.758Z - SOCKET_JOIN - Client PBcB65s0yrvBpsqSAAAb -> user_69eafd0d2c76f5ab4ec7b5f3
2026-04-28T11:13:05.760Z - SOCKET_JOIN - Client PBcB65s0yrvBpsqSAAAb -> admins_pool
2026-04-28T11:13:05.825Z - 📡 [TRAFFIC] 4:43:05 pm | GET /api/notifications?userId=69eafd0d2c76f5ab4ec7b5f3&role=admin
2026-04-28T11:13:05.851Z - 📡 [TRAFFIC] 4:43:05 pm | GET /api/categories
2026-04-28T11:13:22.457Z - 📡 [TRAFFIC] 4:43:22 pm | POST /api/categories/bulk-upload
2026-04-28T11:13:27.438Z - 📡 [TRAFFIC] 4:43:27 pm | GET /api/categories
2026-04-28T11:17:36.925Z - 🚀 SERVER RESTARTED AT 2026-04-28T11:17:36.924Z ON PORT 5001
2026-04-28T11:17:37.003Z - SOCKET_JOIN - Client 5xoXweY5asmewFqUAAAJ -> user_69ec93ce2c76f5ab4ec7cf64
2026-04-28T11:17:37.079Z - SOCKET_JOIN - Client 5aEgY0BoJ6Clhw_xAAAI -> user_69ec93ce2c76f5ab4ec7cf64
2026-04-28T11:17:37.111Z - SOCKET_JOIN - Client _NYFhad5TkUn5eycAAAL -> user_69ec93ce2c76f5ab4ec7cf64
2026-04-28T11:17:56.270Z - 📡 [TRAFFIC] 4:47:56 pm | GET /api/admin/config
2026-04-28T11:17:56.292Z - 📡 [TRAFFIC] 4:47:56 pm | GET /api/master-services
2026-04-28T11:17:56.306Z - 📡 [TRAFFIC] 4:47:56 pm | GET /api/services?approvedOnly=true
2026-04-28T11:17:56.313Z - 📡 [TRAFFIC] 4:47:56 pm | GET /api/categories/main
2026-04-28T11:17:56.320Z - SOCKET_JOIN - Client RkHS_zSS-Qpu5x2BAAAN -> user_69ec93ce2c76f5ab4ec7cf64
2026-04-28T11:17:56.359Z - 📡 [TRAFFIC] 4:47:56 pm | GET /api/admin/config
2026-04-28T11:17:56.382Z - 📡 [TRAFFIC] 4:47:56 pm | GET /api/master-services
2026-04-28T11:17:56.400Z - 📡 [TRAFFIC] 4:47:56 pm | GET /api/auth/profile/69ec93ce2c76f5ab4ec7cf64
2026-04-28T11:17:56.412Z - 📡 [TRAFFIC] 4:47:56 pm | GET /api/categories/main
2026-04-28T11:17:56.426Z - SOCKET_JOIN - Client RkHS_zSS-Qpu5x2BAAAN -> user_69ec93ce2c76f5ab4ec7cf64
2026-04-28T11:17:56.460Z - 📡 [TRAFFIC] 4:47:56 pm | GET /api/services?approvedOnly=true
2026-04-28T11:17:56.469Z - 📡 [TRAFFIC] 4:47:56 pm | GET /api/auth/profile/69ec93ce2c76f5ab4ec7cf64
2026-04-28T11:18:45.611Z - 📡 [TRAFFIC] 4:48:45 pm | POST /api/categories/bulk-upload
2026-04-28T11:18:48.822Z - 📡 [TRAFFIC] 4:48:48 pm | POST /api/categories/bulk-upload
2026-04-28T11:18:52.087Z - 📡 [TRAFFIC] 4:48:52 pm | GET /api/categories
2026-04-28T11:18:53.288Z - 📡 [TRAFFIC] 4:48:53 pm | GET /api/categories
2026-04-28T11:20:06.257Z - SOCKET_JOIN - Client v08bmeQ25zBl8l52AAAP -> user_69eafd0d2c76f5ab4ec7b5f3
2026-04-28T11:20:06.260Z - 📡 [TRAFFIC] 4:50:06 pm | GET /api/notifications?userId=69eafd0d2c76f5ab4ec7b5f3&role=admin
2026-04-28T11:20:06.266Z - 📡 [TRAFFIC] 4:50:06 pm | GET /api/categories
2026-04-28T11:20:06.270Z - SOCKET_JOIN - Client v08bmeQ25zBl8l52AAAP -> admins_pool
2026-04-28T11:20:06.271Z - SOCKET_JOIN - Client v08bmeQ25zBl8l52AAAP -> user_69eafd0d2c76f5ab4ec7b5f3
2026-04-28T11:20:06.271Z - SOCKET_JOIN - Client v08bmeQ25zBl8l52AAAP -> admins_pool
2026-04-28T11:20:06.336Z - 📡 [TRAFFIC] 4:50:06 pm | GET /api/notifications?userId=69eafd0d2c76f5ab4ec7b5f3&role=admin
2026-04-28T11:20:06.338Z - 📡 [TRAFFIC] 4:50:06 pm | GET /api/categories
2026-04-28T11:20:07.677Z - 📡 [TRAFFIC] 4:50:07 pm | POST /api/categories/bulk-upload
2026-04-28T11:20:14.080Z - 📡 [TRAFFIC] 4:50:14 pm | GET /api/categories
2026-04-28T11:20:23.338Z - 📡 [TRAFFIC] 4:50:23 pm | GET /api/admin/config
2026-04-28T11:20:23.342Z - 📡 [TRAFFIC] 4:50:23 pm | GET /api/master-services
2026-04-28T11:20:23.347Z - 📡 [TRAFFIC] 4:50:23 pm | GET /api/services?approvedOnly=true
2026-04-28T11:20:23.350Z - 📡 [TRAFFIC] 4:50:23 pm | GET /api/categories/main
2026-04-28T11:20:23.354Z - SOCKET_JOIN - Client yWaRqKASXebrFpbjAAAR -> user_69ec93ce2c76f5ab4ec7cf64
2026-04-28T11:20:23.376Z - SOCKET_JOIN - Client yWaRqKASXebrFpbjAAAR -> user_69ec93ce2c76f5ab4ec7cf64
2026-04-28T11:20:23.440Z - 📡 [TRAFFIC] 4:50:23 pm | GET /api/categories/main
2026-04-28T11:20:23.443Z - 📡 [TRAFFIC] 4:50:23 pm | GET /api/admin/config
2026-04-28T11:20:23.445Z - 📡 [TRAFFIC] 4:50:23 pm | GET /api/master-services
2026-04-28T11:20:23.511Z - 📡 [TRAFFIC] 4:50:23 pm | GET /api/services?approvedOnly=true
2026-04-28T11:20:23.525Z - 📡 [TRAFFIC] 4:50:23 pm | GET /api/auth/profile/69ec93ce2c76f5ab4ec7cf64
2026-04-28T11:20:23.597Z - 📡 [TRAFFIC] 4:50:23 pm | GET /api/auth/profile/69ec93ce2c76f5ab4ec7cf64
2026-04-28T11:22:26.340Z - 📡 [TRAFFIC] 4:52:26 pm | GET /api/categories/sub/69f097e7b868c9a50675a169
2026-04-28T11:22:38.510Z - 📡 [TRAFFIC] 4:52:38 pm | GET /api/admin/config
2026-04-28T11:22:38.513Z - 📡 [TRAFFIC] 4:52:38 pm | GET /api/services
2026-04-28T11:22:38.579Z - 📡 [TRAFFIC] 4:52:38 pm | GET /api/admin/config
2026-04-28T11:22:38.647Z - 📡 [TRAFFIC] 4:52:38 pm | GET /api/services
2026-04-28T11:22:56.645Z - 📡 [TRAFFIC] 4:52:56 pm | GET /api/categories/main
2026-04-28T11:22:56.648Z - 📡 [TRAFFIC] 4:52:56 pm | GET /api/master-services
2026-04-28T11:22:56.730Z - 📡 [TRAFFIC] 4:52:56 pm | GET /api/master-services
2026-04-28T11:22:56.735Z - 📡 [TRAFFIC] 4:52:56 pm | GET /api/categories/main
2026-04-28T11:26:04.563Z - 📡 [TRAFFIC] 4:56:04 pm | GET /api/notifications?userId=69eafd0d2c76f5ab4ec7b5f3&role=admin
2026-04-28T11:26:04.566Z - SOCKET_JOIN - Client v08bmeQ25zBl8l52AAAP -> user_69eafd0d2c76f5ab4ec7b5f3
2026-04-28T11:26:04.571Z - 📡 [TRAFFIC] 4:56:04 pm | GET /api/master-services
2026-04-28T11:26:04.574Z - 📡 [TRAFFIC] 4:56:04 pm | GET /api/categories/main
2026-04-28T11:26:04.606Z - SOCKET_JOIN - Client v08bmeQ25zBl8l52AAAP -> admins_pool
2026-04-28T11:26:04.608Z - SOCKET_JOIN - Client v08bmeQ25zBl8l52AAAP -> user_69eafd0d2c76f5ab4ec7b5f3
2026-04-28T11:26:04.610Z - SOCKET_JOIN - Client v08bmeQ25zBl8l52AAAP -> admins_pool
2026-04-28T11:26:05.033Z - 📡 [TRAFFIC] 4:56:05 pm | GET /api/notifications?userId=69eafd0d2c76f5ab4ec7b5f3&role=admin
2026-04-28T11:26:05.044Z - 📡 [TRAFFIC] 4:56:05 pm | GET /api/categories/main
2026-04-28T11:26:05.049Z - 📡 [TRAFFIC] 4:56:05 pm | GET /api/master-services
2026-04-28T11:27:11.198Z - 📡 [TRAFFIC] 4:57:11 pm | GET /api/notifications?userId=69eafd0d2c76f5ab4ec7b5f3&role=admin
2026-04-28T11:27:11.202Z - SOCKET_JOIN - Client Kixp-UNoVdXDwNEFAAAT -> user_69eafd0d2c76f5ab4ec7b5f3
2026-04-28T11:27:11.204Z - 📡 [TRAFFIC] 4:57:11 pm | GET /api/master-services
2026-04-28T11:27:11.207Z - 📡 [TRAFFIC] 4:57:11 pm | GET /api/categories/main
2026-04-28T11:27:11.233Z - SOCKET_JOIN - Client Kixp-UNoVdXDwNEFAAAT -> admins_pool
2026-04-28T11:27:11.234Z - SOCKET_JOIN - Client Kixp-UNoVdXDwNEFAAAT -> user_69eafd0d2c76f5ab4ec7b5f3
2026-04-28T11:27:11.236Z - SOCKET_JOIN - Client Kixp-UNoVdXDwNEFAAAT -> admins_pool
2026-04-28T11:27:11.288Z - 📡 [TRAFFIC] 4:57:11 pm | GET /api/categories/main
2026-04-28T11:27:11.296Z - 📡 [TRAFFIC] 4:57:11 pm | GET /api/master-services
2026-04-28T11:27:11.301Z - 📡 [TRAFFIC] 4:57:11 pm | GET /api/notifications?userId=69eafd0d2c76f5ab4ec7b5f3&role=admin
2026-04-28T11:30:30.190Z - 📡 [TRAFFIC] 5:00:30 pm | GET /api/categories/sub/69f097e7b868c9a50675a169
2026-04-28T11:32:25.313Z - 📡 [TRAFFIC] 5:02:25 pm | GET /api/orders/my?customerId=69ec93ce2c76f5ab4ec7cf64
2026-04-28T11:32:25.315Z - [DEBUG] Fetching orders for CustomerID: 69ec93ce2c76f5ab4ec7cf64. Detecting phone...
2026-04-28T11:32:25.395Z - [DEBUG] Found phone: 9999999991 for account 69ec93ce2c76f5ab4ec7cf64
2026-04-28T11:32:25.485Z - [DEBUG] Cross-account search for 9999999991. Found 1 linked IDs.
2026-04-28T11:32:25.777Z - [DEBUG] Orders found for 9999999991: 14
2026-04-28T11:32:25.783Z - 📡 [TRAFFIC] 5:02:25 pm | GET /api/orders/my?customerId=69ec93ce2c76f5ab4ec7cf64
2026-04-28T11:32:25.784Z - [DEBUG] Fetching orders for CustomerID: 69ec93ce2c76f5ab4ec7cf64. Detecting phone...
2026-04-28T11:32:25.864Z - [DEBUG] Found phone: 9999999991 for account 69ec93ce2c76f5ab4ec7cf64
2026-04-28T11:32:25.958Z - [DEBUG] Cross-account search for 9999999991. Found 1 linked IDs.
2026-04-28T11:32:26.891Z - [DEBUG] Orders found for 9999999991: 14
2026-04-28T11:32:34.297Z - 📡 [TRAFFIC] 5:02:34 pm | GET /api/orders/69f074f95f30c35402ccc249
2026-04-28T11:32:34.449Z - 📡 [TRAFFIC] 5:02:34 pm | GET /api/orders/69f074f95f30c35402ccc249
2026-04-28T11:32:38.966Z - 📡 [TRAFFIC] 5:02:38 pm | GET /api/orders/my?customerId=69ec93ce2c76f5ab4ec7cf64
2026-04-28T11:32:38.967Z - [DEBUG] Fetching orders for CustomerID: 69ec93ce2c76f5ab4ec7cf64. Detecting phone...
2026-04-28T11:32:39.043Z - [DEBUG] Found phone: 9999999991 for account 69ec93ce2c76f5ab4ec7cf64
2026-04-28T11:32:39.106Z - [DEBUG] Cross-account search for 9999999991. Found 1 linked IDs.
2026-04-28T11:32:39.345Z - [DEBUG] Orders found for 9999999991: 14
2026-04-28T11:32:39.352Z - 📡 [TRAFFIC] 5:02:39 pm | GET /api/orders/my?customerId=69ec93ce2c76f5ab4ec7cf64
2026-04-28T11:32:39.352Z - [DEBUG] Fetching orders for CustomerID: 69ec93ce2c76f5ab4ec7cf64. Detecting phone...
2026-04-28T11:32:39.435Z - [DEBUG] Found phone: 9999999991 for account 69ec93ce2c76f5ab4ec7cf64
2026-04-28T11:32:39.505Z - [DEBUG] Cross-account search for 9999999991. Found 1 linked IDs.
2026-04-28T11:32:39.667Z - [DEBUG] Orders found for 9999999991: 14
2026-04-28T11:32:45.375Z - 📡 [TRAFFIC] 5:02:45 pm | GET /api/admin/config
2026-04-28T11:32:45.378Z - 📡 [TRAFFIC] 5:02:45 pm | GET /api/master-services
2026-04-28T11:32:45.382Z - 📡 [TRAFFIC] 5:02:45 pm | GET /api/services?approvedOnly=true
2026-04-28T11:32:45.385Z - 📡 [TRAFFIC] 5:02:45 pm | GET /api/categories/main
2026-04-28T11:32:45.461Z - 📡 [TRAFFIC] 5:02:45 pm | GET /api/admin/config
2026-04-28T11:32:45.464Z - 📡 [TRAFFIC] 5:02:45 pm | GET /api/master-services
2026-04-28T11:32:45.468Z - 📡 [TRAFFIC] 5:02:45 pm | GET /api/auth/profile/69ec93ce2c76f5ab4ec7cf64
2026-04-28T11:32:45.474Z - 📡 [TRAFFIC] 5:02:45 pm | GET /api/categories/main
2026-04-28T11:32:45.530Z - 📡 [TRAFFIC] 5:02:45 pm | GET /api/services?approvedOnly=true
2026-04-28T11:32:45.585Z - 📡 [TRAFFIC] 5:02:45 pm | GET /api/auth/profile/69ec93ce2c76f5ab4ec7cf64
2026-04-28T11:34:45.534Z - 📡 [TRAFFIC] 5:04:45 pm | GET /api/master-services
2026-04-28T11:34:45.536Z - 📡 [TRAFFIC] 5:04:45 pm | GET /api/services?approvedOnly=true
2026-04-28T11:34:45.538Z - 📡 [TRAFFIC] 5:04:45 pm | GET /api/admin/config
2026-04-28T11:34:45.541Z - 📡 [TRAFFIC] 5:04:45 pm | GET /api/auth/profile/69ec93ce2c76f5ab4ec7cf64
2026-04-28T11:34:45.692Z - 📡 [TRAFFIC] 5:04:45 pm | GET /api/master-services
2026-04-28T11:34:45.696Z - 📡 [TRAFFIC] 5:04:45 pm | GET /api/admin/config
2026-04-28T11:34:45.699Z - 📡 [TRAFFIC] 5:04:45 pm | GET /api/auth/profile/69ec93ce2c76f5ab4ec7cf64
2026-04-28T11:34:45.757Z - 📡 [TRAFFIC] 5:04:45 pm | GET /api/services?approvedOnly=true
2026-04-28T11:34:45.800Z - 📡 [TRAFFIC] 5:04:45 pm | GET /api/promotions/applicable?vendorId=69ece9db998203335ad61f7e
2026-04-28T11:34:45.936Z - 📡 [TRAFFIC] 5:04:45 pm | GET /api/promotions/applicable?vendorId=69ece9db998203335ad61f7e
2026-04-28T11:37:12.395Z - 📡 [TRAFFIC] 5:07:12 pm | GET /api/master-services
2026-04-28T11:37:12.398Z - 📡 [TRAFFIC] 5:07:12 pm | GET /api/services?approvedOnly=true
2026-04-28T11:37:12.401Z - 📡 [TRAFFIC] 5:07:12 pm | GET /api/admin/config
2026-04-28T11:37:12.404Z - 📡 [TRAFFIC] 5:07:12 pm | GET /api/auth/profile/69ec93ce2c76f5ab4ec7cf64
2026-04-28T11:37:12.597Z - 📡 [TRAFFIC] 5:07:12 pm | GET /api/promotions/applicable?vendorId=69ece9db998203335ad61f7e
2026-04-28T11:37:35.847Z - 📡 [TRAFFIC] 5:07:35 pm | GET /api/admin/config
2026-04-28T11:37:35.850Z - 📡 [TRAFFIC] 5:07:35 pm | GET /api/master-services
2026-04-28T11:37:35.852Z - 📡 [TRAFFIC] 5:07:35 pm | GET /api/services?approvedOnly=true
2026-04-28T11:37:35.854Z - 📡 [TRAFFIC] 5:07:35 pm | GET /api/categories/main
2026-04-28T11:37:35.906Z - 📡 [TRAFFIC] 5:07:35 pm | GET /api/admin/config
2026-04-28T11:37:35.910Z - 📡 [TRAFFIC] 5:07:35 pm | GET /api/auth/profile/69ec93ce2c76f5ab4ec7cf64
2026-04-28T11:37:35.917Z - 📡 [TRAFFIC] 5:07:35 pm | GET /api/master-services
2026-04-28T11:37:35.927Z - 📡 [TRAFFIC] 5:07:35 pm | GET /api/categories/main
2026-04-28T11:37:35.975Z - 📡 [TRAFFIC] 5:07:35 pm | GET /api/services?approvedOnly=true
2026-04-28T11:37:35.999Z - 📡 [TRAFFIC] 5:07:35 pm | GET /api/auth/profile/69ec93ce2c76f5ab4ec7cf64
2026-04-28T11:38:09.453Z - 📡 [TRAFFIC] 5:08:09 pm | GET /api/orders/my?customerId=69ec93ce2c76f5ab4ec7cf64
2026-04-28T11:38:09.454Z - [DEBUG] Fetching orders for CustomerID: 69ec93ce2c76f5ab4ec7cf64. Detecting phone...
2026-04-28T11:38:09.560Z - [DEBUG] Found phone: 9999999991 for account 69ec93ce2c76f5ab4ec7cf64
2026-04-28T11:38:09.642Z - [DEBUG] Cross-account search for 9999999991. Found 1 linked IDs.
2026-04-28T11:38:09.843Z - [DEBUG] Orders found for 9999999991: 14
2026-04-28T11:38:09.851Z - 📡 [TRAFFIC] 5:08:09 pm | GET /api/orders/my?customerId=69ec93ce2c76f5ab4ec7cf64
2026-04-28T11:38:09.852Z - [DEBUG] Fetching orders for CustomerID: 69ec93ce2c76f5ab4ec7cf64. Detecting phone...
2026-04-28T11:38:09.915Z - [DEBUG] Found phone: 9999999991 for account 69ec93ce2c76f5ab4ec7cf64
2026-04-28T11:38:09.983Z - [DEBUG] Cross-account search for 9999999991. Found 1 linked IDs.
2026-04-28T11:38:10.156Z - [DEBUG] Orders found for 9999999991: 14
2026-04-28T11:55:06.336Z - 📡 [TRAFFIC] 5:25:06 pm | GET /api/orders/my?customerId=69ec93ce2c76f5ab4ec7cf64
2026-04-28T11:55:06.338Z - [DEBUG] Fetching orders for CustomerID: 69ec93ce2c76f5ab4ec7cf64. Detecting phone...
2026-04-28T11:55:06.348Z - SOCKET_JOIN - Client M-63S3mAClveO4CwAAAV -> user_69ec93ce2c76f5ab4ec7cf64
2026-04-28T11:55:06.410Z - SOCKET_JOIN - Client M-63S3mAClveO4CwAAAV -> user_69ec93ce2c76f5ab4ec7cf64
2026-04-28T11:55:06.436Z - [DEBUG] Found phone: 9999999991 for account 69ec93ce2c76f5ab4ec7cf64
2026-04-28T11:55:06.520Z - [DEBUG] Cross-account search for 9999999991. Found 1 linked IDs.
2026-04-28T11:55:06.767Z - [DEBUG] Orders found for 9999999991: 14
2026-04-28T11:55:06.777Z - 📡 [TRAFFIC] 5:25:06 pm | GET /api/orders/my?customerId=69ec93ce2c76f5ab4ec7cf64
2026-04-28T11:55:06.778Z - [DEBUG] Fetching orders for CustomerID: 69ec93ce2c76f5ab4ec7cf64. Detecting phone...
2026-04-28T11:55:06.873Z - [DEBUG] Found phone: 9999999991 for account 69ec93ce2c76f5ab4ec7cf64
2026-04-28T11:55:06.940Z - [DEBUG] Cross-account search for 9999999991. Found 1 linked IDs.
2026-04-28T11:55:07.082Z - [DEBUG] Orders found for 9999999991: 14
2026-04-28T12:01:05.572Z - SOCKET_JOIN - Client M-63S3mAClveO4CwAAAV -> order_69f074f95f30c35402ccc249
2026-04-28T12:01:05.575Z - 📡 [TRAFFIC] 5:31:05 pm | GET /api/orders/69f074f95f30c35402ccc249
2026-04-28T12:01:05.596Z - SOCKET_JOIN - Client M-63S3mAClveO4CwAAAV -> order_69f074f95f30c35402ccc249
2026-04-28T12:01:05.876Z - 📡 [TRAFFIC] 5:31:05 pm | GET /api/orders/69f074f95f30c35402ccc249
2026-04-28T12:04:30.637Z - 📡 [TRAFFIC] 5:34:30 pm | GET /api/orders/69f074f95f30c35402ccc249
2026-04-28T12:04:30.643Z - SOCKET_JOIN - Client wpXj5TnrlUowGOheAAAX -> order_69f074f95f30c35402ccc249
2026-04-28T12:04:30.728Z - SOCKET_JOIN - Client wpXj5TnrlUowGOheAAAX -> user_69ec93ce2c76f5ab4ec7cf64
2026-04-28T12:04:30.729Z - SOCKET_JOIN - Client wpXj5TnrlUowGOheAAAX -> order_69f074f95f30c35402ccc249
2026-04-28T12:04:30.731Z - SOCKET_JOIN - Client wpXj5TnrlUowGOheAAAX -> user_69ec93ce2c76f5ab4ec7cf64
2026-04-28T12:04:30.814Z - 📡 [TRAFFIC] 5:34:30 pm | GET /api/orders/69f074f95f30c35402ccc249
2026-04-28T13:27:08.303Z - SOCKET_JOIN - Client z0sFcmsQFxs542ZBAAAb -> user_69ec93ce2c76f5ab4ec7cf64
2026-04-28T13:27:08.732Z - SOCKET_JOIN - Client fqBX7Z3yFqg_3ECmAAAf -> user_69ec93ce2c76f5ab4ec7cf64
2026-04-28T13:27:09.660Z - SOCKET_JOIN - Client L_zu70ESSE1UiTFwAAAj -> user_69ec93ce2c76f5ab4ec7cf64
2026-04-28T13:27:13.237Z - 📡 [TRAFFIC] 6:57:13 pm | GET /api/orders/69f074f95f30c35402ccc249
2026-04-28T13:27:13.249Z - SOCKET_JOIN - Client zNqkuTSePieqsqGrAAAl -> order_69f074f95f30c35402ccc249
2026-04-28T13:27:13.373Z - SOCKET_JOIN - Client zNqkuTSePieqsqGrAAAl -> user_69ec93ce2c76f5ab4ec7cf64
2026-04-28T13:27:13.395Z - SOCKET_JOIN - Client zNqkuTSePieqsqGrAAAl -> order_69f074f95f30c35402ccc249
2026-04-28T13:27:13.415Z - SOCKET_JOIN - Client zNqkuTSePieqsqGrAAAl -> user_69ec93ce2c76f5ab4ec7cf64
2026-04-28T13:27:13.991Z - 📡 [TRAFFIC] 6:57:13 pm | GET /api/orders/69f074f95f30c35402ccc249
2026-04-28T13:27:14.864Z - SOCKET_JOIN - Client 4qoAxJv_vtbNwDp4AAAn -> user_69eafd0d2c76f5ab4ec7b5f3
2026-04-28T13:27:14.880Z - 📡 [TRAFFIC] 6:57:14 pm | GET /api/notifications?userId=69eafd0d2c76f5ab4ec7b5f3&role=admin
2026-04-28T13:27:14.892Z - 📡 [TRAFFIC] 6:57:14 pm | GET /api/master-services
2026-04-28T13:27:14.905Z - 📡 [TRAFFIC] 6:57:14 pm | GET /api/categories/main
2026-04-28T13:27:14.962Z - 📡 [TRAFFIC] 6:57:14 pm | GET /api/notifications?userId=69eafd0d2c76f5ab4ec7b5f3&role=admin
2026-04-28T13:27:15.045Z - SOCKET_JOIN - Client 4qoAxJv_vtbNwDp4AAAn -> admins_pool
2026-04-28T13:27:15.048Z - SOCKET_JOIN - Client 4qoAxJv_vtbNwDp4AAAn -> user_69eafd0d2c76f5ab4ec7b5f3
2026-04-28T13:27:15.057Z - SOCKET_JOIN - Client 4qoAxJv_vtbNwDp4AAAn -> admins_pool
2026-04-28T13:27:15.463Z - 📡 [TRAFFIC] 6:57:15 pm | GET /api/categories/main
2026-04-28T13:27:15.510Z - 📡 [TRAFFIC] 6:57:15 pm | GET /api/master-services
2026-04-28T13:59:36.141Z - SOCKET_JOIN - Client uI7nnWHtrMbjJzbAAAAp -> user_69ec93ce2c76f5ab4ec7cf64
2026-04-28T13:59:41.325Z - SOCKET_JOIN - Client xWINqCNjVMlKVjpMAAAv -> user_69ec93ce2c76f5ab4ec7cf64
2026-04-28T13:59:46.126Z - SOCKET_JOIN - Client V5bj-aoJvxdCAEEpAAAz -> order_69f074f95f30c35402ccc249
2026-04-28T13:59:46.153Z - 📡 [TRAFFIC] 7:29:46 pm | GET /api/orders/69f074f95f30c35402ccc249
2026-04-28T13:59:46.390Z - SOCKET_JOIN - Client V5bj-aoJvxdCAEEpAAAz -> user_69ec93ce2c76f5ab4ec7cf64
2026-04-28T13:59:46.391Z - SOCKET_JOIN - Client V5bj-aoJvxdCAEEpAAAz -> order_69f074f95f30c35402ccc249
2026-04-28T13:59:46.392Z - SOCKET_JOIN - Client V5bj-aoJvxdCAEEpAAAz -> user_69ec93ce2c76f5ab4ec7cf64
2026-04-28T13:59:46.849Z - 📡 [TRAFFIC] 7:29:46 pm | GET /api/orders/69f074f95f30c35402ccc249
2026-04-28T13:59:47.230Z - 📡 [TRAFFIC] 7:29:47 pm | GET /api/notifications?userId=69eafd0d2c76f5ab4ec7b5f3&role=admin
2026-04-28T13:59:47.235Z - SOCKET_JOIN - Client SL_qHRyrn2beFQzhAAA1 -> user_69eafd0d2c76f5ab4ec7b5f3
2026-04-28T13:59:47.309Z - SOCKET_JOIN - Client SL_qHRyrn2beFQzhAAA1 -> admins_pool
2026-04-28T13:59:47.311Z - SOCKET_JOIN - Client SL_qHRyrn2beFQzhAAA1 -> user_69eafd0d2c76f5ab4ec7b5f3
2026-04-28T13:59:47.312Z - SOCKET_JOIN - Client SL_qHRyrn2beFQzhAAA1 -> admins_pool
2026-04-28T13:59:47.343Z - 📡 [TRAFFIC] 7:29:47 pm | GET /api/master-services
2026-04-28T13:59:47.350Z - 📡 [TRAFFIC] 7:29:47 pm | GET /api/categories/main
2026-04-28T13:59:47.359Z - 📡 [TRAFFIC] 7:29:47 pm | GET /api/notifications?userId=69eafd0d2c76f5ab4ec7b5f3&role=admin
2026-04-28T13:59:47.434Z - 📡 [TRAFFIC] 7:29:47 pm | GET /api/master-services
2026-04-28T13:59:47.961Z - 📡 [TRAFFIC] 7:29:47 pm | GET /api/categories/main
2026-04-28T14:00:11.055Z - 📡 [TRAFFIC] 7:30:11 pm | GET /api/admin/config
2026-04-28T14:00:11.184Z - 📡 [TRAFFIC] 7:30:11 pm | GET /api/master-services
2026-04-28T14:00:11.218Z - 📡 [TRAFFIC] 7:30:11 pm | GET /api/services?approvedOnly=true
2026-04-28T14:00:11.229Z - 📡 [TRAFFIC] 7:30:11 pm | GET /api/categories/main
2026-04-28T14:00:11.364Z - 📡 [TRAFFIC] 7:30:11 pm | GET /api/admin/config
2026-04-28T14:00:11.382Z - 📡 [TRAFFIC] 7:30:11 pm | GET /api/master-services
2026-04-28T14:00:11.410Z - 📡 [TRAFFIC] 7:30:11 pm | GET /api/auth/profile/69ec93ce2c76f5ab4ec7cf64
2026-04-28T14:00:11.514Z - 📡 [TRAFFIC] 7:30:11 pm | GET /api/services?approvedOnly=true
2026-04-28T14:00:12.001Z - 📡 [TRAFFIC] 7:30:12 pm | GET /api/categories/main
2026-04-28T14:00:12.068Z - 📡 [TRAFFIC] 7:30:12 pm | GET /api/auth/profile/69ec93ce2c76f5ab4ec7cf64
2026-04-28T14:00:13.187Z - 📡 [TRAFFIC] 7:30:13 pm | GET /api/orders/my?customerId=69ec93ce2c76f5ab4ec7cf64
2026-04-28T14:00:13.188Z - [DEBUG] Fetching orders for CustomerID: 69ec93ce2c76f5ab4ec7cf64. Detecting phone...
2026-04-28T14:00:13.281Z - [DEBUG] Found phone: 9999999991 for account 69ec93ce2c76f5ab4ec7cf64
2026-04-28T14:00:13.366Z - [DEBUG] Cross-account search for 9999999991. Found 1 linked IDs.
2026-04-28T14:00:13.644Z - [DEBUG] Orders found for 9999999991: 14
2026-04-28T14:00:13.654Z - 📡 [TRAFFIC] 7:30:13 pm | GET /api/orders/my?customerId=69ec93ce2c76f5ab4ec7cf64
2026-04-28T14:00:13.655Z - [DEBUG] Fetching orders for CustomerID: 69ec93ce2c76f5ab4ec7cf64. Detecting phone...
2026-04-28T14:00:13.747Z - [DEBUG] Found phone: 9999999991 for account 69ec93ce2c76f5ab4ec7cf64
2026-04-28T14:00:13.834Z - [DEBUG] Cross-account search for 9999999991. Found 1 linked IDs.
2026-04-28T14:00:14.008Z - [DEBUG] Orders found for 9999999991: 14
2026-04-28T15:03:13.350Z - SOCKET_JOIN - Client O9I-T8LtrguPCcYWAAA6 -> user_69ec93ce2c76f5ab4ec7cf64
2026-04-28T15:03:17.093Z - SOCKET_JOIN - Client QeW6Dk_L0l_USgPlAABA -> user_69ec93ce2c76f5ab4ec7cf64
2026-04-28T15:03:27.703Z - SOCKET_JOIN - Client PwEV3Nc8u7YCc6ITAABC -> user_69eafd0d2c76f5ab4ec7b5f3
2026-04-28T15:03:27.733Z - 📡 [TRAFFIC] 8:33:27 pm | GET /api/master-services
2026-04-28T15:03:27.761Z - 📡 [TRAFFIC] 8:33:27 pm | GET /api/notifications?userId=69eafd0d2c76f5ab4ec7b5f3&role=admin
2026-04-28T15:03:27.788Z - 📡 [TRAFFIC] 8:33:27 pm | GET /api/categories/main
2026-04-28T15:03:28.014Z - SOCKET_JOIN - Client l3_68MOB3OZomuL4AABD -> user_69ec93ce2c76f5ab4ec7cf64
2026-04-28T15:03:29.801Z - 📡 [TRAFFIC] 8:33:29 pm | GET /api/categories/main
2026-04-28T15:03:29.809Z - 📡 [TRAFFIC] 8:33:29 pm | GET /api/master-services
2026-04-28T15:03:29.826Z - 📡 [TRAFFIC] 8:33:29 pm | GET /api/notifications?userId=69eafd0d2c76f5ab4ec7b5f3&role=admin
2026-04-28T15:03:34.800Z - 📡 [TRAFFIC] 8:33:34 pm | GET /api/orders/my?customerId=69ec93ce2c76f5ab4ec7cf64
2026-04-28T15:03:34.801Z - [DEBUG] Fetching orders for CustomerID: 69ec93ce2c76f5ab4ec7cf64. Detecting phone...
2026-04-28T15:03:34.817Z - SOCKET_JOIN - Client eSO_idjZMm2H4zdUAABF -> user_69ec93ce2c76f5ab4ec7cf64
2026-04-28T15:03:34.860Z - [DEBUG] Found phone: 9999999991 for account 69ec93ce2c76f5ab4ec7cf64
2026-04-28T15:03:34.926Z - [DEBUG] Cross-account search for 9999999991. Found 1 linked IDs.
2026-04-28T15:03:34.936Z - SOCKET_JOIN - Client eSO_idjZMm2H4zdUAABF -> user_69ec93ce2c76f5ab4ec7cf64
2026-04-28T15:03:35.118Z - [DEBUG] Orders found for 9999999991: 14
2026-04-28T15:03:35.150Z - 📡 [TRAFFIC] 8:33:35 pm | GET /api/orders/my?customerId=69ec93ce2c76f5ab4ec7cf64
2026-04-28T15:03:35.151Z - [DEBUG] Fetching orders for CustomerID: 69ec93ce2c76f5ab4ec7cf64. Detecting phone...
2026-04-28T15:03:35.221Z - [DEBUG] Found phone: 9999999991 for account 69ec93ce2c76f5ab4ec7cf64
2026-04-28T15:03:35.280Z - [DEBUG] Cross-account search for 9999999991. Found 1 linked IDs.
2026-04-28T15:03:35.438Z - [DEBUG] Orders found for 9999999991: 14
2026-04-28T15:10:34.478Z - 📡 [TRAFFIC] 8:40:34 pm | GET /api/orders/my?customerId=69ec93ce2c76f5ab4ec7cf64
2026-04-28T15:10:34.479Z - [DEBUG] Fetching orders for CustomerID: 69ec93ce2c76f5ab4ec7cf64. Detecting phone...
2026-04-28T15:10:34.533Z - [DEBUG] Found phone: 9999999991 for account 69ec93ce2c76f5ab4ec7cf64
2026-04-28T15:10:34.594Z - [DEBUG] Cross-account search for 9999999991. Found 1 linked IDs.
2026-04-28T15:10:34.829Z - [DEBUG] Orders found for 9999999991: 14
2026-04-28T16:42:46.388Z - SOCKET_JOIN - Client aNZLhlVSRK1mwL_1AABS -> user_69ec93ce2c76f5ab4ec7cf64
2026-04-28T16:42:46.394Z - SOCKET_JOIN - Client uTmpo6LXHnpzbhqeAABT -> user_69ec93ce2c76f5ab4ec7cf64
2026-04-28T17:45:03.429Z - SOCKET_JOIN - Client KwxM9p2kuVfvsvnJAABa -> user_69ec93ce2c76f5ab4ec7cf64
2026-04-28T17:45:03.622Z - SOCKET_JOIN - Client 5e47P2hRVFUrgINQAABb -> user_69ec93ce2c76f5ab4ec7cf64
2026-04-28T17:45:05.304Z - SOCKET_JOIN - Client iFFHuYgZi0t68uM4AABd -> user_69eafd0d2c76f5ab4ec7b5f3
2026-04-28T17:45:05.307Z - 📡 [TRAFFIC] 11:15:05 pm | GET /api/notifications?userId=69eafd0d2c76f5ab4ec7b5f3&role=admin
2026-04-28T17:45:05.311Z - 📡 [TRAFFIC] 11:15:05 pm | GET /api/master-services
2026-04-28T17:45:05.313Z - 📡 [TRAFFIC] 11:15:05 pm | GET /api/categories/main
2026-04-28T17:45:05.349Z - 📡 [TRAFFIC] 11:15:05 pm | GET /api/orders/my?customerId=69ec93ce2c76f5ab4ec7cf64
2026-04-28T17:45:05.349Z - [DEBUG] Fetching orders for CustomerID: 69ec93ce2c76f5ab4ec7cf64. Detecting phone...
2026-04-28T17:45:05.416Z - SOCKET_JOIN - Client iFFHuYgZi0t68uM4AABd -> admins_pool
2026-04-28T17:45:05.417Z - SOCKET_JOIN - Client iFFHuYgZi0t68uM4AABd -> user_69eafd0d2c76f5ab4ec7b5f3
2026-04-28T17:45:05.417Z - SOCKET_JOIN - Client iFFHuYgZi0t68uM4AABd -> admins_pool
2026-04-28T17:45:05.494Z - SOCKET_JOIN - Client STdoOCQlJ51Aa_UlAABf -> user_69ec93ce2c76f5ab4ec7cf64
2026-04-28T17:45:25.318Z - 📡 [TRAFFIC] 11:15:25 pm | GET /api/notifications?userId=69eafd0d2c76f5ab4ec7b5f3&role=admin
2026-04-28T17:45:25.319Z - 📡 [TRAFFIC] 11:15:25 pm | GET /api/master-services
2026-04-28T17:45:25.320Z - 📡 [TRAFFIC] 11:15:25 pm | GET /api/categories/main
2026-04-28T17:45:25.379Z - 📡 [TRAFFIC] 11:15:25 pm | GET /api/orders/my?customerId=69ec93ce2c76f5ab4ec7cf64
2026-04-28T17:45:25.380Z - [DEBUG] Fetching orders for CustomerID: 69ec93ce2c76f5ab4ec7cf64. Detecting phone...
2026-04-28T17:45:38.392Z - SOCKET_JOIN - Client 4Gt9EWPwK7n90OhbAABk -> user_69ec93ce2c76f5ab4ec7cf64
2026-04-28T17:45:38.457Z - SOCKET_JOIN - Client w5yv69liFjukzAoYAABm -> user_69ec93ce2c76f5ab4ec7cf64
2026-04-28T17:45:43.535Z - SOCKET_JOIN - Client 4_eSbp6hSC9wZwusAABp -> user_69eafd0d2c76f5ab4ec7b5f3
2026-04-28T17:45:43.538Z - 📡 [TRAFFIC] 11:15:43 pm | GET /api/notifications?userId=69eafd0d2c76f5ab4ec7b5f3&role=admin
2026-04-28T17:45:43.540Z - 📡 [TRAFFIC] 11:15:43 pm | GET /api/master-services
2026-04-28T17:45:43.541Z - 📡 [TRAFFIC] 11:15:43 pm | GET /api/categories/main
2026-04-28T17:45:43.544Z - SOCKET_JOIN - Client 4_eSbp6hSC9wZwusAABp -> admins_pool
2026-04-28T17:45:43.546Z - SOCKET_JOIN - Client 4_eSbp6hSC9wZwusAABp -> user_69eafd0d2c76f5ab4ec7b5f3
2026-04-28T17:45:43.548Z - SOCKET_JOIN - Client 4_eSbp6hSC9wZwusAABp -> admins_pool
2026-04-28T17:45:43.752Z - 📡 [TRAFFIC] 11:15:43 pm | GET /api/orders/my?customerId=69ec93ce2c76f5ab4ec7cf64
2026-04-28T17:45:43.752Z - [DEBUG] Fetching orders for CustomerID: 69ec93ce2c76f5ab4ec7cf64. Detecting phone...
2026-04-28T17:45:43.755Z - SOCKET_JOIN - Client FDEsTSf0BccGU-F7AABr -> user_69ec93ce2c76f5ab4ec7cf64
2026-04-28T17:45:43.779Z - SOCKET_JOIN - Client FDEsTSf0BccGU-F7AABr -> user_69ec93ce2c76f5ab4ec7cf64
2026-04-28T17:45:51.382Z - SOCKET_JOIN - Client Mwj4R5pJ7ZUTwxbzAABu -> user_69ec93ce2c76f5ab4ec7cf64
2026-04-28T17:45:51.386Z - SOCKET_JOIN - Client 2Tc27fVsClVzsxBsAABv -> user_69ec93ce2c76f5ab4ec7cf64
2026-04-28T17:45:56.775Z - SOCKET_JOIN - Client QiPGhbxgHKVxqOWqAAB1 -> user_69eafd0d2c76f5ab4ec7b5f3
2026-04-28T17:45:56.777Z - 📡 [TRAFFIC] 11:15:56 pm | GET /api/notifications?userId=69eafd0d2c76f5ab4ec7b5f3&role=admin
2026-04-28T17:45:56.779Z - 📡 [TRAFFIC] 11:15:56 pm | GET /api/master-services
2026-04-28T17:45:56.780Z - 📡 [TRAFFIC] 11:15:56 pm | GET /api/categories/main
2026-04-28T17:45:56.784Z - SOCKET_JOIN - Client QiPGhbxgHKVxqOWqAAB1 -> admins_pool
2026-04-28T17:45:56.785Z - SOCKET_JOIN - Client QiPGhbxgHKVxqOWqAAB1 -> user_69eafd0d2c76f5ab4ec7b5f3
2026-04-28T17:45:56.785Z - SOCKET_JOIN - Client QiPGhbxgHKVxqOWqAAB1 -> admins_pool
2026-04-28T17:45:57.064Z - 📡 [TRAFFIC] 11:15:57 pm | GET /api/orders/my?customerId=69ec93ce2c76f5ab4ec7cf64
2026-04-28T17:45:57.065Z - [DEBUG] Fetching orders for CustomerID: 69ec93ce2c76f5ab4ec7cf64. Detecting phone...
2026-04-28T17:45:57.069Z - SOCKET_JOIN - Client WPvd6Fwv7gon-cstAAB3 -> user_69ec93ce2c76f5ab4ec7cf64
2026-04-28T17:45:57.098Z - SOCKET_JOIN - Client WPvd6Fwv7gon-cstAAB3 -> user_69ec93ce2c76f5ab4ec7cf64
2026-04-28T17:46:16.793Z - 📡 [TRAFFIC] 11:16:16 pm | GET /api/notifications?userId=69eafd0d2c76f5ab4ec7b5f3&role=admin
2026-04-28T17:46:16.795Z - 📡 [TRAFFIC] 11:16:16 pm | GET /api/master-services
2026-04-28T17:46:16.796Z - 📡 [TRAFFIC] 11:16:16 pm | GET /api/categories/main
2026-04-28T17:46:17.090Z - 📡 [TRAFFIC] 11:16:17 pm | GET /api/orders/my?customerId=69ec93ce2c76f5ab4ec7cf64
2026-04-28T17:46:17.090Z - [DEBUG] Fetching orders for CustomerID: 69ec93ce2c76f5ab4ec7cf64. Detecting phone...
2026-04-28T21:23:56.065Z - SOCKET_JOIN - Client kkzeJh96OfrKhoSCAAB_ -> user_69ec93ce2c76f5ab4ec7cf64
2026-04-28T21:23:56.069Z - SOCKET_JOIN - Client tbE7YzkNLRdyIi4BAACA -> user_69ec93ce2c76f5ab4ec7cf64
2026-04-28T21:24:02.476Z - 📡 [TRAFFIC] 2:54:02 am | GET /api/notifications?userId=69eafd0d2c76f5ab4ec7b5f3&role=admin
2026-04-28T21:24:02.481Z - SOCKET_JOIN - Client wU5CYiHDJdFEPetiAACF -> user_69eafd0d2c76f5ab4ec7b5f3
2026-04-28T21:24:02.482Z - 📡 [TRAFFIC] 2:54:02 am | GET /api/master-services
2026-04-28T21:24:02.483Z - 📡 [TRAFFIC] 2:54:02 am | GET /api/categories/main
2026-04-28T21:24:02.486Z - SOCKET_JOIN - Client wU5CYiHDJdFEPetiAACF -> admins_pool
2026-04-28T21:24:02.487Z - SOCKET_JOIN - Client wU5CYiHDJdFEPetiAACF -> user_69eafd0d2c76f5ab4ec7b5f3
2026-04-28T21:24:02.487Z - SOCKET_JOIN - Client wU5CYiHDJdFEPetiAACF -> admins_pool
2026-04-28T21:24:02.618Z - 📡 [TRAFFIC] 2:54:02 am | GET /api/orders/my?customerId=69ec93ce2c76f5ab4ec7cf64
2026-04-28T21:24:02.618Z - [DEBUG] Fetching orders for CustomerID: 69ec93ce2c76f5ab4ec7cf64. Detecting phone...
2026-04-28T21:24:02.621Z - SOCKET_JOIN - Client v9oOVLCkbuStHXwcAACH -> user_69ec93ce2c76f5ab4ec7cf64
2026-04-28T21:24:02.645Z - SOCKET_JOIN - Client v9oOVLCkbuStHXwcAACH -> user_69ec93ce2c76f5ab4ec7cf64
2026-04-28T21:24:22.486Z - 📡 [TRAFFIC] 2:54:22 am | GET /api/notifications?userId=69eafd0d2c76f5ab4ec7b5f3&role=admin
2026-04-28T21:24:22.488Z - 📡 [TRAFFIC] 2:54:22 am | GET /api/master-services
2026-04-28T21:24:22.489Z - 📡 [TRAFFIC] 2:54:22 am | GET /api/categories/main
2026-04-28T21:24:22.642Z - 📡 [TRAFFIC] 2:54:22 am | GET /api/orders/my?customerId=69ec93ce2c76f5ab4ec7cf64
2026-04-28T21:24:22.642Z - [DEBUG] Fetching orders for CustomerID: 69ec93ce2c76f5ab4ec7cf64. Detecting phone...
2026-04-29T00:56:39.621Z - SOCKET_JOIN - Client syqk6TmybZwxbJe3AACK -> user_69ec93ce2c76f5ab4ec7cf64
2026-04-29T01:06:23.293Z - SOCKET_JOIN - Client 84PQGuRv74DmPXzHAACT -> user_69ec93ce2c76f5ab4ec7cf64
2026-04-29T01:06:23.967Z - SOCKET_JOIN - Client KpvTloX_KA6AusxqAACW -> user_69ec93ce2c76f5ab4ec7cf64
2026-04-29T01:06:23.982Z - 📡 [TRAFFIC] 6:36:23 am | GET /api/notifications?userId=69eafd0d2c76f5ab4ec7b5f3&role=admin
2026-04-29T01:06:23.987Z - 📡 [TRAFFIC] 6:36:23 am | GET /api/master-services
2026-04-29T01:06:23.989Z - 📡 [TRAFFIC] 6:36:23 am | GET /api/categories/main
2026-04-29T01:06:24.071Z - SOCKET_JOIN - Client VzqRqUl1JauvJB2CAACY -> user_69eafd0d2c76f5ab4ec7b5f3
2026-04-29T01:06:24.072Z - SOCKET_JOIN - Client VzqRqUl1JauvJB2CAACY -> admins_pool
2026-04-29T01:06:24.073Z - SOCKET_JOIN - Client VzqRqUl1JauvJB2CAACY -> user_69eafd0d2c76f5ab4ec7b5f3
2026-04-29T01:06:24.073Z - SOCKET_JOIN - Client VzqRqUl1JauvJB2CAACY -> admins_pool
2026-04-29T01:06:24.186Z - 📡 [TRAFFIC] 6:36:24 am | GET /api/orders/my?customerId=69ec93ce2c76f5ab4ec7cf64
2026-04-29T01:06:24.187Z - [DEBUG] Fetching orders for CustomerID: 69ec93ce2c76f5ab4ec7cf64. Detecting phone...
2026-04-29T01:06:24.191Z - SOCKET_JOIN - Client qQMIomVlR1eX7_exAACa -> user_69ec93ce2c76f5ab4ec7cf64
2026-04-29T01:06:24.206Z - SOCKET_JOIN - Client qQMIomVlR1eX7_exAACa -> user_69ec93ce2c76f5ab4ec7cf64
2026-04-29T03:38:02.786Z - SOCKET_JOIN - Client PHIlR66gKLlg8xrOAACg -> user_69ec93ce2c76f5ab4ec7cf64
2026-04-29T03:38:02.811Z - SOCKET_JOIN - Client tUIFBGUUHk1btq_BAACl -> user_69ec93ce2c76f5ab4ec7cf64
2026-04-29T03:38:09.514Z - SOCKET_JOIN - Client Kzt_EIeZg3tML16rAACr -> user_69eafd0d2c76f5ab4ec7b5f3
2026-04-29T03:38:09.531Z - SOCKET_JOIN - Client Kzt_EIeZg3tML16rAACr -> admins_pool
2026-04-29T03:38:09.532Z - SOCKET_JOIN - Client Kzt_EIeZg3tML16rAACr -> user_69eafd0d2c76f5ab4ec7b5f3
2026-04-29T03:38:09.534Z - SOCKET_JOIN - Client Kzt_EIeZg3tML16rAACr -> admins_pool
2026-04-29T03:38:09.556Z - 📡 [TRAFFIC] 9:08:09 am | GET /api/notifications?userId=69eafd0d2c76f5ab4ec7b5f3&role=admin
2026-04-29T03:38:09.566Z - 📡 [TRAFFIC] 9:08:09 am | GET /api/master-services
2026-04-29T03:38:09.569Z - 📡 [TRAFFIC] 9:08:09 am | GET /api/categories/main
2026-04-29T03:38:09.632Z - 📡 [TRAFFIC] 9:08:09 am | GET /api/orders/my?customerId=69ec93ce2c76f5ab4ec7cf64
2026-04-29T03:38:09.633Z - [DEBUG] Fetching orders for CustomerID: 69ec93ce2c76f5ab4ec7cf64. Detecting phone...
2026-04-29T03:38:09.641Z - SOCKET_JOIN - Client Uid3qDMdTA8LECqnAACs -> user_69ec93ce2c76f5ab4ec7cf64
2026-04-29T03:38:09.718Z - SOCKET_JOIN - Client Uid3qDMdTA8LECqnAACs -> user_69ec93ce2c76f5ab4ec7cf64
2026-04-29T03:38:29.574Z - 📡 [TRAFFIC] 9:08:29 am | GET /api/notifications?userId=69eafd0d2c76f5ab4ec7b5f3&role=admin
2026-04-29T03:38:29.576Z - 📡 [TRAFFIC] 9:08:29 am | GET /api/master-services
2026-04-29T03:38:29.578Z - 📡 [TRAFFIC] 9:08:29 am | GET /api/categories/main
2026-04-29T03:38:29.681Z - 📡 [TRAFFIC] 9:08:29 am | GET /api/orders/my?customerId=69ec93ce2c76f5ab4ec7cf64
2026-04-29T03:38:29.682Z - [DEBUG] Fetching orders for CustomerID: 69ec93ce2c76f5ab4ec7cf64. Detecting phone...
2026-04-29T03:42:37.964Z - SOCKET_JOIN - Client ER6-ry3QD51NYJLeAACu -> user_69ec93ce2c76f5ab4ec7cf64
2026-04-29T03:42:38.077Z - SOCKET_JOIN - Client ER6-ry3QD51NYJLeAACu -> user_69ec93ce2c76f5ab4ec7cf64
2026-04-29T04:23:24.833Z - SOCKET_JOIN - Client 5dhQvtb9AlpTUl9vAACw -> user_69ec93ce2c76f5ab4ec7cf64
2026-04-29T04:23:24.877Z - SOCKET_JOIN - Client 5dhQvtb9AlpTUl9vAACw -> user_69ec93ce2c76f5ab4ec7cf64
2026-04-29T04:23:29.196Z - 📡 [TRAFFIC] 9:53:29 am | POST /api/auth/request-otp
2026-04-29T04:23:32.248Z - 📡 [TRAFFIC] 9:53:32 am | POST /api/auth/verify-otp
2026-04-29T04:23:33.394Z - 📡 [TRAFFIC] 9:53:33 am | GET /api/admin/config
2026-04-29T04:23:33.407Z - SOCKET_JOIN - Client V2KNJSgSYCTNYpYWAACy -> user_69ec93ce2c76f5ab4ec7cf64
2026-04-29T04:23:33.409Z - 📡 [TRAFFIC] 9:53:33 am | GET /api/master-services
2026-04-29T04:23:33.414Z - 📡 [TRAFFIC] 9:53:33 am | GET /api/services?approvedOnly=true
2026-04-29T04:23:33.430Z - 📡 [TRAFFIC] 9:53:33 am | GET /api/categories/main
2026-04-29T04:23:33.445Z - SOCKET_JOIN - Client V2KNJSgSYCTNYpYWAACy -> user_69ec93ce2c76f5ab4ec7cf64
2026-04-29T04:23:33.459Z - 📡 [TRAFFIC] 9:53:33 am | GET /api/admin/config
2026-04-29T04:23:33.531Z - 📡 [TRAFFIC] 9:53:33 am | GET /api/auth/profile/69ec93ce2c76f5ab4ec7cf64
2026-04-29T04:23:33.604Z - 📡 [TRAFFIC] 9:53:33 am | GET /api/categories/main
2026-04-29T04:23:33.677Z - 📡 [TRAFFIC] 9:53:33 am | GET /api/auth/profile/69ec93ce2c76f5ab4ec7cf64
2026-04-29T04:23:33.878Z - 📡 [TRAFFIC] 9:53:33 am | GET /api/services?approvedOnly=true
2026-04-29T04:23:34.680Z - 📡 [TRAFFIC] 9:53:34 am | GET /api/master-services
2026-04-29T04:24:10.262Z - 📡 [TRAFFIC] 9:54:10 am | GET /api/orders/my?customerId=69ec93ce2c76f5ab4ec7cf64
2026-04-29T04:24:10.263Z - [DEBUG] Fetching orders for CustomerID: 69ec93ce2c76f5ab4ec7cf64. Detecting phone...
2026-04-29T04:24:10.297Z - [DEBUG] Found phone: 9999999991 for account 69ec93ce2c76f5ab4ec7cf64
2026-04-29T04:24:10.331Z - [DEBUG] Cross-account search for 9999999991. Found 1 linked IDs.
2026-04-29T04:24:10.453Z - [DEBUG] Orders found for 9999999991: 14
2026-04-29T04:24:10.469Z - 📡 [TRAFFIC] 9:54:10 am | GET /api/orders/my?customerId=69ec93ce2c76f5ab4ec7cf64
2026-04-29T04:24:10.470Z - [DEBUG] Fetching orders for CustomerID: 69ec93ce2c76f5ab4ec7cf64. Detecting phone...
2026-04-29T04:24:10.501Z - [DEBUG] Found phone: 9999999991 for account 69ec93ce2c76f5ab4ec7cf64
2026-04-29T04:24:10.532Z - [DEBUG] Cross-account search for 9999999991. Found 1 linked IDs.
2026-04-29T04:24:10.616Z - [DEBUG] Orders found for 9999999991: 14
2026-04-29T04:28:06.557Z - 📡 [TRAFFIC] 9:58:06 am | GET /api/tickets/order/69ef48341134cf2f3a798dd7
2026-04-29T04:28:06.603Z - 📡 [TRAFFIC] 9:58:06 am | GET /api/tickets/order/69ef48341134cf2f3a798dd7
2026-04-29T04:28:08.823Z - 📡 [TRAFFIC] 9:58:08 am | GET /api/orders/my?customerId=69ec93ce2c76f5ab4ec7cf64
2026-04-29T04:28:08.824Z - [DEBUG] Fetching orders for CustomerID: 69ec93ce2c76f5ab4ec7cf64. Detecting phone...
2026-04-29T04:28:08.860Z - [DEBUG] Found phone: 9999999991 for account 69ec93ce2c76f5ab4ec7cf64
2026-04-29T04:28:08.891Z - [DEBUG] Cross-account search for 9999999991. Found 1 linked IDs.
2026-04-29T04:28:09.010Z - [DEBUG] Orders found for 9999999991: 14
2026-04-29T04:28:09.022Z - 📡 [TRAFFIC] 9:58:09 am | GET /api/orders/my?customerId=69ec93ce2c76f5ab4ec7cf64
2026-04-29T04:28:09.023Z - [DEBUG] Fetching orders for CustomerID: 69ec93ce2c76f5ab4ec7cf64. Detecting phone...
2026-04-29T04:28:09.057Z - [DEBUG] Found phone: 9999999991 for account 69ec93ce2c76f5ab4ec7cf64
2026-04-29T04:28:09.087Z - [DEBUG] Cross-account search for 9999999991. Found 1 linked IDs.
2026-04-29T04:28:09.180Z - [DEBUG] Orders found for 9999999991: 14
2026-04-29T04:30:32.433Z - SOCKET_JOIN - Client ER6-ry3QD51NYJLeAACu -> user_69ec93ce2c76f5ab4ec7cf64
2026-04-29T04:30:32.952Z - SOCKET_JOIN - Client V2KNJSgSYCTNYpYWAACy -> user_69ec93ce2c76f5ab4ec7cf64
2026-04-29T04:32:33.720Z - 📡 [TRAFFIC] 10:02:33 am | POST /api/auth/request-otp
2026-04-29T04:32:37.269Z - 📡 [TRAFFIC] 10:02:37 am | POST /api/auth/verify-otp
2026-04-29T04:32:37.539Z - SOCKET_JOIN - Client gTL1HtOpGo-EP90jAAC1 -> user_69eafd0d2c76f5ab4ec7b5f3
2026-04-29T04:32:37.542Z - 📡 [TRAFFIC] 10:02:37 am | GET /api/notifications?userId=69eafd0d2c76f5ab4ec7b5f3&role=admin
2026-04-29T04:32:37.547Z - SOCKET_JOIN - Client gTL1HtOpGo-EP90jAAC1 -> admins_pool
2026-04-29T04:32:37.548Z - SOCKET_JOIN - Client gTL1HtOpGo-EP90jAAC1 -> user_69eafd0d2c76f5ab4ec7b5f3
2026-04-29T04:32:37.549Z - SOCKET_JOIN - Client gTL1HtOpGo-EP90jAAC1 -> admins_pool
2026-04-29T04:32:37.550Z - 📡 [TRAFFIC] 10:02:37 am | GET /api/admin/stats
2026-04-29T04:32:37.588Z - 📡 [TRAFFIC] 10:02:37 am | GET /api/notifications?userId=69eafd0d2c76f5ab4ec7b5f3&role=admin
2026-04-29T04:32:38.056Z - 📡 [TRAFFIC] 10:02:38 am | GET /api/admin/stats
2026-04-29T04:32:45.400Z - 📡 [TRAFFIC] 10:02:45 am | GET /api/tickets/admin/all
2026-04-29T04:32:45.527Z - 📡 [TRAFFIC] 10:02:45 am | GET /api/tickets/admin/all
2026-04-29T04:33:14.113Z - SOCKET_JOIN - Client gTL1HtOpGo-EP90jAAC1 -> user_69eafd0d2c76f5ab4ec7b5f3
2026-04-29T04:33:14.116Z - 📡 [TRAFFIC] 10:03:14 am | GET /api/notifications?userId=69eafd0d2c76f5ab4ec7b5f3&role=admin
2026-04-29T04:33:14.127Z - 📡 [TRAFFIC] 10:03:14 am | GET /api/tickets/admin/all
2026-04-29T04:33:14.152Z - 📡 [TRAFFIC] 10:03:14 am | GET /api/notifications?userId=69eafd0d2c76f5ab4ec7b5f3&role=admin
2026-04-29T04:33:14.203Z - 📡 [TRAFFIC] 10:03:14 am | GET /api/tickets/admin/all
2026-04-29T04:33:14.230Z - SOCKET_JOIN - Client gTL1HtOpGo-EP90jAAC1 -> admins_pool
2026-04-29T04:33:14.232Z - SOCKET_JOIN - Client gTL1HtOpGo-EP90jAAC1 -> user_69eafd0d2c76f5ab4ec7b5f3
2026-04-29T04:33:14.234Z - SOCKET_JOIN - Client gTL1HtOpGo-EP90jAAC1 -> admins_pool
2026-04-29T04:37:27.051Z - 📡 [TRAFFIC] 10:07:27 am | GET /api/tickets/admin/all
2026-04-29T04:37:27.055Z - 📡 [TRAFFIC] 10:07:27 am | GET /api/admin/config
2026-04-29T04:37:27.104Z - 📡 [TRAFFIC] 10:07:27 am | GET /api/admin/config
2026-04-29T04:37:27.142Z - 📡 [TRAFFIC] 10:07:27 am | GET /api/tickets/admin/all
2026-04-29T04:37:27.153Z - 📡 [TRAFFIC] 10:07:27 am | GET /api/tickets/69ef52f4fc5d400304f270b1
2026-04-29T04:37:27.275Z - 📡 [TRAFFIC] 10:07:27 am | GET /api/tickets/69ef52f4fc5d400304f270b1
2026-04-29T04:37:57.176Z - 📡 [TRAFFIC] 10:07:57 am | GET /api/notifications?userId=69eafd0d2c76f5ab4ec7b5f3&role=admin
2026-04-29T04:37:57.183Z - SOCKET_JOIN - Client gTL1HtOpGo-EP90jAAC1 -> user_69eafd0d2c76f5ab4ec7b5f3
2026-04-29T04:37:57.187Z - 📡 [TRAFFIC] 10:07:57 am | GET /api/tickets/admin/all
2026-04-29T04:37:57.200Z - 📡 [TRAFFIC] 10:07:57 am | GET /api/admin/config
2026-04-29T04:37:57.234Z - 📡 [TRAFFIC] 10:07:57 am | GET /api/notifications?userId=69eafd0d2c76f5ab4ec7b5f3&role=admin
2026-04-29T04:37:57.245Z - 📡 [TRAFFIC] 10:07:57 am | GET /api/admin/config
2026-04-29T04:37:57.271Z - 📡 [TRAFFIC] 10:07:57 am | GET /api/tickets/admin/all
2026-04-29T04:37:57.328Z - SOCKET_JOIN - Client gTL1HtOpGo-EP90jAAC1 -> admins_pool
2026-04-29T04:37:57.332Z - SOCKET_JOIN - Client gTL1HtOpGo-EP90jAAC1 -> user_69eafd0d2c76f5ab4ec7b5f3
2026-04-29T04:37:57.334Z - SOCKET_JOIN - Client gTL1HtOpGo-EP90jAAC1 -> admins_pool
2026-04-29T04:37:57.424Z - 📡 [TRAFFIC] 10:07:57 am | GET /api/tickets/69ef52f4fc5d400304f270b1
2026-04-29T04:37:57.684Z - 📡 [TRAFFIC] 10:07:57 am | GET /api/tickets/69ef52f4fc5d400304f270b1
2026-04-29T04:39:14.787Z - 📡 [TRAFFIC] 10:09:14 am | POST /api/admin/config
2026-04-29T04:39:24.649Z - 📡 [TRAFFIC] 10:09:24 am | GET /api/orders/my?customerId=69ec93ce2c76f5ab4ec7cf64
2026-04-29T04:39:24.650Z - [DEBUG] Fetching orders for CustomerID: 69ec93ce2c76f5ab4ec7cf64. Detecting phone...
2026-04-29T04:39:24.660Z - SOCKET_JOIN - Client q-d3X0ygjohkWbnbAAC6 -> user_69ec93ce2c76f5ab4ec7cf64
2026-04-29T04:39:24.691Z - [DEBUG] Found phone: 9999999991 for account 69ec93ce2c76f5ab4ec7cf64
2026-04-29T04:39:24.727Z - [DEBUG] Cross-account search for 9999999991. Found 1 linked IDs.
2026-04-29T04:39:24.749Z - SOCKET_JOIN - Client q-d3X0ygjohkWbnbAAC6 -> user_69ec93ce2c76f5ab4ec7cf64
2026-04-29T04:39:24.863Z - [DEBUG] Orders found for 9999999991: 14
2026-04-29T04:39:24.904Z - 📡 [TRAFFIC] 10:09:24 am | GET /api/orders/my?customerId=69ec93ce2c76f5ab4ec7cf64
2026-04-29T04:39:24.905Z - [DEBUG] Fetching orders for CustomerID: 69ec93ce2c76f5ab4ec7cf64. Detecting phone...
2026-04-29T04:39:24.948Z - [DEBUG] Found phone: 9999999991 for account 69ec93ce2c76f5ab4ec7cf64
2026-04-29T04:39:24.987Z - [DEBUG] Cross-account search for 9999999991. Found 1 linked IDs.
2026-04-29T04:39:25.086Z - [DEBUG] Orders found for 9999999991: 14
2026-04-29T04:39:27.885Z - 📡 [TRAFFIC] 10:09:27 am | GET /api/admin/config
2026-04-29T04:39:27.926Z - 📡 [TRAFFIC] 10:09:27 am | GET /api/admin/config
2026-04-29T04:39:27.932Z - 📡 [TRAFFIC] 10:09:27 am | GET /api/tickets/order/69ef752ad42d2cb3cc02e483
2026-04-29T04:39:27.977Z - 📡 [TRAFFIC] 10:09:27 am | GET /api/tickets/order/69ef752ad42d2cb3cc02e483
2026-04-29T04:39:33.123Z - 📡 [TRAFFIC] 10:09:33 am | GET /api/orders/my?customerId=69ec93ce2c76f5ab4ec7cf64
2026-04-29T04:39:33.124Z - [DEBUG] Fetching orders for CustomerID: 69ec93ce2c76f5ab4ec7cf64. Detecting phone...
2026-04-29T04:39:33.162Z - [DEBUG] Found phone: 9999999991 for account 69ec93ce2c76f5ab4ec7cf64
2026-04-29T04:39:33.201Z - [DEBUG] Cross-account search for 9999999991. Found 1 linked IDs.
2026-04-29T04:39:33.355Z - [DEBUG] Orders found for 9999999991: 14
2026-04-29T04:39:33.366Z - 📡 [TRAFFIC] 10:09:33 am | GET /api/orders/my?customerId=69ec93ce2c76f5ab4ec7cf64
2026-04-29T04:39:33.367Z - [DEBUG] Fetching orders for CustomerID: 69ec93ce2c76f5ab4ec7cf64. Detecting phone...
2026-04-29T04:39:33.406Z - [DEBUG] Found phone: 9999999991 for account 69ec93ce2c76f5ab4ec7cf64
2026-04-29T04:39:33.441Z - [DEBUG] Cross-account search for 9999999991. Found 1 linked IDs.
2026-04-29T04:39:33.543Z - [DEBUG] Orders found for 9999999991: 14
2026-04-29T04:53:54.043Z - 📡 [TRAFFIC] 10:23:54 am | GET /api/notifications?userId=69eafd0d2c76f5ab4ec7b5f3&role=admin
2026-04-29T04:53:54.048Z - SOCKET_JOIN - Client gTL1HtOpGo-EP90jAAC1 -> user_69eafd0d2c76f5ab4ec7b5f3
2026-04-29T04:53:54.052Z - 📡 [TRAFFIC] 10:23:54 am | GET /api/tickets/admin/all
2026-04-29T04:53:54.058Z - 📡 [TRAFFIC] 10:23:54 am | GET /api/admin/config
2026-04-29T04:53:54.081Z - 📡 [TRAFFIC] 10:23:54 am | GET /api/notifications?userId=69eafd0d2c76f5ab4ec7b5f3&role=admin
2026-04-29T04:53:54.103Z - 📡 [TRAFFIC] 10:23:54 am | GET /api/admin/config
2026-04-29T04:53:54.136Z - SOCKET_JOIN - Client gTL1HtOpGo-EP90jAAC1 -> admins_pool
2026-04-29T04:53:54.137Z - SOCKET_JOIN - Client gTL1HtOpGo-EP90jAAC1 -> user_69eafd0d2c76f5ab4ec7b5f3
2026-04-29T04:53:54.138Z - SOCKET_JOIN - Client gTL1HtOpGo-EP90jAAC1 -> admins_pool
2026-04-29T04:53:54.167Z - 📡 [TRAFFIC] 10:23:54 am | GET /api/tickets/admin/all
2026-04-29T04:53:54.926Z - 📡 [TRAFFIC] 10:23:54 am | GET /api/tickets/69ef52f4fc5d400304f270b1
2026-04-29T04:53:55.120Z - 📡 [TRAFFIC] 10:23:55 am | GET /api/tickets/69ef52f4fc5d400304f270b1
2026-04-29T04:54:17.575Z - 📡 [TRAFFIC] 10:24:17 am | GET /api/tickets/admin/all
2026-04-29T04:54:17.581Z - 📡 [TRAFFIC] 10:24:17 am | GET /api/admin/config
2026-04-29T04:54:19.343Z - 📡 [TRAFFIC] 10:24:19 am | GET /api/tickets/admin/all
2026-04-29T04:54:19.350Z - 📡 [TRAFFIC] 10:24:19 am | GET /api/admin/config
2026-04-29T04:54:19.458Z - 📡 [TRAFFIC] 10:24:19 am | GET /api/tickets/69ef52f4fc5d400304f270b1
2026-04-29T04:56:06.459Z - 📡 [TRAFFIC] 10:26:06 am | GET /api/tickets/admin/all
2026-04-29T04:56:06.464Z - 📡 [TRAFFIC] 10:26:06 am | GET /api/admin/config
2026-04-29T04:56:06.652Z - 📡 [TRAFFIC] 10:26:06 am | GET /api/tickets/69ef52f4fc5d400304f270b1
2026-04-29T04:57:58.394Z - 📡 [TRAFFIC] 10:27:58 am | GET /api/faqs
2026-04-29T04:57:58.436Z - 📡 [TRAFFIC] 10:27:58 am | GET /api/faqs
2026-04-29T05:01:16.876Z - 🚀 SERVER RESTARTED AT 2026-04-29T05:01:16.871Z ON PORT 5001
2026-04-29T05:01:17.442Z - SOCKET_JOIN - Client cpeVlaiT3oJs5curAAAB -> user_69ec93ce2c76f5ab4ec7cf64
2026-04-29T05:01:18.422Z - SOCKET_JOIN - Client E5YS7dXaq7z7s8dDAAAF -> user_69ec93ce2c76f5ab4ec7cf64
2026-04-29T05:01:32.514Z - 📡 [TRAFFIC] 10:31:32 am | GET /api/faqs
2026-04-29T05:01:32.588Z - 📡 [TRAFFIC] 10:31:32 am | GET /api/faqs
2026-04-29T05:01:34.471Z - 📡 [TRAFFIC] 10:31:34 am | GET /api/tickets/customer/69ec93ce2c76f5ab4ec7cf64
2026-04-29T05:01:34.530Z - 📡 [TRAFFIC] 10:31:34 am | GET /api/tickets/customer/69ec93ce2c76f5ab4ec7cf64
2026-04-29T05:01:49.765Z - 📡 [TRAFFIC] 10:31:49 am | POST /api/tickets/create
2026-04-29T05:01:57.321Z - 📡 [TRAFFIC] 10:31:57 am | POST /api/tickets/create
2026-04-29T05:02:03.231Z - 📡 [TRAFFIC] 10:32:03 am | POST /api/tickets/create
2026-04-29T05:02:18.977Z - SOCKET_JOIN - Client liSM0hJy2uf2fxM0AAAL -> user_69ec93ce2c76f5ab4ec7cf64
2026-04-29T05:02:19.014Z - 📡 [TRAFFIC] 10:32:19 am | GET /api/tickets/customer/69ec93ce2c76f5ab4ec7cf64
2026-04-29T05:02:19.082Z - 📡 [TRAFFIC] 10:32:19 am | GET /api/tickets/customer/69ec93ce2c76f5ab4ec7cf64
2026-04-29T05:02:19.094Z - SOCKET_JOIN - Client liSM0hJy2uf2fxM0AAAL -> user_69ec93ce2c76f5ab4ec7cf64
2026-04-29T05:02:27.940Z - 📡 [TRAFFIC] 10:32:27 am | GET /api/notifications?userId=69eafd0d2c76f5ab4ec7b5f3&role=admin
2026-04-29T05:02:27.948Z - SOCKET_JOIN - Client wH7BHjnBtFhVjcBTAAAN -> user_69eafd0d2c76f5ab4ec7b5f3
2026-04-29T05:02:27.957Z - 📡 [TRAFFIC] 10:32:27 am | GET /api/tickets/admin/all
2026-04-29T05:02:27.982Z - 📡 [TRAFFIC] 10:32:27 am | GET /api/admin/config
2026-04-29T05:02:27.994Z - SOCKET_JOIN - Client wH7BHjnBtFhVjcBTAAAN -> admins_pool
2026-04-29T05:02:27.996Z - SOCKET_JOIN - Client wH7BHjnBtFhVjcBTAAAN -> user_69eafd0d2c76f5ab4ec7b5f3
2026-04-29T05:02:27.998Z - SOCKET_JOIN - Client wH7BHjnBtFhVjcBTAAAN -> admins_pool
2026-04-29T05:02:28.039Z - 📡 [TRAFFIC] 10:32:28 am | GET /api/notifications?userId=69eafd0d2c76f5ab4ec7b5f3&role=admin
2026-04-29T05:02:28.111Z - 📡 [TRAFFIC] 10:32:28 am | GET /api/admin/config
2026-04-29T05:02:28.146Z - 📡 [TRAFFIC] 10:32:28 am | GET /api/tickets/admin/all
2026-04-29T05:02:28.170Z - 📡 [TRAFFIC] 10:32:28 am | GET /api/tickets/69f190cb3cda0e64f0ae3414
2026-04-29T05:02:28.265Z - 📡 [TRAFFIC] 10:32:28 am | GET /api/tickets/69f190cb3cda0e64f0ae3414
2026-04-29T05:10:18.472Z - SOCKET_JOIN - Client cpeVlaiT3oJs5curAAAB -> user_69ec93ce2c76f5ab4ec7cf64
2026-04-29T05:10:19.422Z - SOCKET_JOIN - Client liSM0hJy2uf2fxM0AAAL -> user_69ec93ce2c76f5ab4ec7cf64
2026-04-29T05:10:29.400Z - 📡 [TRAFFIC] 10:40:29 am | GET /api/tickets/customer/69ec93ce2c76f5ab4ec7cf64
2026-04-29T05:11:23.441Z - 📡 [TRAFFIC] 10:41:23 am | GET /api/tickets/69f190cb3cda0e64f0ae3414
2026-04-29T05:11:27.986Z - 📡 [TRAFFIC] 10:41:27 am | POST /api/tickets/69f190cb3cda0e64f0ae3414/message
2026-04-29T05:11:28.086Z - 📡 [TRAFFIC] 10:41:28 am | GET /api/tickets/69f190cb3cda0e64f0ae3414
2026-04-29T05:11:28.177Z - 📡 [TRAFFIC] 10:41:28 am | GET /api/tickets/admin/all
2026-04-29T05:11:34.021Z - 📡 [TRAFFIC] 10:41:34 am | GET /api/tickets/customer/69ec93ce2c76f5ab4ec7cf64
2026-04-29T05:11:34.028Z - SOCKET_JOIN - Client Z2I1YG9xy5YZeM1oAAAP -> user_69ec93ce2c76f5ab4ec7cf64
2026-04-29T05:11:34.151Z - SOCKET_JOIN - Client Z2I1YG9xy5YZeM1oAAAP -> user_69ec93ce2c76f5ab4ec7cf64
2026-04-29T05:11:34.207Z - 📡 [TRAFFIC] 10:41:34 am | GET /api/tickets/customer/69ec93ce2c76f5ab4ec7cf64
2026-04-29T05:11:40.732Z - 📡 [TRAFFIC] 10:41:40 am | GET /api/tickets/69f190cb3cda0e64f0ae3414
2026-04-29T05:11:45.411Z - 📡 [TRAFFIC] 10:41:45 am | PATCH /api/tickets/admin/69f190cb3cda0e64f0ae3414/status
2026-04-29T05:11:45.480Z - 📡 [TRAFFIC] 10:41:45 am | GET /api/tickets/69f190cb3cda0e64f0ae3414
2026-04-29T05:11:45.581Z - 📡 [TRAFFIC] 10:41:45 am | GET /api/tickets/admin/all
2026-04-29T05:11:48.226Z - 📡 [TRAFFIC] 10:41:48 am | GET /api/tickets/69f190cb3cda0e64f0ae3414
2026-04-29T05:11:51.681Z - 📡 [TRAFFIC] 10:41:51 am | GET /api/tickets/customer/69ec93ce2c76f5ab4ec7cf64
2026-04-29T05:11:51.689Z - 📡 [TRAFFIC] 10:41:51 am | GET /api/tickets/69f190cb3cda0e64f0ae3414
2026-04-29T05:11:51.697Z - SOCKET_JOIN - Client Oo5_g2-j5lRlZQ3xAAAR -> user_69ec93ce2c76f5ab4ec7cf64
2026-04-29T05:11:51.840Z - SOCKET_JOIN - Client Oo5_g2-j5lRlZQ3xAAAR -> user_69ec93ce2c76f5ab4ec7cf64
2026-04-29T05:11:51.881Z - 📡 [TRAFFIC] 10:41:51 am | GET /api/tickets/customer/69ec93ce2c76f5ab4ec7cf64
2026-04-29T05:11:51.908Z - 📡 [TRAFFIC] 10:41:51 am | GET /api/tickets/69f190cb3cda0e64f0ae3414
2026-04-29T05:11:59.501Z - 📡 [TRAFFIC] 10:41:59 am | GET /api/tickets/69f190cb3cda0e64f0ae3414
2026-04-29T05:12:02.995Z - 📡 [TRAFFIC] 10:42:02 am | GET /api/tickets/69f190cb3cda0e64f0ae3414
2026-04-29T05:12:11.505Z - 📡 [TRAFFIC] 10:42:11 am | GET /api/tickets/69f190cb3cda0e64f0ae3414
2026-04-29T05:16:33.302Z - 📡 [TRAFFIC] 10:46:33 am | POST /api/auth/request-otp
2026-04-29T05:16:36.543Z - 📡 [TRAFFIC] 10:46:36 am | POST /api/auth/verify-otp
2026-04-29T05:16:39.304Z - 📡 [TRAFFIC] 10:46:39 am | GET /api/orders/vendor?vendorId=69ec93ce2c76f5ab4ec7cf65
2026-04-29T05:16:39.314Z - 📡 [TRAFFIC] 10:46:39 am | GET /api/orders/pool?vendorId=69ec93ce2c76f5ab4ec7cf65
2026-04-29T05:16:39.321Z - 📡 [TRAFFIC] 10:46:39 am | GET /api/notifications?userId=69ec93ce2c76f5ab4ec7cf65&role=vendor
2026-04-29T05:16:39.328Z - SOCKET_JOIN - Client EafEwUEwFS0yCaUbAAAT -> vendors_pool
2026-04-29T05:16:39.373Z - 📡 [TRAFFIC] 10:46:39 am | GET /api/notifications?userId=69ec93ce2c76f5ab4ec7cf65&role=vendor
2026-04-29T05:16:39.398Z - 📡 [TRAFFIC] 10:46:39 am | GET /api/orders/pool?vendorId=69ec93ce2c76f5ab4ec7cf65
2026-04-29T05:16:39.474Z - SOCKET_JOIN - Client EafEwUEwFS0yCaUbAAAT -> user_69ec93ce2c76f5ab4ec7cf65
2026-04-29T05:16:39.476Z - SOCKET_JOIN - Client EafEwUEwFS0yCaUbAAAT -> vendors_pool
2026-04-29T05:16:39.490Z - SOCKET_JOIN - Client EafEwUEwFS0yCaUbAAAT -> user_69ec93ce2c76f5ab4ec7cf65
2026-04-29T05:16:39.543Z - 📡 [TRAFFIC] 10:46:39 am | GET /api/orders/vendor?vendorId=69ec93ce2c76f5ab4ec7cf65
2026-04-29T05:16:53.167Z - SOCKET_JOIN - Client EafEwUEwFS0yCaUbAAAT -> user_69ec93ce2c76f5ab4ec7cf65
2026-04-29T05:16:53.173Z - 📡 [TRAFFIC] 10:46:53 am | GET /api/faqs
2026-04-29T05:16:53.186Z - SOCKET_JOIN - Client EafEwUEwFS0yCaUbAAAT -> vendors_pool
2026-04-29T05:16:53.195Z - SOCKET_JOIN - Client EafEwUEwFS0yCaUbAAAT -> user_69ec93ce2c76f5ab4ec7cf65
2026-04-29T05:16:53.197Z - SOCKET_JOIN - Client EafEwUEwFS0yCaUbAAAT -> vendors_pool
2026-04-29T05:16:53.245Z - 📡 [TRAFFIC] 10:46:53 am | GET /api/faqs
2026-04-29T05:16:54.661Z - 📡 [TRAFFIC] 10:46:54 am | GET /api/tickets/customer/69ec93ce2c76f5ab4ec7cf65
2026-04-29T05:16:55.135Z - 📡 [TRAFFIC] 10:46:55 am | GET /api/tickets/customer/69ec93ce2c76f5ab4ec7cf65
2026-04-29T05:17:05.464Z - 📡 [TRAFFIC] 10:47:05 am | POST /api/tickets/create
2026-04-29T05:17:13.082Z - 📡 [TRAFFIC] 10:47:13 am | GET /api/notifications?userId=69eafd0d2c76f5ab4ec7b5f3&role=admin
2026-04-29T05:17:13.089Z - SOCKET_JOIN - Client tlUduCc6jq4CW7jxAAAV -> user_69eafd0d2c76f5ab4ec7b5f3
2026-04-29T05:17:13.092Z - 📡 [TRAFFIC] 10:47:13 am | GET /api/tickets/admin/all
2026-04-29T05:17:13.098Z - 📡 [TRAFFIC] 10:47:13 am | GET /api/admin/config
2026-04-29T05:17:13.112Z - SOCKET_JOIN - Client tlUduCc6jq4CW7jxAAAV -> admins_pool
2026-04-29T05:17:13.114Z - SOCKET_JOIN - Client tlUduCc6jq4CW7jxAAAV -> user_69eafd0d2c76f5ab4ec7b5f3
2026-04-29T05:17:13.121Z - SOCKET_JOIN - Client tlUduCc6jq4CW7jxAAAV -> admins_pool
2026-04-29T05:17:13.162Z - 📡 [TRAFFIC] 10:47:13 am | GET /api/notifications?userId=69eafd0d2c76f5ab4ec7b5f3&role=admin
2026-04-29T05:17:13.232Z - 📡 [TRAFFIC] 10:47:13 am | GET /api/tickets/admin/all
2026-04-29T05:17:13.239Z - 📡 [TRAFFIC] 10:47:13 am | GET /api/tickets/69f190cb3cda0e64f0ae3414
2026-04-29T05:17:13.327Z - 📡 [TRAFFIC] 10:47:13 am | GET /api/tickets/69f190cb3cda0e64f0ae3414
2026-04-29T05:17:13.410Z - 📡 [TRAFFIC] 10:47:13 am | GET /api/admin/config
2026-04-29T05:21:33.468Z - 📡 [TRAFFIC] 10:51:33 am | GET /api/tickets/admin/all
2026-04-29T05:21:33.473Z - 📡 [TRAFFIC] 10:51:33 am | GET /api/admin/config
2026-04-29T05:21:33.562Z - 📡 [TRAFFIC] 10:51:33 am | GET /api/tickets/69f190cb3cda0e64f0ae3414
2026-04-29T05:22:06.470Z - 📡 [TRAFFIC] 10:52:06 am | GET /api/tickets/admin/all
2026-04-29T05:22:06.474Z - 📡 [TRAFFIC] 10:52:06 am | GET /api/admin/config
2026-04-29T05:22:06.559Z - 📡 [TRAFFIC] 10:52:06 am | GET /api/tickets/69f194513cda0e64f0ae3500
2026-04-29T05:22:11.887Z - 📡 [TRAFFIC] 10:52:11 am | GET /api/tickets/admin/all
2026-04-29T05:22:11.893Z - 📡 [TRAFFIC] 10:52:11 am | GET /api/admin/config
2026-04-29T05:22:11.992Z - 📡 [TRAFFIC] 10:52:11 am | GET /api/tickets/69f190cb3cda0e64f0ae3414
2026-04-29T05:22:13.637Z - 📡 [TRAFFIC] 10:52:13 am | GET /api/tickets/admin/all
2026-04-29T05:22:13.641Z - 📡 [TRAFFIC] 10:52:13 am | GET /api/admin/config
2026-04-29T05:22:15.697Z - 📡 [TRAFFIC] 10:52:15 am | GET /api/tickets/admin/all
2026-04-29T05:22:15.701Z - 📡 [TRAFFIC] 10:52:15 am | GET /api/admin/config
2026-04-29T05:22:15.785Z - 📡 [TRAFFIC] 10:52:15 am | GET /api/tickets/69f190cb3cda0e64f0ae3414
2026-04-29T05:22:17.442Z - 📡 [TRAFFIC] 10:52:17 am | GET /api/tickets/admin/all
2026-04-29T05:22:17.446Z - 📡 [TRAFFIC] 10:52:17 am | GET /api/admin/config
2026-04-29T05:22:17.545Z - 📡 [TRAFFIC] 10:52:17 am | GET /api/tickets/69f194513cda0e64f0ae3500
2026-04-29T05:25:01.387Z - 📡 [TRAFFIC] 10:55:01 am | GET /api/tickets/customer/69ec93ce2c76f5ab4ec7cf65
2026-04-29T05:27:45.718Z - 📡 [TRAFFIC] 10:57:45 am | GET /api/tickets/admin/all
2026-04-29T05:27:45.801Z - 📡 [TRAFFIC] 10:57:45 am | GET /api/tickets/admin/all
2026-04-29T05:28:25.667Z - 📡 [TRAFFIC] 10:58:25 am | GET /api/orders/vendor?vendorId=69ec93ce2c76f5ab4ec7cf65
2026-04-29T05:28:25.677Z - SOCKET_JOIN - Client EafEwUEwFS0yCaUbAAAT -> vendors_pool
2026-04-29T05:28:25.679Z - 📡 [TRAFFIC] 10:58:25 am | GET /api/orders/pool?vendorId=69ec93ce2c76f5ab4ec7cf65
2026-04-29T05:28:25.684Z - 📡 [TRAFFIC] 10:58:25 am | GET /api/notifications?userId=69ec93ce2c76f5ab4ec7cf65&role=vendor
2026-04-29T05:28:25.720Z - 📡 [TRAFFIC] 10:58:25 am | GET /api/notifications?userId=69ec93ce2c76f5ab4ec7cf65&role=vendor
2026-04-29T05:28:25.768Z - SOCKET_JOIN - Client EafEwUEwFS0yCaUbAAAT -> user_69ec93ce2c76f5ab4ec7cf65
2026-04-29T05:28:25.771Z - SOCKET_JOIN - Client EafEwUEwFS0yCaUbAAAT -> vendors_pool
2026-04-29T05:28:25.775Z - SOCKET_JOIN - Client EafEwUEwFS0yCaUbAAAT -> user_69ec93ce2c76f5ab4ec7cf65
2026-04-29T05:28:25.787Z - 📡 [TRAFFIC] 10:58:25 am | GET /api/orders/pool?vendorId=69ec93ce2c76f5ab4ec7cf65
2026-04-29T05:28:25.804Z - 📡 [TRAFFIC] 10:58:25 am | GET /api/orders/vendor?vendorId=69ec93ce2c76f5ab4ec7cf65
2026-04-29T05:28:34.632Z - 📡 [TRAFFIC] 10:58:34 am | GET /api/auth/profile/69ec93ce2c76f5ab4ec7cf65
2026-04-29T05:28:34.710Z - 📡 [TRAFFIC] 10:58:34 am | GET /api/auth/profile/69ec93ce2c76f5ab4ec7cf65
2026-04-29T05:28:36.256Z - 📡 [TRAFFIC] 10:58:36 am | GET /api/ads/active
2026-04-29T05:28:36.299Z - 📡 [TRAFFIC] 10:58:36 am | GET /api/ads/active
2026-04-29T05:28:36.330Z - 📡 [TRAFFIC] 10:58:36 am | GET /uploads//uploads/ads/ad-1776840922950-642798316.mp4
2026-04-29T05:28:56.572Z - 📡 [TRAFFIC] 10:58:56 am | POST /api/auth/request-otp
2026-04-29T05:28:59.389Z - 📡 [TRAFFIC] 10:58:59 am | POST /api/auth/verify-otp
2026-04-29T05:29:01.354Z - 📡 [TRAFFIC] 10:59:01 am | GET /api/admin/config
2026-04-29T05:29:01.361Z - 📡 [TRAFFIC] 10:59:01 am | GET /api/master-services
2026-04-29T05:29:01.372Z - 📡 [TRAFFIC] 10:59:01 am | GET /api/categories/main
2026-04-29T05:29:01.382Z - 📡 [TRAFFIC] 10:59:01 am | GET /api/services?approvedOnly=true
2026-04-29T05:29:01.406Z - SOCKET_JOIN - Client _KBIW09shJzmaz9LAAAa -> user_69ec93ce2c76f5ab4ec7cf64
2026-04-29T05:29:01.422Z - 📡 [TRAFFIC] 10:59:01 am | GET /api/admin/config
2026-04-29T05:29:01.441Z - 📡 [TRAFFIC] 10:59:01 am | GET /api/master-services
2026-04-29T05:29:01.450Z - 📡 [TRAFFIC] 10:59:01 am | GET /api/categories/main
2026-04-29T05:29:01.480Z - SOCKET_JOIN - Client _KBIW09shJzmaz9LAAAa -> user_69ec93ce2c76f5ab4ec7cf64
2026-04-29T05:29:01.510Z - 📡 [TRAFFIC] 10:59:01 am | GET /api/services?approvedOnly=true
2026-04-29T05:29:01.537Z - 📡 [TRAFFIC] 10:59:01 am | GET /api/auth/profile/69ec93ce2c76f5ab4ec7cf64
2026-04-29T05:29:01.609Z - 📡 [TRAFFIC] 10:59:01 am | GET /api/auth/profile/69ec93ce2c76f5ab4ec7cf64
2026-04-29T05:36:20.560Z - 🚀 SERVER RESTARTED AT 2026-04-29T05:36:20.557Z ON PORT 5001
2026-04-29T05:36:21.741Z - 📡 [TRAFFIC] 11:06:21 am | GET /api/maintenance/fix-master-categories
2026-04-29T05:36:24.400Z - SOCKET_JOIN - Client znDI1K_dz1slAAvaAAAI -> user_69ec93ce2c76f5ab4ec7cf64
2026-04-29T05:36:24.413Z - SOCKET_JOIN - Client W9ObcaaCWw3KRwDEAAAJ -> user_69ec93ce2c76f5ab4ec7cf64
2026-04-29T05:36:33.452Z - SOCKET_JOIN - Client Kc4mIMrq0ohXSdq2AAAL -> user_69ec93ce2c76f5ab4ec7cf64
2026-04-29T05:36:33.483Z - 📡 [TRAFFIC] 11:06:33 am | GET /api/admin/config
2026-04-29T05:36:33.535Z - 📡 [TRAFFIC] 11:06:33 am | GET /api/master-services
2026-04-29T05:36:33.588Z - 📡 [TRAFFIC] 11:06:33 am | GET /api/services?approvedOnly=true
2026-04-29T05:36:33.685Z - 📡 [TRAFFIC] 11:06:33 am | GET /api/categories/main
2026-04-29T05:36:33.785Z - SOCKET_JOIN - Client Kc4mIMrq0ohXSdq2AAAL -> user_69ec93ce2c76f5ab4ec7cf64
2026-04-29T05:36:33.809Z - 📡 [TRAFFIC] 11:06:33 am | GET /api/admin/config
2026-04-29T05:36:33.851Z - 📡 [TRAFFIC] 11:06:33 am | GET /api/categories/main
2026-04-29T05:36:33.903Z - 📡 [TRAFFIC] 11:06:33 am | GET /api/services?approvedOnly=true
2026-04-29T05:36:33.943Z - 📡 [TRAFFIC] 11:06:33 am | GET /api/master-services
2026-04-29T05:36:33.973Z - 📡 [TRAFFIC] 11:06:33 am | GET /api/auth/profile/69ec93ce2c76f5ab4ec7cf64
2026-04-29T05:36:34.027Z - 📡 [TRAFFIC] 11:06:34 am | GET /api/auth/profile/69ec93ce2c76f5ab4ec7cf64
2026-04-29T05:36:42.445Z - 📡 [TRAFFIC] 11:06:42 am | GET /api/orders/my?customerId=69ec93ce2c76f5ab4ec7cf64
2026-04-29T05:36:42.450Z - [DEBUG] Fetching orders for CustomerID: 69ec93ce2c76f5ab4ec7cf64. Detecting phone...
2026-04-29T05:36:42.489Z - [DEBUG] Found phone: 9999999991 for account 69ec93ce2c76f5ab4ec7cf64
2026-04-29T05:36:42.529Z - [DEBUG] Cross-account search for 9999999991. Found 1 linked IDs.
2026-04-29T05:36:42.812Z - [DEBUG] Orders found for 9999999991: 14
2026-04-29T05:36:42.823Z - 📡 [TRAFFIC] 11:06:42 am | GET /api/orders/my?customerId=69ec93ce2c76f5ab4ec7cf64
2026-04-29T05:36:42.824Z - [DEBUG] Fetching orders for CustomerID: 69ec93ce2c76f5ab4ec7cf64. Detecting phone...
2026-04-29T05:36:42.869Z - [DEBUG] Found phone: 9999999991 for account 69ec93ce2c76f5ab4ec7cf64
2026-04-29T05:36:42.903Z - [DEBUG] Cross-account search for 9999999991. Found 1 linked IDs.
2026-04-29T05:36:43.060Z - [DEBUG] Orders found for 9999999991: 14
2026-04-29T05:36:51.927Z - 📡 [TRAFFIC] 11:06:51 am | GET /api/orders/69f074f95f30c35402ccc249
2026-04-29T05:36:52.012Z - 📡 [TRAFFIC] 11:06:52 am | GET /api/orders/69f074f95f30c35402ccc249
2026-04-29T05:37:09.849Z - 📡 [TRAFFIC] 11:07:09 am | GET /api/orders/my?customerId=69ec93ce2c76f5ab4ec7cf64
2026-04-29T05:37:09.850Z - [DEBUG] Fetching orders for CustomerID: 69ec93ce2c76f5ab4ec7cf64. Detecting phone...
2026-04-29T05:37:09.932Z - [DEBUG] Found phone: 9999999991 for account 69ec93ce2c76f5ab4ec7cf64
2026-04-29T05:37:09.969Z - [DEBUG] Cross-account search for 9999999991. Found 1 linked IDs.
2026-04-29T05:37:10.111Z - [DEBUG] Orders found for 9999999991: 14
2026-04-29T05:37:10.124Z - 📡 [TRAFFIC] 11:07:10 am | GET /api/orders/my?customerId=69ec93ce2c76f5ab4ec7cf64
2026-04-29T05:37:10.125Z - [DEBUG] Fetching orders for CustomerID: 69ec93ce2c76f5ab4ec7cf64. Detecting phone...
2026-04-29T05:37:10.164Z - [DEBUG] Found phone: 9999999991 for account 69ec93ce2c76f5ab4ec7cf64
2026-04-29T05:37:10.208Z - [DEBUG] Cross-account search for 9999999991. Found 1 linked IDs.
2026-04-29T05:37:10.568Z - [DEBUG] Orders found for 9999999991: 14
2026-04-29T05:45:19.836Z - 📡 [TRAFFIC] 11:15:19 am | GET /api/admin/config
2026-04-29T05:45:19.844Z - 📡 [TRAFFIC] 11:15:19 am | GET /api/services?approvedOnly=true
2026-04-29T05:45:19.853Z - 📡 [TRAFFIC] 11:15:19 am | GET /api/master-services
2026-04-29T05:45:19.859Z - 📡 [TRAFFIC] 11:15:19 am | GET /api/categories/main
2026-04-29T05:45:19.885Z - 📡 [TRAFFIC] 11:15:19 am | GET /api/admin/config
2026-04-29T05:45:19.919Z - 📡 [TRAFFIC] 11:15:19 am | GET /api/auth/profile/69ec93ce2c76f5ab4ec7cf64
2026-04-29T05:45:19.930Z - 📡 [TRAFFIC] 11:15:19 am | GET /api/categories/main
2026-04-29T05:45:19.963Z - 📡 [TRAFFIC] 11:15:19 am | GET /api/services?approvedOnly=true
2026-04-29T05:45:20.005Z - 📡 [TRAFFIC] 11:15:20 am | GET /api/master-services
2026-04-29T05:45:20.051Z - 📡 [TRAFFIC] 11:15:20 am | GET /api/auth/profile/69ec93ce2c76f5ab4ec7cf64
2026-04-29T05:45:54.467Z - 📡 [TRAFFIC] 11:15:54 am | GET /api/orders/69ef48341134cf2f3a798dd7
2026-04-29T05:45:54.481Z - SOCKET_JOIN - Client gW5yf4SmMX8qbM2hAAAN -> vendors_pool
2026-04-29T05:45:54.523Z - SOCKET_JOIN - Client gW5yf4SmMX8qbM2hAAAN -> user_69ec93ce2c76f5ab4ec7cf65
2026-04-29T05:45:54.529Z - SOCKET_JOIN - Client gW5yf4SmMX8qbM2hAAAN -> vendors_pool
2026-04-29T05:45:54.534Z - SOCKET_JOIN - Client gW5yf4SmMX8qbM2hAAAN -> user_69ec93ce2c76f5ab4ec7cf65
2026-04-29T05:45:54.594Z - 📡 [TRAFFIC] 11:15:54 am | GET /api/orders/69ef48341134cf2f3a798dd7
2026-04-29T05:46:03.262Z - 📡 [TRAFFIC] 11:16:03 am | GET /api/orders/vendor?vendorId=69ec93ce2c76f5ab4ec7cf65
2026-04-29T05:46:03.267Z - 📡 [TRAFFIC] 11:16:03 am | GET /api/orders/pool?vendorId=69ec93ce2c76f5ab4ec7cf65
2026-04-29T05:46:03.274Z - 📡 [TRAFFIC] 11:16:03 am | GET /api/notifications?userId=69ec93ce2c76f5ab4ec7cf65&role=vendor
2026-04-29T05:46:03.323Z - 📡 [TRAFFIC] 11:16:03 am | GET /api/notifications?userId=69ec93ce2c76f5ab4ec7cf65&role=vendor
2026-04-29T05:46:03.401Z - 📡 [TRAFFIC] 11:16:03 am | GET /api/orders/pool?vendorId=69ec93ce2c76f5ab4ec7cf65
2026-04-29T05:46:03.444Z - 📡 [TRAFFIC] 11:16:03 am | GET /api/orders/vendor?vendorId=69ec93ce2c76f5ab4ec7cf65
2026-04-29T05:46:12.844Z - 📡 [TRAFFIC] 11:16:12 am | GET /api/services?vendorId=69ec93ce2c76f5ab4ec7cf65
2026-04-29T05:46:12.928Z - 📡 [TRAFFIC] 11:16:12 am | GET /api/services?vendorId=69ec93ce2c76f5ab4ec7cf65
2026-04-29T05:46:12.939Z - 📡 [TRAFFIC] 11:16:12 am | GET /api/auth/profile/69ec93ce2c76f5ab4ec7cf65
2026-04-29T05:46:13.021Z - 📡 [TRAFFIC] 11:16:13 am | GET /api/auth/profile/69ec93ce2c76f5ab4ec7cf65
2026-04-29T05:46:15.883Z - 📡 [TRAFFIC] 11:16:15 am | GET /api/orders/vendor?vendorId=69ec93ce2c76f5ab4ec7cf65
2026-04-29T05:46:15.898Z - 📡 [TRAFFIC] 11:16:15 am | GET /api/orders/pool?vendorId=69ec93ce2c76f5ab4ec7cf65
2026-04-29T05:46:15.907Z - 📡 [TRAFFIC] 11:16:15 am | GET /api/notifications?userId=69ec93ce2c76f5ab4ec7cf65&role=vendor
2026-04-29T05:46:15.950Z - 📡 [TRAFFIC] 11:16:15 am | GET /api/notifications?userId=69ec93ce2c76f5ab4ec7cf65&role=vendor
2026-04-29T05:46:16.058Z - 📡 [TRAFFIC] 11:16:16 am | GET /api/orders/pool?vendorId=69ec93ce2c76f5ab4ec7cf65
2026-04-29T05:46:16.068Z - 📡 [TRAFFIC] 11:16:16 am | GET /api/orders/vendor?vendorId=69ec93ce2c76f5ab4ec7cf65
2026-04-29T05:51:31.027Z - 📡 [TRAFFIC] 11:21:31 am | GET /api/orders/vendor?vendorId=69ec93ce2c76f5ab4ec7cf65
2026-04-29T05:51:31.312Z - 📡 [TRAFFIC] 11:21:31 am | GET /api/orders/pool?vendorId=69ec93ce2c76f5ab4ec7cf65
2026-04-29T05:51:31.349Z - 📡 [TRAFFIC] 11:21:31 am | GET /api/notifications?userId=69ec93ce2c76f5ab4ec7cf65&role=vendor
2026-04-29T05:51:31.404Z - SOCKET_JOIN - Client 74-jLzE_iEdchDTIAAAP -> vendors_pool
2026-04-29T05:51:31.647Z - SOCKET_JOIN - Client 74-jLzE_iEdchDTIAAAP -> user_69ec93ce2c76f5ab4ec7cf65
2026-04-29T05:51:31.653Z - SOCKET_JOIN - Client 74-jLzE_iEdchDTIAAAP -> vendors_pool
2026-04-29T05:51:31.656Z - SOCKET_JOIN - Client 74-jLzE_iEdchDTIAAAP -> user_69ec93ce2c76f5ab4ec7cf65
2026-04-29T05:51:31.660Z - 📡 [TRAFFIC] 11:21:31 am | GET /api/notifications?userId=69ec93ce2c76f5ab4ec7cf65&role=vendor
2026-04-29T05:51:31.666Z - 📡 [TRAFFIC] 11:21:31 am | GET /api/orders/vendor?vendorId=69ec93ce2c76f5ab4ec7cf65
2026-04-29T05:51:31.685Z - 📡 [TRAFFIC] 11:21:31 am | GET /api/orders/pool?vendorId=69ec93ce2c76f5ab4ec7cf65
2026-04-29T05:51:46.520Z - SOCKET_JOIN - Client W40dgi1pCXe90PVFAAAR -> user_69eafd0d2c76f5ab4ec7b5f3
2026-04-29T05:51:46.549Z - SOCKET_JOIN - Client W40dgi1pCXe90PVFAAAR -> admins_pool
2026-04-29T05:51:46.551Z - SOCKET_JOIN - Client W40dgi1pCXe90PVFAAAR -> user_69eafd0d2c76f5ab4ec7b5f3
2026-04-29T05:51:46.557Z - SOCKET_JOIN - Client W40dgi1pCXe90PVFAAAR -> admins_pool
2026-04-29T05:52:04.245Z - SOCKET_JOIN - Client OBslSSjKTud4sysxAAAT -> user_69ec93ce2c76f5ab4ec7cf65
2026-04-29T05:52:04.293Z - SOCKET_JOIN - Client OBslSSjKTud4sysxAAAT -> vendors_pool
2026-04-29T05:52:04.302Z - SOCKET_JOIN - Client OBslSSjKTud4sysxAAAT -> user_69ec93ce2c76f5ab4ec7cf65
2026-04-29T05:52:04.305Z - SOCKET_JOIN - Client OBslSSjKTud4sysxAAAT -> vendors_pool
2026-04-29T05:52:11.964Z - 📡 [TRAFFIC] 11:22:11 am | POST /api/auth/request-otp
2026-04-29T05:52:14.911Z - 📡 [TRAFFIC] 11:22:14 am | POST /api/auth/verify-otp
2026-04-29T05:52:16.105Z - 📡 [TRAFFIC] 11:22:16 am | GET /api/orders/vendor?vendorId=69ec93ce2c76f5ab4ec7cf65
2026-04-29T05:52:16.114Z - 📡 [TRAFFIC] 11:22:16 am | GET /api/orders/pool?vendorId=69ec93ce2c76f5ab4ec7cf65
2026-04-29T05:52:16.121Z - 📡 [TRAFFIC] 11:22:16 am | GET /api/notifications?userId=69ec93ce2c76f5ab4ec7cf65&role=vendor
2026-04-29T05:52:16.128Z - SOCKET_JOIN - Client MRtjRT_9lZW4MyNUAAAV -> vendors_pool
2026-04-29T05:52:16.158Z - SOCKET_JOIN - Client MRtjRT_9lZW4MyNUAAAV -> user_69ec93ce2c76f5ab4ec7cf65
2026-04-29T05:52:16.162Z - SOCKET_JOIN - Client MRtjRT_9lZW4MyNUAAAV -> vendors_pool
2026-04-29T05:52:16.165Z - SOCKET_JOIN - Client MRtjRT_9lZW4MyNUAAAV -> user_69ec93ce2c76f5ab4ec7cf65
2026-04-29T05:52:16.181Z - 📡 [TRAFFIC] 11:22:16 am | GET /api/notifications?userId=69ec93ce2c76f5ab4ec7cf65&role=vendor
2026-04-29T05:52:16.219Z - 📡 [TRAFFIC] 11:22:16 am | GET /api/orders/pool?vendorId=69ec93ce2c76f5ab4ec7cf65
2026-04-29T05:52:16.313Z - 📡 [TRAFFIC] 11:22:16 am | GET /api/orders/vendor?vendorId=69ec93ce2c76f5ab4ec7cf65
2026-04-29T05:56:18.935Z - 📡 [TRAFFIC] 11:26:18 am | GET /api/auth/profile/69ec93ce2c76f5ab4ec7cf65
2026-04-29T05:56:19.001Z - 📡 [TRAFFIC] 11:26:19 am | GET /api/auth/profile/69ec93ce2c76f5ab4ec7cf65
2026-04-29T05:58:26.429Z - 📡 [TRAFFIC] 11:28:26 am | GET /api/auth/profile/69ec93ce2c76f5ab4ec7cf65
2026-04-29T06:02:22.426Z - 📡 [TRAFFIC] 11:32:22 am | GET /api/auth/profile/69ec93ce2c76f5ab4ec7cf65
2026-04-29T06:03:18.427Z - 📡 [TRAFFIC] 11:33:18 am | GET /api/auth/profile/69ec93ce2c76f5ab4ec7cf65
2026-04-29T06:03:30.944Z - 📡 [TRAFFIC] 11:33:30 am | GET /api/services?vendorId=69ec93ce2c76f5ab4ec7cf65
2026-04-29T06:03:31.027Z - 📡 [TRAFFIC] 11:33:31 am | GET /api/services?vendorId=69ec93ce2c76f5ab4ec7cf65
2026-04-29T06:03:31.041Z - 📡 [TRAFFIC] 11:33:31 am | GET /api/auth/profile/69ec93ce2c76f5ab4ec7cf65
2026-04-29T06:03:31.140Z - 📡 [TRAFFIC] 11:33:31 am | GET /api/auth/profile/69ec93ce2c76f5ab4ec7cf65
2026-04-29T06:09:56.491Z - SOCKET_JOIN - Client MRtjRT_9lZW4MyNUAAAV -> vendors_pool
2026-04-29T06:09:56.502Z - SOCKET_JOIN - Client MRtjRT_9lZW4MyNUAAAV -> user_69ec93ce2c76f5ab4ec7cf65
2026-04-29T06:09:56.502Z - SOCKET_JOIN - Client MRtjRT_9lZW4MyNUAAAV -> vendors_pool
2026-04-29T06:09:56.503Z - SOCKET_JOIN - Client MRtjRT_9lZW4MyNUAAAV -> user_69ec93ce2c76f5ab4ec7cf65
2026-04-29T06:10:39.172Z - 📡 [TRAFFIC] 11:40:39 am | GET /api/services?vendorId=69ec93ce2c76f5ab4ec7cf65
2026-04-29T06:10:40.022Z - 📡 [TRAFFIC] 11:40:40 am | GET /api/services?vendorId=69ec93ce2c76f5ab4ec7cf65
2026-04-29T06:10:40.025Z - 📡 [TRAFFIC] 11:40:40 am | GET /api/auth/profile/69ec93ce2c76f5ab4ec7cf65
2026-04-29T06:10:40.780Z - 📡 [TRAFFIC] 11:40:40 am | GET /api/auth/profile/69ec93ce2c76f5ab4ec7cf65
2026-04-29T06:12:40.290Z - 📡 [TRAFFIC] 11:42:40 am | GET /api/services?vendorId=69ec93ce2c76f5ab4ec7cf65
2026-04-29T06:12:40.533Z - 📡 [TRAFFIC] 11:42:40 am | GET /api/services?vendorId=69ec93ce2c76f5ab4ec7cf65
2026-04-29T06:12:40.535Z - 📡 [TRAFFIC] 11:42:40 am | GET /api/auth/profile/69ec93ce2c76f5ab4ec7cf65
2026-04-29T06:12:40.767Z - 📡 [TRAFFIC] 11:42:40 am | GET /api/auth/profile/69ec93ce2c76f5ab4ec7cf65
2026-04-29T06:17:50.111Z - 📡 [TRAFFIC] 11:47:50 am | GET /api/orders/vendor?vendorId=69ec93ce2c76f5ab4ec7cf65
2026-04-29T06:17:50.115Z - 📡 [TRAFFIC] 11:47:50 am | GET /api/orders/pool?vendorId=69ec93ce2c76f5ab4ec7cf65
2026-04-29T06:17:50.117Z - 📡 [TRAFFIC] 11:47:50 am | GET /api/notifications?userId=69ec93ce2c76f5ab4ec7cf65&role=vendor
2026-04-29T06:17:50.321Z - 📡 [TRAFFIC] 11:47:50 am | GET /api/orders/pool?vendorId=69ec93ce2c76f5ab4ec7cf65
2026-04-29T06:17:50.752Z - 📡 [TRAFFIC] 11:47:50 am | GET /api/orders/vendor?vendorId=69ec93ce2c76f5ab4ec7cf65
2026-04-29T06:17:51.862Z - 📡 [TRAFFIC] 11:47:51 am | GET /api/notifications?userId=69ec93ce2c76f5ab4ec7cf65&role=vendor
2026-04-29T06:17:59.165Z - 📡 [TRAFFIC] 11:47:59 am | GET /api/orders/vendor?vendorId=69ec93ce2c76f5ab4ec7cf65
2026-04-29T06:17:59.168Z - 📡 [TRAFFIC] 11:47:59 am | GET /api/orders/pool?vendorId=69ec93ce2c76f5ab4ec7cf65
2026-04-29T06:17:59.170Z - 📡 [TRAFFIC] 11:47:59 am | GET /api/notifications?userId=69ec93ce2c76f5ab4ec7cf65&role=vendor
2026-04-29T06:17:59.629Z - 📡 [TRAFFIC] 11:47:59 am | GET /api/notifications?userId=69ec93ce2c76f5ab4ec7cf65&role=vendor
2026-04-29T06:17:59.761Z - 📡 [TRAFFIC] 11:47:59 am | GET /api/orders/pool?vendorId=69ec93ce2c76f5ab4ec7cf65
2026-04-29T06:18:00.042Z - 📡 [TRAFFIC] 11:48:00 am | GET /api/orders/vendor?vendorId=69ec93ce2c76f5ab4ec7cf65
2026-04-29T06:19:54.565Z - 📡 [TRAFFIC] 11:49:54 am | GET /api/orders/vendor?vendorId=69ec93ce2c76f5ab4ec7cf65
2026-04-29T06:19:54.568Z - 📡 [TRAFFIC] 11:49:54 am | GET /api/orders/pool?vendorId=69ec93ce2c76f5ab4ec7cf65
2026-04-29T06:19:54.570Z - 📡 [TRAFFIC] 11:49:54 am | GET /api/notifications?userId=69ec93ce2c76f5ab4ec7cf65&role=vendor
2026-04-29T06:19:54.664Z - 📡 [TRAFFIC] 11:49:54 am | GET /api/notifications?userId=69ec93ce2c76f5ab4ec7cf65&role=vendor
2026-04-29T06:19:54.736Z - 📡 [TRAFFIC] 11:49:54 am | GET /api/orders/pool?vendorId=69ec93ce2c76f5ab4ec7cf65
2026-04-29T06:19:55.006Z - 📡 [TRAFFIC] 11:49:55 am | GET /api/orders/vendor?vendorId=69ec93ce2c76f5ab4ec7cf65
2026-04-29T06:20:00.957Z - 📡 [TRAFFIC] 11:50:00 am | GET /api/jobs/vendor?vendorId=69ec93ce2c76f5ab4ec7cf65
2026-04-29T06:20:00.960Z - 📡 [TRAFFIC] 11:50:00 am | GET /api/jobs/vendor/69ec93ce2c76f5ab4ec7cf65/applications
2026-04-29T06:20:01.096Z - 📡 [TRAFFIC] 11:50:01 am | GET /api/jobs/vendor?vendorId=69ec93ce2c76f5ab4ec7cf65
2026-04-29T06:20:01.141Z - 📡 [TRAFFIC] 11:50:01 am | GET /api/jobs/vendor/69ec93ce2c76f5ab4ec7cf65/applications
2026-04-29T06:20:06.557Z - 📡 [TRAFFIC] 11:50:06 am | GET /api/orders/vendor?vendorId=69ec93ce2c76f5ab4ec7cf65
2026-04-29T06:20:06.560Z - 📡 [TRAFFIC] 11:50:06 am | GET /api/orders/pool?vendorId=69ec93ce2c76f5ab4ec7cf65
2026-04-29T06:20:06.563Z - 📡 [TRAFFIC] 11:50:06 am | GET /api/notifications?userId=69ec93ce2c76f5ab4ec7cf65&role=vendor
2026-04-29T06:20:06.718Z - 📡 [TRAFFIC] 11:50:06 am | GET /api/notifications?userId=69ec93ce2c76f5ab4ec7cf65&role=vendor
2026-04-29T06:20:06.721Z - 📡 [TRAFFIC] 11:50:06 am | GET /api/orders/pool?vendorId=69ec93ce2c76f5ab4ec7cf65
2026-04-29T06:20:06.863Z - 📡 [TRAFFIC] 11:50:06 am | GET /api/orders/vendor?vendorId=69ec93ce2c76f5ab4ec7cf65
2026-04-29T06:20:15.072Z - 📡 [TRAFFIC] 11:50:15 am | GET /api/auth/profile/69ec93ce2c76f5ab4ec7cf65
2026-04-29T06:20:15.731Z - 📡 [TRAFFIC] 11:50:15 am | GET /api/auth/profile/69ec93ce2c76f5ab4ec7cf65
2026-04-29T06:24:50.395Z - SOCKET_JOIN - Client 5pOtG1golR-ilFVcAAAX -> user_69ec93ce2c76f5ab4ec7cf64
2026-04-29T06:24:50.458Z - SOCKET_JOIN - Client 5pOtG1golR-ilFVcAAAX -> user_69ec93ce2c76f5ab4ec7cf64
2026-04-29T06:26:26.735Z - 📡 [TRAFFIC] 11:56:26 am | GET /api/admin/config
2026-04-29T06:26:26.740Z - 📡 [TRAFFIC] 11:56:26 am | GET /api/master-services
2026-04-29T06:26:26.743Z - 📡 [TRAFFIC] 11:56:26 am | GET /api/services?approvedOnly=true
2026-04-29T06:26:26.747Z - 📡 [TRAFFIC] 11:56:26 am | GET /api/categories/main
2026-04-29T06:26:28.320Z - 📡 [TRAFFIC] 11:56:28 am | GET /api/admin/config
2026-04-29T06:26:28.328Z - 📡 [TRAFFIC] 11:56:28 am | GET /api/auth/profile/69ec93ce2c76f5ab4ec7cf64
2026-04-29T06:26:29.697Z - 📡 [TRAFFIC] 11:56:29 am | GET /api/services?approvedOnly=true
2026-04-29T06:26:30.094Z - 📡 [TRAFFIC] 11:56:30 am | GET /api/master-services
2026-04-29T06:26:31.420Z - 📡 [TRAFFIC] 11:56:31 am | GET /api/categories/main
2026-04-29T06:26:31.500Z - 📡 [TRAFFIC] 11:56:31 am | GET /api/auth/profile/69ec93ce2c76f5ab4ec7cf64
2026-04-29T06:26:46.617Z - 📡 [TRAFFIC] 11:56:46 am | GET /api/faqs
2026-04-29T06:26:46.724Z - 📡 [TRAFFIC] 11:56:46 am | GET /api/faqs
2026-04-29T06:28:25.062Z - 📡 [TRAFFIC] 11:58:25 am | GET /api/faqs
2026-04-29T06:28:25.209Z - 📡 [TRAFFIC] 11:58:25 am | GET /api/faqs
2026-04-29T06:32:21.372Z - 📡 [TRAFFIC] 12:02:21 pm | GET /api/faqs
2026-04-29T06:34:52.279Z - 🚀 SERVER RESTARTED AT 2026-04-29T06:34:52.278Z ON PORT 5001
2026-04-29T06:34:52.456Z - SOCKET_JOIN - Client 3Qhjmy_2VbECNbmAAAAE -> user_69ec93ce2c76f5ab4ec7cf64
2026-04-29T06:34:52.459Z - SOCKET_JOIN - Client mSJCZCjSTwRD2QUTAAAF -> user_69ec93ce2c76f5ab4ec7cf64
2026-04-29T06:36:13.230Z - 📡 [TRAFFIC] 12:06:13 pm | GET /api/faqs
2026-04-29T06:36:13.322Z - 📡 [TRAFFIC] 12:06:13 pm | GET /api/faqs
2026-04-29T06:36:15.690Z - 📡 [TRAFFIC] 12:06:15 pm | GET /api/faqs
2026-04-29T06:36:15.907Z - 📡 [TRAFFIC] 12:06:15 pm | GET /api/faqs
2026-04-29T06:36:22.662Z - 📡 [TRAFFIC] 12:06:22 pm | GET /api/admin/config
2026-04-29T06:36:22.665Z - 📡 [TRAFFIC] 12:06:22 pm | GET /api/master-services
2026-04-29T06:36:22.671Z - 📡 [TRAFFIC] 12:06:22 pm | GET /api/services?approvedOnly=true
2026-04-29T06:36:22.676Z - 📡 [TRAFFIC] 12:06:22 pm | GET /api/categories/main
2026-04-29T06:36:22.750Z - 📡 [TRAFFIC] 12:06:22 pm | GET /api/admin/config
2026-04-29T06:36:22.754Z - 📡 [TRAFFIC] 12:06:22 pm | GET /api/auth/profile/69ec93ce2c76f5ab4ec7cf64
2026-04-29T06:36:22.806Z - 📡 [TRAFFIC] 12:06:22 pm | GET /api/categories/main
2026-04-29T06:36:22.851Z - 📡 [TRAFFIC] 12:06:22 pm | GET /api/auth/profile/69ec93ce2c76f5ab4ec7cf64
2026-04-29T06:36:23.055Z - 📡 [TRAFFIC] 12:06:23 pm | GET /api/services?approvedOnly=true
2026-04-29T06:36:23.149Z - 📡 [TRAFFIC] 12:06:23 pm | GET /api/master-services
2026-04-29T06:46:03.605Z - 📡 [TRAFFIC] 12:16:03 pm | GET /api/auth/profile/69ec93ce2c76f5ab4ec7cf65
2026-04-29T06:46:03.608Z - SOCKET_JOIN - Client sFCL_8_NRL062ag5AAAD -> vendors_pool
2026-04-29T06:46:03.626Z - SOCKET_JOIN - Client 5Myam1oRGEJbpwYtAAAJ -> user_69eafd0d2c76f5ab4ec7b5f3
2026-04-29T06:46:03.630Z - 📡 [TRAFFIC] 12:16:03 pm | GET /api/notifications?userId=69eafd0d2c76f5ab4ec7b5f3&role=admin
2026-04-29T06:46:03.647Z - 📡 [TRAFFIC] 12:16:03 pm | GET /api/notifications?userId=69eafd0d2c76f5ab4ec7b5f3&role=admin
2026-04-29T06:46:03.650Z - SOCKET_JOIN - Client 4FTmcmCX4B-5Oqr4AAAH -> user_69eafd0d2c76f5ab4ec7b5f3
2026-04-29T06:46:03.652Z - 📡 [TRAFFIC] 12:16:03 pm | GET /api/faqs
2026-04-29T06:46:03.658Z - SOCKET_JOIN - Client 4FTmcmCX4B-5Oqr4AAAH -> admins_pool
2026-04-29T06:46:03.660Z - SOCKET_JOIN - Client 4FTmcmCX4B-5Oqr4AAAH -> user_69eafd0d2c76f5ab4ec7b5f3
2026-04-29T06:46:03.660Z - SOCKET_JOIN - Client 4FTmcmCX4B-5Oqr4AAAH -> admins_pool
2026-04-29T06:46:03.674Z - SOCKET_JOIN - Client 3Qhjmy_2VbECNbmAAAAE -> user_69ec93ce2c76f5ab4ec7cf64
2026-04-29T06:46:03.679Z - SOCKET_JOIN - Client sFCL_8_NRL062ag5AAAD -> user_69ec93ce2c76f5ab4ec7cf65
2026-04-29T06:46:03.683Z - SOCKET_JOIN - Client sFCL_8_NRL062ag5AAAD -> vendors_pool
2026-04-29T06:46:03.685Z - SOCKET_JOIN - Client sFCL_8_NRL062ag5AAAD -> user_69ec93ce2c76f5ab4ec7cf65
2026-04-29T06:46:03.691Z - 📡 [TRAFFIC] 12:16:03 pm | GET /api/tickets/admin/all
2026-04-29T06:46:03.706Z - SOCKET_JOIN - Client 3Qhjmy_2VbECNbmAAAAE -> user_69ec93ce2c76f5ab4ec7cf64
2026-04-29T06:46:03.711Z - SOCKET_JOIN - Client 5Myam1oRGEJbpwYtAAAJ -> admins_pool
2026-04-29T06:46:03.713Z - SOCKET_JOIN - Client 5Myam1oRGEJbpwYtAAAJ -> user_69eafd0d2c76f5ab4ec7b5f3
2026-04-29T06:46:03.714Z - SOCKET_JOIN - Client 5Myam1oRGEJbpwYtAAAJ -> admins_pool
2026-04-29T06:46:03.724Z - 📡 [TRAFFIC] 12:16:03 pm | GET /api/notifications?userId=69eafd0d2c76f5ab4ec7b5f3&role=admin
2026-04-29T06:46:03.731Z - 📡 [TRAFFIC] 12:16:03 pm | GET /api/admin/config
2026-04-29T06:46:03.734Z - 📡 [TRAFFIC] 12:16:03 pm | GET /api/master-services
2026-04-29T06:46:03.739Z - 📡 [TRAFFIC] 12:16:03 pm | GET /api/services?approvedOnly=true
2026-04-29T06:46:03.742Z - 📡 [TRAFFIC] 12:16:03 pm | GET /api/categories/main
2026-04-29T06:46:03.747Z - 📡 [TRAFFIC] 12:16:03 pm | GET /api/notifications?userId=69eafd0d2c76f5ab4ec7b5f3&role=admin
2026-04-29T06:46:03.784Z - 📡 [TRAFFIC] 12:16:03 pm | GET /api/faqs
2026-04-29T06:46:03.808Z - SOCKET_JOIN - Client mSJCZCjSTwRD2QUTAAAF -> user_69ec93ce2c76f5ab4ec7cf64
2026-04-29T06:46:03.846Z - 📡 [TRAFFIC] 12:16:03 pm | GET /api/admin/config
2026-04-29T06:46:03.861Z - SOCKET_JOIN - Client mSJCZCjSTwRD2QUTAAAF -> user_69ec93ce2c76f5ab4ec7cf64
2026-04-29T06:46:04.000Z - 📡 [TRAFFIC] 12:16:03 pm | GET /api/tickets/admin/all
2026-04-29T06:46:04.097Z - 📡 [TRAFFIC] 12:16:04 pm | GET /api/auth/profile/69ec93ce2c76f5ab4ec7cf64
2026-04-29T06:46:04.194Z - 📡 [TRAFFIC] 12:16:04 pm | GET /api/auth/profile/69ec93ce2c76f5ab4ec7cf64
2026-04-29T06:46:04.347Z - 📡 [TRAFFIC] 12:16:04 pm | GET /api/auth/profile/69ec93ce2c76f5ab4ec7cf65
2026-04-29T06:46:04.387Z - 📡 [TRAFFIC] 12:16:04 pm | GET /api/categories/main
2026-04-29T06:46:04.425Z - 📡 [TRAFFIC] 12:16:04 pm | GET /api/services?approvedOnly=true
2026-04-29T06:46:05.262Z - 📡 [TRAFFIC] 12:16:05 pm | GET /api/master-services
2026-04-29T06:46:14.416Z - 📡 [TRAFFIC] 12:16:14 pm | GET /api/admin/config
2026-04-29T06:46:14.419Z - 📡 [TRAFFIC] 12:16:14 pm | GET /api/master-services
2026-04-29T06:46:14.421Z - 📡 [TRAFFIC] 12:16:14 pm | GET /api/services?approvedOnly=true
2026-04-29T06:46:14.424Z - 📡 [TRAFFIC] 12:16:14 pm | GET /api/categories/main
2026-04-29T06:46:14.568Z - 📡 [TRAFFIC] 12:16:14 pm | GET /api/auth/profile/69ec93ce2c76f5ab4ec7cf64
2026-04-29T06:59:35.245Z - 📡 [TRAFFIC] 12:29:35 pm | GET /api/admin/config
2026-04-29T06:59:35.249Z - 📡 [TRAFFIC] 12:29:35 pm | GET /api/master-services
2026-04-29T06:59:35.254Z - SOCKET_JOIN - Client v8DKtBHn5EFBRKHVAAAN -> user_69ec93ce2c76f5ab4ec7cf64
2026-04-29T06:59:35.257Z - 📡 [TRAFFIC] 12:29:35 pm | GET /api/services?approvedOnly=true
2026-04-29T06:59:35.264Z - 📡 [TRAFFIC] 12:29:35 pm | GET /api/categories/main
2026-04-29T06:59:35.290Z - SOCKET_JOIN - Client v8DKtBHn5EFBRKHVAAAN -> user_69ec93ce2c76f5ab4ec7cf64
2026-04-29T06:59:35.378Z - 📡 [TRAFFIC] 12:29:35 pm | GET /api/categories/main
2026-04-29T06:59:35.419Z - 📡 [TRAFFIC] 12:29:35 pm | GET /api/admin/config
2026-04-29T06:59:35.421Z - 📡 [TRAFFIC] 12:29:35 pm | GET /api/services?approvedOnly=true
2026-04-29T06:59:35.466Z - 📡 [TRAFFIC] 12:29:35 pm | GET /api/auth/profile/69ec93ce2c76f5ab4ec7cf64
2026-04-29T06:59:35.995Z - 📡 [TRAFFIC] 12:29:35 pm | GET /api/auth/profile/69ec93ce2c76f5ab4ec7cf64
2026-04-29T06:59:37.753Z - 📡 [TRAFFIC] 12:29:37 pm | GET /api/master-services
2026-04-29T07:05:35.061Z - 📡 [TRAFFIC] 12:35:35 pm | POST /api/auth/request-otp
2026-04-29T07:05:37.228Z - 📡 [TRAFFIC] 12:35:37 pm | POST /api/auth/request-otp
2026-04-29T07:05:42.319Z - 📡 [TRAFFIC] 12:35:42 pm | POST /api/auth/verify-otp
2026-04-29T07:05:44.633Z - 📡 [TRAFFIC] 12:35:44 pm | GET /api/admin/config
2026-04-29T07:05:44.639Z - 📡 [TRAFFIC] 12:35:44 pm | GET /api/master-services
2026-04-29T07:05:44.643Z - 📡 [TRAFFIC] 12:35:44 pm | GET /api/services?approvedOnly=true
2026-04-29T07:05:44.647Z - 📡 [TRAFFIC] 12:35:44 pm | GET /api/categories/main
2026-04-29T07:05:44.652Z - SOCKET_JOIN - Client hzYPiLnfmv9UcVLwAAAP -> user_69ec93ce2c76f5ab4ec7cf64
2026-04-29T07:05:44.666Z - SOCKET_JOIN - Client hzYPiLnfmv9UcVLwAAAP -> user_69ec93ce2c76f5ab4ec7cf64
2026-04-29T07:05:44.744Z - 📡 [TRAFFIC] 12:35:44 pm | GET /api/categories/main
2026-04-29T07:05:45.186Z - 📡 [TRAFFIC] 12:35:45 pm | GET /api/admin/config
2026-04-29T07:05:45.189Z - 📡 [TRAFFIC] 12:35:45 pm | GET /api/auth/profile/69ec93ce2c76f5ab4ec7cf64
2026-04-29T07:05:45.382Z - 📡 [TRAFFIC] 12:35:45 pm | GET /api/services?approvedOnly=true
2026-04-29T07:05:45.817Z - 📡 [TRAFFIC] 12:35:45 pm | GET /api/auth/profile/69ec93ce2c76f5ab4ec7cf64
2026-04-29T07:05:46.457Z - 📡 [TRAFFIC] 12:35:46 pm | GET /api/master-services
2026-04-29T07:10:04.130Z - 📡 [TRAFFIC] 12:40:04 pm | POST /api/auth/request-otp
2026-04-29T07:10:09.291Z - 📡 [TRAFFIC] 12:40:09 pm | POST /api/auth/verify-otp
2026-04-29T07:10:15.834Z - 📡 [TRAFFIC] 12:40:15 pm | GET /api/admin/config
2026-04-29T07:10:15.838Z - 📡 [TRAFFIC] 12:40:15 pm | GET /api/master-services
2026-04-29T07:10:15.842Z - 📡 [TRAFFIC] 12:40:15 pm | GET /api/services?approvedOnly=true
2026-04-29T07:10:15.846Z - 📡 [TRAFFIC] 12:40:15 pm | GET /api/categories/main
2026-04-29T07:10:15.853Z - SOCKET_JOIN - Client SAWtQPNTh3_Le1PvAAAR -> user_69ec93ce2c76f5ab4ec7cf64
2026-04-29T07:10:15.860Z - SOCKET_JOIN - Client SAWtQPNTh3_Le1PvAAAR -> user_69ec93ce2c76f5ab4ec7cf64
2026-04-29T07:10:16.597Z - 📡 [TRAFFIC] 12:40:16 pm | GET /api/categories/main
2026-04-29T07:10:17.028Z - 📡 [TRAFFIC] 12:40:17 pm | GET /api/admin/config
2026-04-29T07:10:17.033Z - 📡 [TRAFFIC] 12:40:17 pm | GET /api/auth/profile/69ec93ce2c76f5ab4ec7cf64
2026-04-29T07:10:17.268Z - 📡 [TRAFFIC] 12:40:17 pm | GET /api/services?approvedOnly=true
2026-04-29T07:10:17.989Z - 📡 [TRAFFIC] 12:40:17 pm | GET /api/auth/profile/69ec93ce2c76f5ab4ec7cf64
2026-04-29T07:10:18.707Z - 📡 [TRAFFIC] 12:40:18 pm | GET /api/master-services
2026-04-29T07:27:00.129Z - 🚀 SERVER RESTARTED AT 2026-04-29T07:27:00.127Z ON PORT 5001
2026-04-29T07:27:02.384Z - SOCKET_JOIN - Client znRfa9rK1UF6pD6BAAAH -> user_69ec93ce2c76f5ab4ec7cf64
2026-04-29T07:27:02.687Z - SOCKET_JOIN - Client NieqC8GLD4l2Tgs9AAAJ -> user_69ec93ce2c76f5ab4ec7cf64
2026-04-29T07:27:10.661Z - 📡 [TRAFFIC] 12:57:10 pm | GET /api/master-services
2026-04-29T07:27:10.667Z - 📡 [TRAFFIC] 12:57:10 pm | GET /api/admin/config
2026-04-29T07:27:10.673Z - 📡 [TRAFFIC] 12:57:10 pm | GET /api/services?approvedOnly=true
2026-04-29T07:27:10.678Z - 📡 [TRAFFIC] 12:57:10 pm | GET /api/categories/main
2026-04-29T07:27:10.737Z - 📡 [TRAFFIC] 12:57:10 pm | GET /api/admin/config
2026-04-29T07:27:10.750Z - 📡 [TRAFFIC] 12:57:10 pm | GET /api/auth/profile/69ec93ce2c76f5ab4ec7cf64
2026-04-29T07:27:10.755Z - 📡 [TRAFFIC] 12:57:10 pm | GET /api/categories/main
2026-04-29T07:27:10.791Z - 📡 [TRAFFIC] 12:57:10 pm | GET /api/services?approvedOnly=true
2026-04-29T07:27:10.797Z - 📡 [TRAFFIC] 12:57:10 pm | GET /api/auth/profile/69ec93ce2c76f5ab4ec7cf64
2026-04-29T07:27:10.827Z - 📡 [TRAFFIC] 12:57:10 pm | GET /api/master-services
2026-04-29T07:36:14.383Z - 🚀 SERVER RESTARTED AT 2026-04-29T07:36:14.381Z ON PORT 5001
2026-04-29T07:36:14.450Z - SOCKET_JOIN - Client TmLfgh0VbViV-VNPAAAJ -> user_69ec93ce2c76f5ab4ec7cf64
2026-04-29T07:36:14.451Z - SOCKET_JOIN - Client xjog66c3WuU26dToAAAI -> user_69ec93ce2c76f5ab4ec7cf64
2026-04-29T07:36:33.682Z - 📡 [TRAFFIC] 1:06:33 pm | GET /api/orders/my?customerId=69ec93ce2c76f5ab4ec7cf64
2026-04-29T07:36:33.685Z - [DEBUG] Fetching orders for CustomerID: 69ec93ce2c76f5ab4ec7cf64. Detecting phone...
2026-04-29T07:36:33.736Z - [DEBUG] Found phone: 9999999991 for account 69ec93ce2c76f5ab4ec7cf64
2026-04-29T07:36:33.785Z - [DEBUG] Cross-account search for 9999999991. Found 1 linked IDs.
2026-04-29T07:36:34.006Z - [DEBUG] Orders found for 9999999991: 14
2026-04-29T07:36:34.028Z - 📡 [TRAFFIC] 1:06:34 pm | GET /api/orders/my?customerId=69ec93ce2c76f5ab4ec7cf64
2026-04-29T07:36:34.030Z - [DEBUG] Fetching orders for CustomerID: 69ec93ce2c76f5ab4ec7cf64. Detecting phone...
2026-04-29T07:36:34.077Z - [DEBUG] Found phone: 9999999991 for account 69ec93ce2c76f5ab4ec7cf64
2026-04-29T07:36:34.123Z - [DEBUG] Cross-account search for 9999999991. Found 1 linked IDs.
2026-04-29T07:36:34.327Z - [DEBUG] Orders found for 9999999991: 14
2026-04-29T07:36:39.060Z - 📡 [TRAFFIC] 1:06:39 pm | GET /api/orders/69f074f95f30c35402ccc249
2026-04-29T07:36:39.179Z - 📡 [TRAFFIC] 1:06:39 pm | GET /api/orders/69f074f95f30c35402ccc249
2026-04-29T07:36:53.806Z - 📡 [TRAFFIC] 1:06:53 pm | GET /api/orders/my?customerId=69ec93ce2c76f5ab4ec7cf64
2026-04-29T07:36:53.807Z - [DEBUG] Fetching orders for CustomerID: 69ec93ce2c76f5ab4ec7cf64. Detecting phone...
2026-04-29T07:36:53.881Z - [DEBUG] Found phone: 9999999991 for account 69ec93ce2c76f5ab4ec7cf64
2026-04-29T07:36:53.941Z - [DEBUG] Cross-account search for 9999999991. Found 1 linked IDs.
2026-04-29T07:36:54.114Z - [DEBUG] Orders found for 9999999991: 14
2026-04-29T07:36:54.126Z - 📡 [TRAFFIC] 1:06:54 pm | GET /api/orders/my?customerId=69ec93ce2c76f5ab4ec7cf64
2026-04-29T07:36:54.127Z - [DEBUG] Fetching orders for CustomerID: 69ec93ce2c76f5ab4ec7cf64. Detecting phone...
2026-04-29T07:36:54.193Z - [DEBUG] Found phone: 9999999991 for account 69ec93ce2c76f5ab4ec7cf64
2026-04-29T07:36:54.237Z - [DEBUG] Cross-account search for 9999999991. Found 1 linked IDs.
2026-04-29T07:36:54.387Z - [DEBUG] Orders found for 9999999991: 14
2026-04-29T07:43:01.612Z - 📡 [TRAFFIC] 1:13:01 pm | GET /api/orders/69f074f95f30c35402ccc249
2026-04-29T07:43:01.754Z - 📡 [TRAFFIC] 1:13:01 pm | GET /api/orders/69f074f95f30c35402ccc249
2026-04-29T07:43:04.753Z - 📡 [TRAFFIC] 1:13:04 pm | GET /api/orders/my?customerId=69ec93ce2c76f5ab4ec7cf64
2026-04-29T07:43:04.753Z - [DEBUG] Fetching orders for CustomerID: 69ec93ce2c76f5ab4ec7cf64. Detecting phone...
2026-04-29T07:43:04.840Z - [DEBUG] Found phone: 9999999991 for account 69ec93ce2c76f5ab4ec7cf64
2026-04-29T07:43:04.927Z - [DEBUG] Cross-account search for 9999999991. Found 1 linked IDs.
2026-04-29T07:43:05.192Z - [DEBUG] Orders found for 9999999991: 14
2026-04-29T07:43:05.200Z - 📡 [TRAFFIC] 1:13:05 pm | GET /api/orders/my?customerId=69ec93ce2c76f5ab4ec7cf64
2026-04-29T07:43:05.201Z - [DEBUG] Fetching orders for CustomerID: 69ec93ce2c76f5ab4ec7cf64. Detecting phone...
2026-04-29T07:43:05.351Z - [DEBUG] Found phone: 9999999991 for account 69ec93ce2c76f5ab4ec7cf64
2026-04-29T07:43:05.446Z - [DEBUG] Cross-account search for 9999999991. Found 1 linked IDs.
2026-04-29T07:43:05.622Z - [DEBUG] Orders found for 9999999991: 14
2026-04-29T07:48:10.143Z - 📡 [TRAFFIC] 1:18:10 pm | GET /api/admin/config
2026-04-29T07:48:10.147Z - 📡 [TRAFFIC] 1:18:10 pm | GET /api/master-services
2026-04-29T07:48:10.153Z - 📡 [TRAFFIC] 1:18:10 pm | GET /api/services?approvedOnly=true
2026-04-29T07:48:10.156Z - 📡 [TRAFFIC] 1:18:10 pm | GET /api/categories/main
2026-04-29T07:48:10.312Z - 📡 [TRAFFIC] 1:18:10 pm | GET /api/admin/config
2026-04-29T07:48:10.316Z - 📡 [TRAFFIC] 1:18:10 pm | GET /api/auth/profile/69ec93ce2c76f5ab4ec7cf64
2026-04-29T07:48:10.331Z - 📡 [TRAFFIC] 1:18:10 pm | GET /api/categories/main
2026-04-29T07:48:10.402Z - 📡 [TRAFFIC] 1:18:10 pm | GET /api/auth/profile/69ec93ce2c76f5ab4ec7cf64
2026-04-29T07:48:10.406Z - 📡 [TRAFFIC] 1:18:10 pm | GET /api/services?approvedOnly=true
2026-04-29T07:48:10.475Z - 📡 [TRAFFIC] 1:18:10 pm | GET /api/master-services
2026-04-29T07:48:12.508Z - 📡 [TRAFFIC] 1:18:12 pm | GET /api/orders/my?customerId=69ec93ce2c76f5ab4ec7cf64
2026-04-29T07:48:12.509Z - [DEBUG] Fetching orders for CustomerID: 69ec93ce2c76f5ab4ec7cf64. Detecting phone...
2026-04-29T07:48:12.596Z - [DEBUG] Found phone: 9999999991 for account 69ec93ce2c76f5ab4ec7cf64
2026-04-29T07:48:12.679Z - [DEBUG] Cross-account search for 9999999991. Found 1 linked IDs.
2026-04-29T07:48:12.951Z - [DEBUG] Orders found for 9999999991: 14
2026-04-29T07:48:12.958Z - 📡 [TRAFFIC] 1:18:12 pm | GET /api/orders/my?customerId=69ec93ce2c76f5ab4ec7cf64
2026-04-29T07:48:12.958Z - [DEBUG] Fetching orders for CustomerID: 69ec93ce2c76f5ab4ec7cf64. Detecting phone...
2026-04-29T07:48:13.030Z - [DEBUG] Found phone: 9999999991 for account 69ec93ce2c76f5ab4ec7cf64
2026-04-29T07:48:13.439Z - [DEBUG] Cross-account search for 9999999991. Found 1 linked IDs.
2026-04-29T07:48:13.709Z - [DEBUG] Orders found for 9999999991: 14
2026-04-29T07:53:12.630Z - 📡 [TRAFFIC] 1:23:12 pm | GET /api/admin/pending-approvals
2026-04-29T07:53:12.709Z - 📡 [TRAFFIC] 1:23:12 pm | GET /api/admin/pending-approvals
2026-04-29T08:03:53.122Z - 🚀 SERVER RESTARTED AT 2026-04-29T08:03:53.121Z ON PORT 5001
2026-04-29T08:03:53.206Z - SOCKET_JOIN - Client Ixh-nxI60sjqyy3WAAAJ -> user_69ec93ce2c76f5ab4ec7cf64
2026-04-29T08:03:53.276Z - SOCKET_JOIN - Client -yXnUXo8AKKYsvBiAAAH -> user_69ec93ce2c76f5ab4ec7cf64
2026-04-29T08:05:41.780Z - 📡 [TRAFFIC] 1:35:41 pm | POST /api/media/upload
2026-04-29T08:05:45.678Z - 📡 [TRAFFIC] 1:35:45 pm | POST /api/media/upload
2026-04-29T08:05:49.559Z - 📡 [TRAFFIC] 1:35:49 pm | POST /api/media/upload
2026-04-29T08:05:53.122Z - 📡 [TRAFFIC] 1:35:53 pm | POST /api/media/upload
2026-04-29T08:05:54.124Z - 📡 [TRAFFIC] 1:35:54 pm | POST /api/supplier/apply/69ec93ce2c76f5ab4ec7cf64
2026-04-29T08:05:55.727Z - 📡 [TRAFFIC] 1:35:55 pm | POST /api/supplier/apply/69ec93ce2c76f5ab4ec7cf64
2026-04-29T08:06:02.990Z - 📡 [TRAFFIC] 1:36:02 pm | POST /api/supplier/apply/69ec93ce2c76f5ab4ec7cf64
2026-04-29T08:09:50.144Z - 🚀 SERVER RESTARTED AT 2026-04-29T08:09:50.143Z ON PORT 5001
2026-04-29T08:09:50.283Z - SOCKET_JOIN - Client qQwVnct20FITOFchAAAC -> user_69ec93ce2c76f5ab4ec7cf64
2026-04-29T08:09:50.284Z - SOCKET_JOIN - Client jlOBTDm_yVSM-R4rAAAG -> user_69ec93ce2c76f5ab4ec7cf64
2026-04-29T08:09:54.335Z - 📡 [TRAFFIC] 1:39:54 pm | POST /api/supplier/apply/69ec93ce2c76f5ab4ec7cf64
2026-04-29T08:12:11.219Z - SOCKET_JOIN - Client HIH6pNtWCCG4QCDGAAAL -> user_69ec93ce2c76f5ab4ec7cf64
2026-04-29T08:12:11.243Z - SOCKET_JOIN - Client HIH6pNtWCCG4QCDGAAAL -> user_69ec93ce2c76f5ab4ec7cf64
2026-04-29T08:12:26.106Z - 📡 [TRAFFIC] 1:42:26 pm | GET /api/notifications?userId=69eafd0d2c76f5ab4ec7b5f3&role=admin
2026-04-29T08:12:26.114Z - SOCKET_JOIN - Client loZygEkc94KnrQ3pAAAN -> user_69eafd0d2c76f5ab4ec7b5f3
2026-04-29T08:12:26.117Z - 📡 [TRAFFIC] 1:42:26 pm | GET /api/admin/pending-approvals
2026-04-29T08:12:26.128Z - SOCKET_JOIN - Client loZygEkc94KnrQ3pAAAN -> admins_pool
2026-04-29T08:12:26.130Z - SOCKET_JOIN - Client loZygEkc94KnrQ3pAAAN -> user_69eafd0d2c76f5ab4ec7b5f3
2026-04-29T08:12:26.131Z - SOCKET_JOIN - Client loZygEkc94KnrQ3pAAAN -> admins_pool
2026-04-29T08:12:26.206Z - 📡 [TRAFFIC] 1:42:26 pm | GET /api/admin/pending-approvals
2026-04-29T08:12:26.211Z - 📡 [TRAFFIC] 1:42:26 pm | GET /api/notifications?userId=69eafd0d2c76f5ab4ec7b5f3&role=admin
2026-04-29T08:12:33.393Z - 📡 [TRAFFIC] 1:42:33 pm | GET /api/notifications?userId=69eafd0d2c76f5ab4ec7b5f3&role=admin
2026-04-29T08:12:33.404Z - SOCKET_JOIN - Client IcyBmjVWTgYRquLrAAAP -> user_69eafd0d2c76f5ab4ec7b5f3
2026-04-29T08:12:33.405Z - 📡 [TRAFFIC] 1:42:33 pm | GET /api/admin/pending-approvals
2026-04-29T08:12:33.420Z - SOCKET_JOIN - Client IcyBmjVWTgYRquLrAAAP -> admins_pool
2026-04-29T08:12:33.425Z - SOCKET_JOIN - Client IcyBmjVWTgYRquLrAAAP -> user_69eafd0d2c76f5ab4ec7b5f3
2026-04-29T08:12:33.426Z - SOCKET_JOIN - Client IcyBmjVWTgYRquLrAAAP -> admins_pool
2026-04-29T08:12:33.475Z - 📡 [TRAFFIC] 1:42:33 pm | GET /api/notifications?userId=69eafd0d2c76f5ab4ec7b5f3&role=admin
2026-04-29T08:12:33.485Z - 📡 [TRAFFIC] 1:42:33 pm | GET /api/admin/pending-approvals
2026-04-29T08:13:47.671Z - 📡 [TRAFFIC] 1:43:47 pm | POST /api/media/upload
2026-04-29T08:13:51.911Z - 📡 [TRAFFIC] 1:43:51 pm | POST /api/media/upload
2026-04-29T08:13:56.615Z - 📡 [TRAFFIC] 1:43:56 pm | POST /api/media/upload
2026-04-29T08:14:01.062Z - 📡 [TRAFFIC] 1:44:01 pm | POST /api/media/upload
2026-04-29T08:14:02.606Z - 📡 [TRAFFIC] 1:44:02 pm | POST /api/supplier/apply/69ec93ce2c76f5ab4ec7cf64
2026-04-29T08:14:09.205Z - SOCKET_JOIN - Client rPKiVPAkpW1FpsExAAAR -> user_69eafd0d2c76f5ab4ec7b5f3
2026-04-29T08:14:09.208Z - 📡 [TRAFFIC] 1:44:09 pm | GET /api/notifications?userId=69eafd0d2c76f5ab4ec7b5f3&role=admin
2026-04-29T08:14:09.211Z - 📡 [TRAFFIC] 1:44:09 pm | GET /api/admin/pending-approvals
2026-04-29T08:14:09.215Z - SOCKET_JOIN - Client rPKiVPAkpW1FpsExAAAR -> admins_pool
2026-04-29T08:14:09.216Z - SOCKET_JOIN - Client rPKiVPAkpW1FpsExAAAR -> user_69eafd0d2c76f5ab4ec7b5f3
2026-04-29T08:14:09.216Z - SOCKET_JOIN - Client rPKiVPAkpW1FpsExAAAR -> admins_pool
2026-04-29T08:14:09.273Z - 📡 [TRAFFIC] 1:44:09 pm | GET /api/notifications?userId=69eafd0d2c76f5ab4ec7b5f3&role=admin
2026-04-29T08:14:09.298Z - 📡 [TRAFFIC] 1:44:09 pm | GET /api/admin/pending-approvals
2026-04-29T08:17:59.746Z - 🚀 SERVER RESTARTED AT 2026-04-29T08:17:59.744Z ON PORT 5001
2026-04-29T08:17:59.908Z - SOCKET_JOIN - Client 4VHiF65dj1Kq0_-YAAAC -> user_69ec93ce2c76f5ab4ec7cf64
2026-04-29T08:17:59.910Z - SOCKET_JOIN - Client jo1BlURvRlSRIDa5AAAD -> user_69ec93ce2c76f5ab4ec7cf64
2026-04-29T08:18:02.457Z - SOCKET_JOIN - Client m4VqL7ljyrs8YoeiAAAL -> user_69ec93ce2c76f5ab4ec7cf64
2026-04-29T08:18:02.483Z - SOCKET_JOIN - Client m4VqL7ljyrs8YoeiAAAL -> user_69ec93ce2c76f5ab4ec7cf64
2026-04-29T08:18:05.058Z - SOCKET_JOIN - Client 4st4Z9WQK6nIUV8SAAAN -> user_69eafd0d2c76f5ab4ec7b5f3
2026-04-29T08:18:05.102Z - 📡 [TRAFFIC] 1:48:05 pm | GET /api/notifications?userId=69eafd0d2c76f5ab4ec7b5f3&role=admin
2026-04-29T08:18:05.110Z - 📡 [TRAFFIC] 1:48:05 pm | GET /api/admin/pending-approvals
2026-04-29T08:18:05.116Z - SOCKET_JOIN - Client 4st4Z9WQK6nIUV8SAAAN -> admins_pool
2026-04-29T08:18:05.117Z - SOCKET_JOIN - Client 4st4Z9WQK6nIUV8SAAAN -> user_69eafd0d2c76f5ab4ec7b5f3
2026-04-29T08:18:05.118Z - SOCKET_JOIN - Client 4st4Z9WQK6nIUV8SAAAN -> admins_pool
2026-04-29T08:18:05.183Z - 📡 [TRAFFIC] 1:48:05 pm | GET /api/notifications?userId=69eafd0d2c76f5ab4ec7b5f3&role=admin
2026-04-29T08:18:05.201Z - 📡 [TRAFFIC] 1:48:05 pm | GET /api/admin/pending-approvals
2026-04-29T08:18:28.341Z - 📡 [TRAFFIC] 1:48:28 pm | GET /api/supplier/requests
2026-04-29T08:18:28.555Z - 📡 [TRAFFIC] 1:48:28 pm | GET /api/supplier/requests
2026-04-29T08:18:30.566Z - 📡 [TRAFFIC] 1:48:30 pm | GET /api/admin/pending-approvals
2026-04-29T08:18:30.655Z - 📡 [TRAFFIC] 1:48:30 pm | GET /api/admin/pending-approvals
2026-04-29T08:18:32.484Z - 📡 [TRAFFIC] 1:48:32 pm | GET /api/supplier/requests
2026-04-29T08:18:32.642Z - 📡 [TRAFFIC] 1:48:32 pm | GET /api/supplier/requests
2026-04-29T08:18:36.388Z - 📡 [TRAFFIC] 1:48:36 pm | GET /api/admin/pending-approvals
2026-04-29T08:18:36.481Z - 📡 [TRAFFIC] 1:48:36 pm | GET /api/admin/pending-approvals
2026-04-29T08:21:41.397Z - 📡 [TRAFFIC] 1:51:41 pm | GET /api/admin/pending-approvals
2026-04-29T08:22:55.904Z - 📡 [TRAFFIC] 1:52:55 pm | GET /api/notifications?userId=69eafd0d2c76f5ab4ec7b5f3&role=admin
2026-04-29T08:22:55.909Z - SOCKET_JOIN - Client Vn1NBR8aU3m7sHqhAAAP -> user_69eafd0d2c76f5ab4ec7b5f3
2026-04-29T08:22:55.911Z - 📡 [TRAFFIC] 1:52:55 pm | GET /api/admin/pending-approvals
2026-04-29T08:22:55.917Z - SOCKET_JOIN - Client Vn1NBR8aU3m7sHqhAAAP -> admins_pool
2026-04-29T08:22:55.920Z - SOCKET_JOIN - Client Vn1NBR8aU3m7sHqhAAAP -> user_69eafd0d2c76f5ab4ec7b5f3
2026-04-29T08:22:55.927Z - SOCKET_JOIN - Client Vn1NBR8aU3m7sHqhAAAP -> admins_pool
2026-04-29T08:22:56.014Z - 📡 [TRAFFIC] 1:52:56 pm | GET /api/admin/pending-approvals
2026-04-29T08:22:56.017Z - 📡 [TRAFFIC] 1:52:56 pm | GET /api/notifications?userId=69eafd0d2c76f5ab4ec7b5f3&role=admin
2026-04-29T08:23:12.332Z - 🚀 SERVER RESTARTED AT 2026-04-29T08:23:12.330Z ON PORT 5001
2026-04-29T08:23:12.431Z - SOCKET_JOIN - Client 3M-u9fo9UO-f55FVAAAI -> user_69ec93ce2c76f5ab4ec7cf64
2026-04-29T08:23:12.433Z - SOCKET_JOIN - Client a0p0Llz_cQVlRFcuAAAJ -> user_69ec93ce2c76f5ab4ec7cf64
2026-04-29T08:23:15.126Z - SOCKET_JOIN - Client PmqAJLUVB3XvS9lYAAAL -> user_69eafd0d2c76f5ab4ec7b5f3
2026-04-29T08:23:15.174Z - 📡 [TRAFFIC] 1:53:15 pm | GET /api/notifications?userId=69eafd0d2c76f5ab4ec7b5f3&role=admin
2026-04-29T08:23:15.181Z - 📡 [TRAFFIC] 1:53:15 pm | GET /api/admin/pending-approvals
2026-04-29T08:23:15.199Z - SOCKET_JOIN - Client PmqAJLUVB3XvS9lYAAAL -> admins_pool
2026-04-29T08:23:15.205Z - SOCKET_JOIN - Client PmqAJLUVB3XvS9lYAAAL -> user_69eafd0d2c76f5ab4ec7b5f3
2026-04-29T08:23:15.207Z - SOCKET_JOIN - Client PmqAJLUVB3XvS9lYAAAL -> admins_pool
2026-04-29T08:23:15.275Z - 📡 [TRAFFIC] 1:53:15 pm | GET /api/notifications?userId=69eafd0d2c76f5ab4ec7b5f3&role=admin
2026-04-29T08:23:15.338Z - 📡 [TRAFFIC] 1:53:15 pm | GET /api/admin/pending-approvals
2026-04-29T08:39:49.324Z - 📡 [TRAFFIC] 2:09:49 pm | PATCH /api/admin/suppliers/69f1bcd2146a0c727a0d265b/approve
2026-04-29T08:39:52.878Z - 📡 [TRAFFIC] 2:09:52 pm | GET /api/master-services
2026-04-29T08:39:52.887Z - 📡 [TRAFFIC] 2:09:52 pm | GET /api/admin/users
2026-04-29T08:39:53.261Z - 📡 [TRAFFIC] 2:09:53 pm | GET /api/master-services
2026-04-29T08:39:53.777Z - 📡 [TRAFFIC] 2:09:53 pm | GET /api/admin/users
2026-04-29T08:50:01.399Z - SOCKET_JOIN - Client 5BcoF7AGS2DX1UfuAAAR -> user_69ec93ce2c76f5ab4ec7cf64
2026-04-29T08:50:01.846Z - SOCKET_JOIN - Client z8-SHaMOzVByqw8vAAAV -> user_69ec93ce2c76f5ab4ec7cf64
2026-04-29T08:50:13.760Z - SOCKET_JOIN - Client l7q_IRkkjUaQmmfeAAAX -> user_69ec93ce2c76f5ab4ec7cf64
2026-04-29T08:50:13.853Z - SOCKET_JOIN - Client l7q_IRkkjUaQmmfeAAAX -> user_69ec93ce2c76f5ab4ec7cf64
2026-04-29T09:03:43.828Z - 📡 [TRAFFIC] 2:33:43 pm | GET /api/notifications?userId=69eafd0d2c76f5ab4ec7b5f3&role=admin
2026-04-29T09:03:43.846Z - SOCKET_JOIN - Client _sTIzS8OUX8wZ-WoAAAZ -> user_69eafd0d2c76f5ab4ec7b5f3
2026-04-29T09:03:43.850Z - 📡 [TRAFFIC] 2:33:43 pm | GET /api/master-services
2026-04-29T09:03:43.864Z - 📡 [TRAFFIC] 2:33:43 pm | GET /api/admin/users
2026-04-29T09:03:44.079Z - SOCKET_JOIN - Client _sTIzS8OUX8wZ-WoAAAZ -> admins_pool
2026-04-29T09:03:44.081Z - SOCKET_JOIN - Client _sTIzS8OUX8wZ-WoAAAZ -> user_69eafd0d2c76f5ab4ec7b5f3
2026-04-29T09:03:44.082Z - SOCKET_JOIN - Client _sTIzS8OUX8wZ-WoAAAZ -> admins_pool
2026-04-29T09:03:53.971Z - 📡 [TRAFFIC] 2:33:53 pm | GET /api/admin/users?role=Customer
2026-04-29T09:03:55.198Z - 📡 [TRAFFIC] 2:33:55 pm | GET /api/admin/users?role=Vendor
2026-04-29T09:03:56.831Z - 📡 [TRAFFIC] 2:33:56 pm | GET /api/admin/users?role=Supplier
2026-04-29T09:04:10.025Z - 📡 [TRAFFIC] 2:34:10 pm | GET /api/admin/users
2026-04-29T09:04:39.630Z - 📡 [TRAFFIC] 2:34:39 pm | GET /api/admin/config
2026-04-29T09:04:39.636Z - 📡 [TRAFFIC] 2:34:39 pm | GET /api/master-services
2026-04-29T09:04:39.643Z - 📡 [TRAFFIC] 2:34:39 pm | GET /api/services?approvedOnly=true
2026-04-29T09:04:39.652Z - 📡 [TRAFFIC] 2:34:39 pm | GET /api/categories/main
2026-04-29T09:04:39.770Z - 📡 [TRAFFIC] 2:34:39 pm | GET /api/admin/config
2026-04-29T09:04:39.780Z - 📡 [TRAFFIC] 2:34:39 pm | GET /api/auth/profile/69ec93ce2c76f5ab4ec7cf64
2026-04-29T09:04:39.814Z - 📡 [TRAFFIC] 2:34:39 pm | GET /api/categories/main
2026-04-29T09:04:39.930Z - 📡 [TRAFFIC] 2:34:39 pm | GET /api/services?approvedOnly=true
2026-04-29T09:04:40.001Z - 📡 [TRAFFIC] 2:34:39 pm | GET /api/master-services
2026-04-29T09:04:40.538Z - 📡 [TRAFFIC] 2:34:40 pm | GET /api/auth/profile/69ec93ce2c76f5ab4ec7cf64
2026-04-29T09:10:29.876Z - 🚀 SERVER RESTARTED AT 2026-04-29T09:10:29.872Z ON PORT 5001
2026-04-29T09:10:31.450Z - SOCKET_JOIN - Client ZooCEgIoe0JUnCM2AAAF -> user_69ec93ce2c76f5ab4ec7cf64
2026-04-29T09:10:32.391Z - SOCKET_JOIN - Client RECVDV3qlGxezUn2AAAH -> user_69ec93ce2c76f5ab4ec7cf64
2026-04-29T09:10:56.668Z - 📡 [TRAFFIC] 2:40:56 pm | GET /api/orders/my?customerId=69ec93ce2c76f5ab4ec7cf64
2026-04-29T09:10:56.672Z - [DEBUG] Fetching orders for CustomerID: 69ec93ce2c76f5ab4ec7cf64. Detecting phone...
2026-04-29T09:11:13.880Z - 📡 [TRAFFIC] 2:41:13 pm | GET /api/orders/my?customerId=69ec93ce2c76f5ab4ec7cf64
2026-04-29T09:11:13.882Z - [DEBUG] Fetching orders for CustomerID: 69ec93ce2c76f5ab4ec7cf64. Detecting phone...
2026-04-29T09:11:23.403Z - [DEBUG] Found phone: 9999999991 for account 69ec93ce2c76f5ab4ec7cf64
2026-04-29T09:11:23.495Z - [DEBUG] Cross-account search for 9999999991. Found 1 linked IDs.
2026-04-29T09:11:23.681Z - [DEBUG] Found phone: 9999999991 for account 69ec93ce2c76f5ab4ec7cf64
2026-04-29T09:11:23.834Z - [DEBUG] Orders found for 9999999991: 14
2026-04-29T09:11:24.433Z - [DEBUG] Cross-account search for 9999999991. Found 1 linked IDs.
2026-04-29T09:11:24.765Z - [DEBUG] Orders found for 9999999991: 14
2026-04-29T09:11:25.768Z - 📡 [TRAFFIC] 2:41:25 pm | GET /api/orders/my?customerId=69ec93ce2c76f5ab4ec7cf64
2026-04-29T09:11:25.769Z - [DEBUG] Fetching orders for CustomerID: 69ec93ce2c76f5ab4ec7cf64. Detecting phone...
2026-04-29T09:11:25.787Z - SOCKET_JOIN - Client V77RCW87rirjMPcrAAAL -> user_69ec93ce2c76f5ab4ec7cf64
2026-04-29T09:11:25.852Z - [DEBUG] Found phone: 9999999991 for account 69ec93ce2c76f5ab4ec7cf64
2026-04-29T09:11:25.962Z - SOCKET_JOIN - Client V77RCW87rirjMPcrAAAL -> user_69ec93ce2c76f5ab4ec7cf64
2026-04-29T09:11:25.966Z - [DEBUG] Cross-account search for 9999999991. Found 1 linked IDs.
2026-04-29T09:11:26.292Z - [DEBUG] Orders found for 9999999991: 14
2026-04-29T09:11:26.312Z - 📡 [TRAFFIC] 2:41:26 pm | GET /api/orders/my?customerId=69ec93ce2c76f5ab4ec7cf64
2026-04-29T09:11:26.313Z - [DEBUG] Fetching orders for CustomerID: 69ec93ce2c76f5ab4ec7cf64. Detecting phone...
2026-04-29T09:11:26.409Z - [DEBUG] Found phone: 9999999991 for account 69ec93ce2c76f5ab4ec7cf64
2026-04-29T09:11:26.517Z - [DEBUG] Cross-account search for 9999999991. Found 1 linked IDs.
2026-04-29T09:11:26.727Z - [DEBUG] Orders found for 9999999991: 14
2026-04-29T09:21:58.628Z - SOCKET_JOIN - Client 4GvyJ5fxcv-8Gir3AAAE -> user_69eafd0d2c76f5ab4ec7b5f3
2026-04-29T09:21:58.634Z - 📡 [TRAFFIC] 2:51:58 pm | GET /api/notifications?userId=69eafd0d2c76f5ab4ec7b5f3&role=admin
2026-04-29T09:21:58.644Z - 📡 [TRAFFIC] 2:51:58 pm | GET /api/master-services
2026-04-29T09:21:58.652Z - 📡 [TRAFFIC] 2:51:58 pm | GET /api/admin/users
2026-04-29T09:21:58.662Z - SOCKET_JOIN - Client 4GvyJ5fxcv-8Gir3AAAE -> admins_pool
2026-04-29T09:21:58.663Z - SOCKET_JOIN - Client 4GvyJ5fxcv-8Gir3AAAE -> user_69eafd0d2c76f5ab4ec7b5f3
2026-04-29T09:21:58.664Z - SOCKET_JOIN - Client 4GvyJ5fxcv-8Gir3AAAE -> admins_pool
2026-04-29T09:21:59.032Z - 📡 [TRAFFIC] 2:51:59 pm | GET /api/notifications?userId=69eafd0d2c76f5ab4ec7b5f3&role=admin
2026-04-29T09:22:00.037Z - 📡 [TRAFFIC] 2:52:00 pm | GET /api/master-services
2026-04-29T09:22:00.441Z - 📡 [TRAFFIC] 2:52:00 pm | GET /api/admin/users
2026-04-29T09:34:26.763Z - 🚀 SERVER RESTARTED AT 2026-04-29T09:34:26.760Z ON PORT 5001
2026-04-29T09:34:27.455Z - SOCKET_JOIN - Client YGx6HA3h4-oB2wvGAAAB -> user_69ec93ce2c76f5ab4ec7cf64
2026-04-29T09:34:28.441Z - SOCKET_JOIN - Client pKgQcpnAEZO9IX6nAAAF -> user_69ec93ce2c76f5ab4ec7cf64
2026-04-29T09:34:49.105Z - SOCKET_JOIN - Client qmqTkP1cjzCBdWbmAAAL -> vendors_pool
2026-04-29T09:34:49.289Z - 📡 [TRAFFIC] 3:04:49 pm | GET /api/auth/profile/69ec93ce2c76f5ab4ec7cf65
2026-04-29T09:34:49.371Z - SOCKET_JOIN - Client qmqTkP1cjzCBdWbmAAAL -> user_69ec93ce2c76f5ab4ec7cf65
2026-04-29T09:34:49.379Z - SOCKET_JOIN - Client qmqTkP1cjzCBdWbmAAAL -> vendors_pool
2026-04-29T09:34:49.384Z - SOCKET_JOIN - Client qmqTkP1cjzCBdWbmAAAL -> user_69ec93ce2c76f5ab4ec7cf65
2026-04-29T09:34:49.817Z - 📡 [TRAFFIC] 3:04:49 pm | GET /api/auth/profile/69ec93ce2c76f5ab4ec7cf65
2026-04-29T09:35:16.419Z - 📡 [TRAFFIC] 3:05:16 pm | POST /api/auth/request-otp
2026-04-29T09:35:19.436Z - 📡 [TRAFFIC] 3:05:19 pm | POST /api/auth/verify-otp
2026-04-29T09:35:20.865Z - 📡 [TRAFFIC] 3:05:20 pm | GET /api/b2b-orders/supplier/69ec93ce2c76f5ab4ec7cf64
2026-04-29T09:35:21.127Z - 📡 [TRAFFIC] 3:05:21 pm | GET /api/b2b-orders/supplier/69ec93ce2c76f5ab4ec7cf64
2026-04-29T09:38:02.699Z - SOCKET_JOIN - Client iArbR4Ibehd1nDGaAAAR -> user_69ec93ce2c76f5ab4ec7cf64
2026-04-29T09:38:02.779Z - SOCKET_JOIN - Client iArbR4Ibehd1nDGaAAAR -> user_69ec93ce2c76f5ab4ec7cf64
2026-04-29T09:39:37.796Z - 🚀 SERVER RESTARTED AT 2026-04-29T09:39:37.792Z ON PORT 5001
2026-04-29T09:39:39.488Z - SOCKET_JOIN - Client 2CzoMjEBYnJcJKjrAAAJ -> user_69ec93ce2c76f5ab4ec7cf64
2026-04-29T09:39:40.388Z - SOCKET_JOIN - Client V5ILPqYRVVQHfk28AAAL -> user_69ec93ce2c76f5ab4ec7cf64
2026-04-29T09:43:20.339Z - 🚀 SERVER RESTARTED AT 2026-04-29T09:43:20.337Z ON PORT 5001
2026-04-29T09:43:22.410Z - SOCKET_JOIN - Client S9hJewInnGPF4y0dAAAI -> user_69ec93ce2c76f5ab4ec7cf64
2026-04-29T09:43:22.419Z - SOCKET_JOIN - Client qS0NsSPqRR0ludcdAAAJ -> user_69ec93ce2c76f5ab4ec7cf64
2026-04-29T09:43:36.814Z - 📡 [TRAFFIC] 3:13:36 pm | POST /api/auth/request-otp
2026-04-29T09:43:40.121Z - 📡 [TRAFFIC] 3:13:40 pm | POST /api/auth/verify-otp
2026-04-29T09:43:42.381Z - SOCKET_JOIN - Client gfjn2vd16L7HE0VGAAAN -> user_69f1d2bc2c76f5ab4ec82160
2026-04-29T09:43:42.384Z - 📡 [TRAFFIC] 3:13:42 pm | GET /api/admin/config
2026-04-29T09:43:42.415Z - 📡 [TRAFFIC] 3:13:42 pm | GET /api/master-services
2026-04-29T09:43:42.436Z - 📡 [TRAFFIC] 3:13:42 pm | GET /api/services?approvedOnly=true
2026-04-29T09:43:42.484Z - 📡 [TRAFFIC] 3:13:42 pm | GET /api/categories/main
2026-04-29T09:43:42.519Z - SOCKET_JOIN - Client gfjn2vd16L7HE0VGAAAN -> user_69f1d2bc2c76f5ab4ec82160
2026-04-29T09:43:42.681Z - 📡 [TRAFFIC] 3:13:42 pm | GET /api/admin/config
2026-04-29T09:43:42.691Z - 📡 [TRAFFIC] 3:13:42 pm | GET /api/categories/main
2026-04-29T09:43:42.764Z - 📡 [TRAFFIC] 3:13:42 pm | GET /api/auth/profile/69f1d2bc2c76f5ab4ec82160
2026-04-29T09:43:42.872Z - 📡 [TRAFFIC] 3:13:42 pm | GET /api/services?approvedOnly=true
2026-04-29T09:43:43.005Z - 📡 [TRAFFIC] 3:13:43 pm | GET /api/master-services
2026-04-29T09:43:43.117Z - 📡 [TRAFFIC] 3:13:43 pm | GET /api/auth/profile/69f1d2bc2c76f5ab4ec82160
2026-04-29T09:44:13.294Z - 📡 [TRAFFIC] 3:14:13 pm | POST /api/auth/request-otp
2026-04-29T09:44:18.648Z - 📡 [TRAFFIC] 3:14:18 pm | POST /api/auth/verify-otp
2026-04-29T09:44:19.190Z - SOCKET_JOIN - Client 1Yddd_pXwPkcsJoPAAAP -> user_69f1d2bc2c76f5ab4ec82163
2026-04-29T09:44:19.193Z - 📡 [TRAFFIC] 3:14:19 pm | GET /api/notifications?userId=69f1d2bc2c76f5ab4ec82163&role=admin
2026-04-29T09:44:19.206Z - 📡 [TRAFFIC] 3:14:19 pm | GET /api/admin/stats
2026-04-29T09:44:19.222Z - SOCKET_JOIN - Client 1Yddd_pXwPkcsJoPAAAP -> admins_pool
2026-04-29T09:44:19.224Z - SOCKET_JOIN - Client 1Yddd_pXwPkcsJoPAAAP -> user_69f1d2bc2c76f5ab4ec82163
2026-04-29T09:44:19.226Z - SOCKET_JOIN - Client 1Yddd_pXwPkcsJoPAAAP -> admins_pool
2026-04-29T09:44:19.314Z - 📡 [TRAFFIC] 3:14:19 pm | GET /api/notifications?userId=69f1d2bc2c76f5ab4ec82163&role=admin
2026-04-29T09:44:19.686Z - 📡 [TRAFFIC] 3:14:19 pm | GET /api/admin/stats
2026-04-29T09:44:55.304Z - 📡 [TRAFFIC] 3:14:55 pm | GET /api/notifications?userId=69f1d2bc2c76f5ab4ec82163&role=admin
2026-04-29T09:44:55.312Z - SOCKET_JOIN - Client kcHQlhkKHyQ7NU0iAAAR -> user_69f1d2bc2c76f5ab4ec82163
2026-04-29T09:44:55.318Z - 📡 [TRAFFIC] 3:14:55 pm | GET /api/admin/stats
2026-04-29T09:44:55.350Z - SOCKET_JOIN - Client kcHQlhkKHyQ7NU0iAAAR -> admins_pool
2026-04-29T09:44:55.352Z - SOCKET_JOIN - Client kcHQlhkKHyQ7NU0iAAAR -> user_69f1d2bc2c76f5ab4ec82163
2026-04-29T09:44:55.359Z - SOCKET_JOIN - Client kcHQlhkKHyQ7NU0iAAAR -> admins_pool
2026-04-29T09:44:55.450Z - 📡 [TRAFFIC] 3:14:55 pm | GET /api/notifications?userId=69f1d2bc2c76f5ab4ec82163&role=admin
2026-04-29T09:44:56.700Z - 📡 [TRAFFIC] 3:14:56 pm | GET /api/admin/stats
2026-04-29T09:48:08.236Z - SOCKET_JOIN - Client 4Gs_AidKilbUvI1FAAAT -> user_69f1d2bc2c76f5ab4ec82163
2026-04-29T09:48:08.244Z - 📡 [TRAFFIC] 3:18:08 pm | GET /api/notifications?userId=69f1d2bc2c76f5ab4ec82163&role=admin
2026-04-29T09:48:08.251Z - 📡 [TRAFFIC] 3:18:08 pm | GET /api/admin/stats
2026-04-29T09:48:08.317Z - SOCKET_JOIN - Client 4Gs_AidKilbUvI1FAAAT -> admins_pool
2026-04-29T09:48:08.318Z - SOCKET_JOIN - Client 4Gs_AidKilbUvI1FAAAT -> user_69f1d2bc2c76f5ab4ec82163
2026-04-29T09:48:08.319Z - SOCKET_JOIN - Client 4Gs_AidKilbUvI1FAAAT -> admins_pool
2026-04-29T09:48:08.506Z - 📡 [TRAFFIC] 3:18:08 pm | GET /api/notifications?userId=69f1d2bc2c76f5ab4ec82163&role=admin
2026-04-29T09:48:09.065Z - 📡 [TRAFFIC] 3:18:09 pm | GET /api/admin/stats
2026-04-29T09:48:39.676Z - 🚀 SERVER RESTARTED AT 2026-04-29T09:48:39.674Z ON PORT 5001
2026-04-29T09:48:39.995Z - SOCKET_JOIN - Client NLz6Ev5qwfpvT7vkAAAJ -> user_69ec93ce2c76f5ab4ec7cf64
2026-04-29T09:49:19.783Z - 🚀 SERVER RESTARTED AT 2026-04-29T09:49:19.781Z ON PORT 5001
2026-04-29T09:49:20.024Z - SOCKET_JOIN - Client yjtXecrhc5ENFDIhAAAK -> user_69ec93ce2c76f5ab4ec7cf64
2026-04-29T09:49:36.313Z - 🚀 SERVER RESTARTED AT 2026-04-29T09:49:36.309Z ON PORT 5001
2026-04-29T09:49:36.497Z - SOCKET_JOIN - Client 0hU9LesIUEd9buBoAAAB -> user_69ec93ce2c76f5ab4ec7cf64
2026-04-29T09:49:59.954Z - SOCKET_JOIN - Client KIWY9gPKB3-xqahPAAAH -> user_69f1d2bc2c76f5ab4ec82163
2026-04-29T09:50:00.063Z - 📡 [TRAFFIC] 3:19:59 pm | GET /api/notifications?userId=69f1d2bc2c76f5ab4ec82163&role=admin
2026-04-29T09:50:00.081Z - 📡 [TRAFFIC] 3:20:00 pm | GET /api/geofence/areas
2026-04-29T09:50:00.104Z - SOCKET_JOIN - Client KIWY9gPKB3-xqahPAAAH -> admins_pool
2026-04-29T09:50:00.108Z - SOCKET_JOIN - Client KIWY9gPKB3-xqahPAAAH -> user_69f1d2bc2c76f5ab4ec82163
2026-04-29T09:50:00.109Z - SOCKET_JOIN - Client KIWY9gPKB3-xqahPAAAH -> admins_pool
2026-04-29T09:50:02.022Z - 📡 [TRAFFIC] 3:20:02 pm | GET /api/notifications?userId=69f1d2bc2c76f5ab4ec82163&role=admin
2026-04-29T09:50:02.029Z - 📡 [TRAFFIC] 3:20:02 pm | GET /api/geofence/areas
2026-04-29T09:53:18.269Z - 📡 [TRAFFIC] 3:23:18 pm | GET /api/admin/config
2026-04-29T09:53:18.279Z - 📡 [TRAFFIC] 3:23:18 pm | GET /api/master-services
2026-04-29T09:53:18.297Z - 📡 [TRAFFIC] 3:23:18 pm | GET /api/services?approvedOnly=true
2026-04-29T09:53:18.309Z - 📡 [TRAFFIC] 3:23:18 pm | GET /api/categories/main
2026-04-29T09:53:18.326Z - SOCKET_JOIN - Client S-oglYu5UjYM4h2WAAAN -> user_69f1d2bc2c76f5ab4ec82160
2026-04-29T09:53:18.460Z - SOCKET_JOIN - Client S-oglYu5UjYM4h2WAAAN -> user_69f1d2bc2c76f5ab4ec82160
2026-04-29T09:53:18.479Z - 📡 [TRAFFIC] 3:23:18 pm | GET /api/admin/config
2026-04-29T09:53:18.493Z - 📡 [TRAFFIC] 3:23:18 pm | GET /api/categories/main
2026-04-29T09:53:18.527Z - 📡 [TRAFFIC] 3:23:18 pm | GET /api/services?approvedOnly=true
2026-04-29T09:53:18.630Z - 📡 [TRAFFIC] 3:23:18 pm | GET /api/master-services
2026-04-29T09:53:18.744Z - 📡 [TRAFFIC] 3:23:18 pm | GET /api/auth/profile/69f1d2bc2c76f5ab4ec82160
2026-04-29T09:53:18.876Z - 📡 [TRAFFIC] 3:23:18 pm | GET /api/auth/profile/69f1d2bc2c76f5ab4ec82160
2026-04-29T09:53:27.268Z - 📡 [TRAFFIC] 3:23:27 pm | GET /api/orders/my?customerId=69f1d2bc2c76f5ab4ec82160
2026-04-29T09:53:27.271Z - [DEBUG] Fetching orders for CustomerID: 69f1d2bc2c76f5ab4ec82160. Detecting phone...
2026-04-29T09:53:27.380Z - [DEBUG] Found phone: 9999999991 for account 69f1d2bc2c76f5ab4ec82160
2026-04-29T09:53:27.476Z - [DEBUG] Cross-account search for 9999999991. Found 1 linked IDs.
2026-04-29T09:53:27.577Z - [DEBUG] Orders found for 9999999991: 0
2026-04-29T09:53:27.585Z - 📡 [TRAFFIC] 3:23:27 pm | GET /api/orders/my?customerId=69f1d2bc2c76f5ab4ec82160
2026-04-29T09:53:27.587Z - [DEBUG] Fetching orders for CustomerID: 69f1d2bc2c76f5ab4ec82160. Detecting phone...
2026-04-29T09:53:27.708Z - [DEBUG] Found phone: 9999999991 for account 69f1d2bc2c76f5ab4ec82160
2026-04-29T09:53:27.857Z - [DEBUG] Cross-account search for 9999999991. Found 1 linked IDs.
2026-04-29T09:53:27.972Z - [DEBUG] Orders found for 9999999991: 0
2026-04-29T09:53:29.937Z - 📡 [TRAFFIC] 3:23:29 pm | GET /api/admin/config
2026-04-29T09:53:29.942Z - 📡 [TRAFFIC] 3:23:29 pm | GET /api/master-services
2026-04-29T09:53:29.949Z - 📡 [TRAFFIC] 3:23:29 pm | GET /api/services?approvedOnly=true
2026-04-29T09:53:29.956Z - 📡 [TRAFFIC] 3:23:29 pm | GET /api/categories/main
2026-04-29T09:53:30.237Z - 📡 [TRAFFIC] 3:23:30 pm | GET /api/admin/config
2026-04-29T09:53:30.243Z - 📡 [TRAFFIC] 3:23:30 pm | GET /api/categories/main
2026-04-29T09:53:30.403Z - 📡 [TRAFFIC] 3:23:30 pm | GET /api/auth/profile/69f1d2bc2c76f5ab4ec82160
2026-04-29T09:53:30.464Z - 📡 [TRAFFIC] 3:23:30 pm | GET /api/services?approvedOnly=true
2026-04-29T09:53:30.477Z - 📡 [TRAFFIC] 3:23:30 pm | GET /api/master-services
2026-04-29T09:53:30.572Z - 📡 [TRAFFIC] 3:23:30 pm | GET /api/auth/profile/69f1d2bc2c76f5ab4ec82160
2026-04-29T09:53:49.786Z - SOCKET_JOIN - Client cZxQLjdB6volhpuXAAAP -> user_69ec93ce2c76f5ab4ec7cf65
2026-04-29T09:53:49.847Z - SOCKET_JOIN - Client cZxQLjdB6volhpuXAAAP -> vendors_pool
2026-04-29T09:53:49.882Z - SOCKET_JOIN - Client cZxQLjdB6volhpuXAAAP -> user_69ec93ce2c76f5ab4ec7cf65
2026-04-29T09:53:49.885Z - SOCKET_JOIN - Client cZxQLjdB6volhpuXAAAP -> vendors_pool
2026-04-29T09:53:55.457Z - 📡 [TRAFFIC] 3:23:55 pm | POST /api/auth/request-otp
2026-04-29T09:54:00.222Z - 📡 [TRAFFIC] 3:24:00 pm | POST /api/auth/verify-otp
2026-04-29T09:54:02.323Z - SOCKET_JOIN - Client U8MhrHGp-5KhCCasAAAR -> vendors_pool
2026-04-29T09:54:02.327Z - 📡 [TRAFFIC] 3:24:02 pm | GET /api/orders/vendor?vendorId=69f1d2bc2c76f5ab4ec82161
2026-04-29T09:54:02.338Z - 📡 [TRAFFIC] 3:24:02 pm | GET /api/orders/pool?vendorId=69f1d2bc2c76f5ab4ec82161
2026-04-29T09:54:02.345Z - 📡 [TRAFFIC] 3:24:02 pm | GET /api/notifications?userId=69f1d2bc2c76f5ab4ec82161&role=vendor
2026-04-29T09:54:02.451Z - SOCKET_JOIN - Client U8MhrHGp-5KhCCasAAAR -> user_69f1d2bc2c76f5ab4ec82161
2026-04-29T09:54:02.454Z - SOCKET_JOIN - Client U8MhrHGp-5KhCCasAAAR -> vendors_pool
2026-04-29T09:54:02.479Z - SOCKET_JOIN - Client U8MhrHGp-5KhCCasAAAR -> user_69f1d2bc2c76f5ab4ec82161
2026-04-29T09:54:02.492Z - 📡 [TRAFFIC] 3:24:02 pm | GET /api/notifications?userId=69f1d2bc2c76f5ab4ec82161&role=vendor
2026-04-29T09:54:02.499Z - 📡 [TRAFFIC] 3:24:02 pm | GET /api/orders/vendor?vendorId=69f1d2bc2c76f5ab4ec82161
2026-04-29T09:54:02.546Z - 📡 [TRAFFIC] 3:24:02 pm | GET /api/orders/pool?vendorId=69f1d2bc2c76f5ab4ec82161
2026-04-29T09:57:46.707Z - 📡 [TRAFFIC] 3:27:46 pm | GET /api/orders/vendor?vendorId=69f1d2bc2c76f5ab4ec82161
2026-04-29T09:57:46.721Z - 📡 [TRAFFIC] 3:27:46 pm | GET /api/orders/pool?vendorId=69f1d2bc2c76f5ab4ec82161
2026-04-29T09:57:46.728Z - 📡 [TRAFFIC] 3:27:46 pm | GET /api/notifications?userId=69f1d2bc2c76f5ab4ec82161&role=vendor
2026-04-29T09:57:46.846Z - 📡 [TRAFFIC] 3:27:46 pm | GET /api/orders/vendor?vendorId=69f1d2bc2c76f5ab4ec82161
2026-04-29T09:57:46.853Z - 📡 [TRAFFIC] 3:27:46 pm | GET /api/notifications?userId=69f1d2bc2c76f5ab4ec82161&role=vendor
2026-04-29T09:57:46.948Z - 📡 [TRAFFIC] 3:27:46 pm | GET /api/orders/pool?vendorId=69f1d2bc2c76f5ab4ec82161
2026-04-29T10:00:32.782Z - SOCKET_JOIN - Client F8FqA4L1MHMpqzvuAAAT -> vendors_pool
2026-04-29T10:00:32.845Z - SOCKET_JOIN - Client F8FqA4L1MHMpqzvuAAAT -> user_69f1d2bc2c76f5ab4ec82161
2026-04-29T10:00:32.847Z - SOCKET_JOIN - Client F8FqA4L1MHMpqzvuAAAT -> vendors_pool
2026-04-29T10:00:32.848Z - SOCKET_JOIN - Client F8FqA4L1MHMpqzvuAAAT -> user_69f1d2bc2c76f5ab4ec82161
2026-04-29T10:00:35.928Z - 📡 [TRAFFIC] 3:30:35 pm | GET /api/orders/vendor?vendorId=69f1d2bc2c76f5ab4ec82161
2026-04-29T10:00:35.937Z - 📡 [TRAFFIC] 3:30:35 pm | GET /api/orders/pool?vendorId=69f1d2bc2c76f5ab4ec82161
2026-04-29T10:00:35.942Z - 📡 [TRAFFIC] 3:30:35 pm | GET /api/notifications?userId=69f1d2bc2c76f5ab4ec82161&role=vendor
2026-04-29T10:00:36.142Z - 📡 [TRAFFIC] 3:30:36 pm | GET /api/orders/vendor?vendorId=69f1d2bc2c76f5ab4ec82161
2026-04-29T10:00:36.147Z - 📡 [TRAFFIC] 3:30:36 pm | GET /api/notifications?userId=69f1d2bc2c76f5ab4ec82161&role=vendor
2026-04-29T10:00:36.343Z - 📡 [TRAFFIC] 3:30:36 pm | GET /api/orders/pool?vendorId=69f1d2bc2c76f5ab4ec82161
2026-04-29T10:06:21.314Z - 🚀 SERVER RESTARTED AT 2026-04-29T10:06:21.311Z ON PORT 5001
2026-04-29T10:06:21.591Z - SOCKET_JOIN - Client kWliRZhCpIF1sitRAAAG -> user_69ec93ce2c76f5ab4ec7cf64
2026-04-29T10:06:21.602Z - SOCKET_JOIN - Client lK3m3XyL87Clwi2bAAAH -> user_69f1d2bc2c76f5ab4ec82160
2026-04-29T10:06:26.230Z - 📡 [TRAFFIC] 3:36:26 pm | GET /api/orders/my?customerId=69f1d2bc2c76f5ab4ec82160
2026-04-29T10:06:26.235Z - [DEBUG] Fetching orders for CustomerID: 69f1d2bc2c76f5ab4ec82160. Detecting phone...
2026-04-29T10:06:26.379Z - [DEBUG] Found phone: 9999999991 for account 69f1d2bc2c76f5ab4ec82160
2026-04-29T10:06:26.474Z - [DEBUG] Cross-account search for 9999999991. Found 1 linked IDs.
2026-04-29T10:06:26.592Z - [DEBUG] Orders found for 9999999991: 0
2026-04-29T10:06:26.603Z - 📡 [TRAFFIC] 3:36:26 pm | GET /api/orders/my?customerId=69f1d2bc2c76f5ab4ec82160
2026-04-29T10:06:26.605Z - [DEBUG] Fetching orders for CustomerID: 69f1d2bc2c76f5ab4ec82160. Detecting phone...
2026-04-29T10:06:26.759Z - [DEBUG] Found phone: 9999999991 for account 69f1d2bc2c76f5ab4ec82160
2026-04-29T10:06:26.877Z - [DEBUG] Cross-account search for 9999999991. Found 1 linked IDs.
2026-04-29T10:06:26.977Z - [DEBUG] Orders found for 9999999991: 0
2026-04-29T10:06:33.107Z - SOCKET_JOIN - Client kVfxJDs-PJ2kuZ_yAAAN -> user_69f1d2bc2c76f5ab4ec82160
2026-04-29T10:06:33.114Z - 📡 [TRAFFIC] 3:36:33 pm | GET /api/orders/my?customerId=69f1d2bc2c76f5ab4ec82160
2026-04-29T10:06:33.115Z - [DEBUG] Fetching orders for CustomerID: 69f1d2bc2c76f5ab4ec82160. Detecting phone...
2026-04-29T10:06:33.173Z - SOCKET_JOIN - Client kVfxJDs-PJ2kuZ_yAAAN -> user_69f1d2bc2c76f5ab4ec82160
2026-04-29T10:06:33.276Z - [DEBUG] Found phone: 9999999991 for account 69f1d2bc2c76f5ab4ec82160
2026-04-29T10:06:33.370Z - [DEBUG] Cross-account search for 9999999991. Found 1 linked IDs.
2026-04-29T10:06:33.498Z - [DEBUG] Orders found for 9999999991: 0
2026-04-29T10:06:33.514Z - 📡 [TRAFFIC] 3:36:33 pm | GET /api/orders/my?customerId=69f1d2bc2c76f5ab4ec82160
2026-04-29T10:06:33.516Z - [DEBUG] Fetching orders for CustomerID: 69f1d2bc2c76f5ab4ec82160. Detecting phone...
2026-04-29T10:06:33.610Z - [DEBUG] Found phone: 9999999991 for account 69f1d2bc2c76f5ab4ec82160
2026-04-29T10:06:33.712Z - [DEBUG] Cross-account search for 9999999991. Found 1 linked IDs.
2026-04-29T10:06:33.851Z - [DEBUG] Orders found for 9999999991: 0
